latitude,longitude,bright_ti4,scan,track,acq_date,acq_time,satellite,instrument,confidence,version,bright_ti5,frp,daynight,type,source,waktu_utc,waktu_wib
-6.09819,105.41866,330.41,0.52,0.42,2018-02-14,610,N,VIIRS,l,2,302.2,14.38,D,1,VIIRS_SNPP_SP,2018-02-14 06:10:00,2018-02-14 13:10:00
-6.09949,105.41816,332.18,0.39,0.36,2018-03-01,628,N,VIIRS,l,2,303.74,4.11,D,1,VIIRS_SNPP_SP,2018-03-01 06:28:00,2018-03-01 13:28:00
-6.09615,105.41766,328.91,0.39,0.36,2018-03-01,628,N,VIIRS,l,2,301.33,4.11,D,3,VIIRS_SNPP_SP,2018-03-01 06:28:00,2018-03-01 13:28:00
-6.09562,105.42114,331.67,0.39,0.36,2018-03-01,628,N,VIIRS,l,2,303.03,4.11,D,1,VIIRS_SNPP_SP,2018-03-01 06:28:00,2018-03-01 13:28:00
-6.1008,105.41914,330.93,0.41,0.45,2018-03-16,647,N,VIIRS,l,2,302.67,5.27,D,1,VIIRS_SNPP_SP,2018-03-16 06:47:00,2018-03-16 13:47:00
-6.09667,105.41856,334.01,0.41,0.45,2018-03-16,647,N,VIIRS,n,2,302.97,5.27,D,1,VIIRS_SNPP_SP,2018-03-16 06:47:00,2018-03-16 13:47:00
-6.09609,105.42216,331.83,0.41,0.45,2018-03-16,647,N,VIIRS,l,2,302.15,12.6,D,1,VIIRS_SNPP_SP,2018-03-16 06:47:00,2018-03-16 13:47:00
-6.09887,105.42085,329.27,0.52,0.42,2018-04-19,610,N,VIIRS,l,2,302.15,6.3,D,1,VIIRS_SNPP_SP,2018-04-19 06:10:00,2018-04-19 13:10:00
-6.09505,105.4202,329.72,0.52,0.42,2018-04-19,610,N,VIIRS,l,2,301.23,6.3,D,1,VIIRS_SNPP_SP,2018-04-19 06:10:00,2018-04-19 13:10:00
-6.09748,105.41964,327.82,0.33,0.56,2018-04-19,700,N20,VIIRS,n,2,293.79,4.02,D,1,VIIRS_NOAA20_SP,2018-04-19 07:00:00,2018-04-19 14:00:00
-6.09696,105.42265,326.49,0.33,0.56,2018-04-19,700,N20,VIIRS,n,2,293.61,4.02,D,1,VIIRS_NOAA20_SP,2018-04-19 07:00:00,2018-04-19 14:00:00
-6.10256,105.42465,332.09,0.4,0.45,2018-06-20,648,N,VIIRS,n,2,301.06,11.1,D,1,VIIRS_SNPP_SP,2018-06-20 06:48:00,2018-06-20 13:48:00
-6.10836,105.42252,331.71,0.57,0.52,2018-06-20,557,N20,VIIRS,n,2,296.3,9.43,D,1,VIIRS_NOAA20_SP,2018-06-20 05:57:00,2018-06-20 12:57:00
-6.10355,105.4223,348.02,0.57,0.52,2018-06-20,557,N20,VIIRS,n,2,300.03,9.43,D,1,VIIRS_NOAA20_SP,2018-06-20 05:57:00,2018-06-20 12:57:00
-6.1049,105.42523,346.14,0.33,0.55,2018-06-30,700,N,VIIRS,n,2,302.31,18.52,D,1,VIIRS_SNPP_SP,2018-06-30 07:00:00,2018-06-30 14:00:00
-6.10437,105.42834,353.31,0.33,0.55,2018-06-30,700,N,VIIRS,n,2,292.83,16.05,D,1,VIIRS_SNPP_SP,2018-06-30 07:00:00,2018-06-30 14:00:00
-6.09978,105.42453,367.0,0.33,0.55,2018-06-30,700,N,VIIRS,h,2,294.9,18.52,D,1,VIIRS_SNPP_SP,2018-06-30 07:00:00,2018-06-30 14:00:00
-6.09924,105.42767,334.28,0.33,0.55,2018-06-30,700,N,VIIRS,n,2,292.89,16.05,D,1,VIIRS_SNPP_SP,2018-06-30 07:00:00,2018-06-30 14:00:00
-6.10471,105.423,342.46,0.49,0.4,2018-07-01,641,N,VIIRS,n,2,295.65,11.79,D,1,VIIRS_SNPP_SP,2018-07-01 06:41:00,2018-07-01 13:41:00
-6.10098,105.42241,339.23,0.49,0.4,2018-07-01,641,N,VIIRS,n,2,291.13,12.15,D,1,VIIRS_SNPP_SP,2018-07-01 06:41:00,2018-07-01 13:41:00
-6.10801,105.42294,305.48,0.34,0.56,2018-07-01,1745,N,VIIRS,n,2,282.29,2.14,N,1,VIIRS_SNPP_SP,2018-07-01 17:45:00,2018-07-02 00:45:00
-6.10746,105.41985,318.54,0.34,0.56,2018-07-01,1745,N,VIIRS,n,2,282.85,6.15,N,1,VIIRS_SNPP_SP,2018-07-01 17:45:00,2018-07-02 00:45:00
-6.10689,105.41657,302.8,0.34,0.56,2018-07-01,1745,N,VIIRS,n,2,282.24,6.15,N,3,VIIRS_SNPP_SP,2018-07-01 17:45:00,2018-07-02 00:45:00
-6.10288,105.42404,310.56,0.34,0.56,2018-07-01,1745,N,VIIRS,n,2,282.7,2.14,N,1,VIIRS_SNPP_SP,2018-07-01 17:45:00,2018-07-02 00:45:00
-6.10235,105.42101,355.66,0.34,0.56,2018-07-01,1745,N,VIIRS,n,2,288.07,6.15,N,1,VIIRS_SNPP_SP,2018-07-01 17:45:00,2018-07-02 00:45:00
-6.10176,105.41769,367.0,0.34,0.56,2018-07-01,1745,N,VIIRS,h,2,285.81,6.15,N,1,VIIRS_SNPP_SP,2018-07-01 17:45:00,2018-07-02 00:45:00
-6.10112,105.41401,306.31,0.34,0.56,2018-07-01,1745,N,VIIRS,n,2,282.58,6.05,N,1,VIIRS_SNPP_SP,2018-07-01 17:45:00,2018-07-02 00:45:00
-6.10559,105.41961,329.9,0.7,0.75,2018-07-02,1726,N,VIIRS,n,2,291.35,9.13,N,1,VIIRS_SNPP_SP,2018-07-02 17:26:00,2018-07-03 00:26:00
-6.10418,105.41191,331.9,0.7,0.75,2018-07-02,1726,N,VIIRS,n,2,290.88,12.15,N,3,VIIRS_SNPP_SP,2018-07-02 17:26:00,2018-07-03 00:26:00
-6.10504,105.42255,350.18,0.44,0.46,2018-07-03,604,N,VIIRS,n,2,307.01,14.35,D,1,VIIRS_SNPP_SP,2018-07-03 06:04:00,2018-07-03 13:04:00
-6.10076,105.42189,345.22,0.44,0.46,2018-07-03,604,N,VIIRS,n,2,303.03,14.35,D,1,VIIRS_SNPP_SP,2018-07-03 06:04:00,2018-07-03 13:04:00
-6.10547,105.42337,312.24,0.54,0.51,2018-07-03,1848,N,VIIRS,n,2,291.41,6.21,N,1,VIIRS_SNPP_SP,2018-07-03 18:48:00,2018-07-04 01:48:00
-6.10313,105.4187,325.93,0.46,0.64,2018-07-04,545,N,VIIRS,n,2,282.58,6.06,D,1,VIIRS_SNPP_SP,2018-07-04 05:45:00,2018-07-04 12:45:00
-6.10754,105.42131,334.2,0.53,0.42,2018-06-30,609,N20,VIIRS,n,2,298.77,8.66,D,1,VIIRS_NOAA20_SP,2018-06-30 06:09:00,2018-06-30 13:09:00
-6.10084,105.42606,367.0,0.36,0.57,2018-06-30,1853,N20,VIIRS,h,2,277.98,6.65,N,1,VIIRS_NOAA20_SP,2018-06-30 18:53:00,2018-07-01 01:53:00
-6.10771,105.42304,356.15,0.36,0.58,2018-07-01,550,N20,VIIRS,l,2,282.97,10.91,D,1,VIIRS_NOAA20_SP,2018-07-01 05:50:00,2018-07-01 12:50:00
-6.1076,105.41972,334.24,0.36,0.58,2018-07-01,550,N20,VIIRS,n,2,279.87,8.02,D,1,VIIRS_NOAA20_SP,2018-07-01 05:50:00,2018-07-01 12:50:00
-6.10716,105.42303,356.54,0.36,0.58,2018-07-01,550,N20,VIIRS,l,2,283.39,13.1,D,1,VIIRS_NOAA20_SP,2018-07-01 05:50:00,2018-07-01 12:50:00
-6.10285,105.4193,354.21,0.36,0.58,2018-07-01,550,N20,VIIRS,n,2,287.93,18.04,D,1,VIIRS_NOAA20_SP,2018-07-01 05:50:00,2018-07-01 12:50:00
-6.10238,105.4226,345.87,0.36,0.58,2018-07-01,550,N20,VIIRS,n,2,284.23,16.41,D,1,VIIRS_NOAA20_SP,2018-07-01 05:50:00,2018-07-01 12:50:00
-6.10228,105.41924,356.46,0.36,0.58,2018-07-01,550,N20,VIIRS,n,2,284.54,14.77,D,1,VIIRS_NOAA20_SP,2018-07-01 05:50:00,2018-07-01 12:50:00
-6.10184,105.42255,348.91,0.36,0.58,2018-07-01,550,N20,VIIRS,n,2,283.25,15.35,D,1,VIIRS_NOAA20_SP,2018-07-01 05:50:00,2018-07-01 12:50:00
-6.10479,105.42356,344.1,0.39,0.36,2018-07-02,1816,N20,VIIRS,n,2,291.6,8.81,N,1,VIIRS_NOAA20_SP,2018-07-02 18:16:00,2018-07-03 01:16:00
-6.10423,105.42008,307.16,0.39,0.36,2018-07-02,1816,N20,VIIRS,n,2,283.88,2.78,N,1,VIIRS_NOAA20_SP,2018-07-02 18:16:00,2018-07-03 01:16:00
-6.10147,105.42408,338.38,0.39,0.36,2018-07-02,1816,N20,VIIRS,n,2,291.78,5.13,N,1,VIIRS_NOAA20_SP,2018-07-02 18:16:00,2018-07-03 01:16:00
-6.10092,105.42061,305.57,0.39,0.36,2018-07-02,1816,N20,VIIRS,n,2,286.58,1.64,N,1,VIIRS_NOAA20_SP,2018-07-02 18:16:00,2018-07-03 01:16:00
-6.10612,105.42232,308.36,0.41,0.45,2018-07-03,1757,N20,VIIRS,n,2,286.87,2.73,N,1,VIIRS_NOAA20_SP,2018-07-03 17:57:00,2018-07-04 00:57:00
-6.10374,105.42281,335.16,0.42,0.45,2018-07-03,1757,N20,VIIRS,n,2,293.72,4.35,N,1,VIIRS_NOAA20_SP,2018-07-03 17:57:00,2018-07-04 00:57:00
-6.10311,105.41902,322.7,0.42,0.45,2018-07-03,1757,N20,VIIRS,n,2,290.29,4.35,N,1,VIIRS_NOAA20_SP,2018-07-03 17:57:00,2018-07-04 00:57:00
-6.10202,105.42314,333.94,0.41,0.45,2018-07-03,1757,N20,VIIRS,n,2,293.06,2.73,N,1,VIIRS_NOAA20_SP,2018-07-03 17:57:00,2018-07-04 00:57:00
-6.10137,105.41936,317.95,0.42,0.45,2018-07-03,1757,N20,VIIRS,n,2,290.04,2.73,N,1,VIIRS_NOAA20_SP,2018-07-03 17:57:00,2018-07-04 00:57:00
-6.10286,105.42504,352.97,0.42,0.61,2018-07-05,706,N,VIIRS,n,2,294.4,11.52,D,1,VIIRS_SNPP_SP,2018-07-05 07:06:00,2018-07-05 14:06:00
-6.10659,105.42314,308.65,0.43,0.38,2018-07-05,1810,N,VIIRS,n,2,295.04,2.23,N,1,VIIRS_SNPP_SP,2018-07-05 18:10:00,2018-07-06 01:10:00
-6.10311,105.42374,329.97,0.43,0.38,2018-07-05,1810,N,VIIRS,n,2,299.8,5.15,N,1,VIIRS_SNPP_SP,2018-07-05 18:10:00,2018-07-06 01:10:00
-6.10249,105.4199,330.59,0.43,0.38,2018-07-05,1810,N,VIIRS,n,2,298.35,5.15,N,1,VIIRS_SNPP_SP,2018-07-05 18:10:00,2018-07-06 01:10:00
-6.10574,105.42442,308.98,0.53,0.5,2018-07-06,1751,N,VIIRS,n,2,293.17,3.47,N,1,VIIRS_SNPP_SP,2018-07-06 17:51:00,2018-07-07 00:51:00
-6.10492,105.41964,339.35,0.53,0.5,2018-07-06,1751,N,VIIRS,n,2,296.82,6.06,N,1,VIIRS_SNPP_SP,2018-07-06 17:51:00,2018-07-07 00:51:00
-6.10027,105.42036,325.23,0.53,0.5,2018-07-06,1751,N,VIIRS,n,2,295.88,6.06,N,1,VIIRS_SNPP_SP,2018-07-06 17:51:00,2018-07-07 00:51:00
-6.10732,105.42331,333.03,0.39,0.36,2018-07-07,629,N,VIIRS,l,2,303.13,6.18,D,1,VIIRS_SNPP_SP,2018-07-07 06:29:00,2018-07-07 13:29:00
-6.10399,105.42279,347.81,0.39,0.36,2018-07-07,629,N,VIIRS,n,2,298.03,6.18,D,1,VIIRS_SNPP_SP,2018-07-07 06:29:00,2018-07-07 13:29:00
-6.10066,105.42228,333.99,0.39,0.36,2018-07-07,629,N,VIIRS,n,2,301.87,10.22,D,1,VIIRS_SNPP_SP,2018-07-07 06:29:00,2018-07-07 13:29:00
-6.10027,105.41687,348.75,0.55,0.68,2018-07-07,1732,N,VIIRS,n,2,293.5,10.42,N,1,VIIRS_SNPP_SP,2018-07-07 17:32:00,2018-07-08 00:32:00
-6.10531,105.41908,367.0,0.36,0.57,2018-07-09,551,N,VIIRS,h,2,295.42,8.1,D,1,VIIRS_SNPP_SP,2018-07-09 05:51:00,2018-07-09 12:51:00
-6.10481,105.42268,352.29,0.36,0.57,2018-07-09,551,N,VIIRS,n,2,295.38,8.1,D,1,VIIRS_SNPP_SP,2018-07-09 05:51:00,2018-07-09 12:51:00
-6.10006,105.41776,326.96,0.36,0.57,2018-07-09,551,N,VIIRS,n,2,292.39,8.1,D,1,VIIRS_SNPP_SP,2018-07-09 05:51:00,2018-07-09 12:51:00
-6.10748,105.42405,313.98,0.51,0.41,2018-07-09,1835,N,VIIRS,n,2,291.75,2.47,N,1,VIIRS_SNPP_SP,2018-07-09 18:35:00,2018-07-10 01:35:00
-6.10678,105.41942,304.5,0.51,0.41,2018-07-09,1835,N,VIIRS,n,2,291.66,2.47,N,1,VIIRS_SNPP_SP,2018-07-09 18:35:00,2018-07-10 01:35:00
-6.10366,105.42451,317.99,0.51,0.41,2018-07-09,1835,N,VIIRS,n,2,293.09,2.47,N,1,VIIRS_SNPP_SP,2018-07-09 18:35:00,2018-07-10 01:35:00
-6.10483,105.42233,340.13,0.44,0.38,2018-07-05,616,N20,VIIRS,n,2,297.62,8.01,D,1,VIIRS_NOAA20_SP,2018-07-05 06:16:00,2018-07-05 13:16:00
-6.10222,105.42081,338.07,0.56,0.52,2018-07-06,557,N20,VIIRS,l,2,311.27,16.62,D,1,VIIRS_NOAA20_SP,2018-07-06 05:57:00,2018-07-06 12:57:00
-6.10478,105.42456,337.09,0.43,0.46,2018-07-06,1841,N20,VIIRS,n,2,298.8,6.54,N,1,VIIRS_NOAA20_SP,2018-07-06 18:41:00,2018-07-07 01:41:00
-6.1043,105.42377,339.95,0.43,0.46,2018-07-06,1841,N20,VIIRS,n,2,300.72,7.06,N,1,VIIRS_NOAA20_SP,2018-07-06 18:41:00,2018-07-07 01:41:00
-6.10059,105.42529,312.37,0.43,0.46,2018-07-06,1841,N20,VIIRS,n,2,296.58,1.79,N,1,VIIRS_NOAA20_SP,2018-07-06 18:41:00,2018-07-07 01:41:00
-6.10473,105.42577,311.72,0.39,0.36,2018-07-07,1822,N20,VIIRS,n,2,295.62,2.81,N,1,VIIRS_NOAA20_SP,2018-07-07 18:22:00,2018-07-08 01:22:00
-6.10419,105.42224,336.96,0.39,0.36,2018-07-07,1822,N20,VIIRS,n,2,303.31,3.39,N,1,VIIRS_NOAA20_SP,2018-07-07 18:22:00,2018-07-08 01:22:00
-6.10086,105.42278,319.36,0.39,0.36,2018-07-07,1822,N20,VIIRS,n,2,299.29,3.39,N,1,VIIRS_NOAA20_SP,2018-07-07 18:22:00,2018-07-08 01:22:00
-6.10307,105.42191,335.74,0.5,0.41,2018-07-08,1803,N20,VIIRS,n,2,299.97,15.9,N,1,VIIRS_NOAA20_SP,2018-07-08 18:03:00,2018-07-09 01:03:00
-6.102,105.4235,311.55,0.34,0.56,2018-07-09,1744,N20,VIIRS,n,2,291.09,4.63,N,1,VIIRS_NOAA20_SP,2018-07-09 17:44:00,2018-07-10 00:44:00
-6.10146,105.42043,367.0,0.34,0.56,2018-07-09,1744,N20,VIIRS,h,2,296.62,5.37,N,1,VIIRS_NOAA20_SP,2018-07-09 17:44:00,2018-07-10 00:44:00
-6.1008,105.4166,317.28,0.34,0.56,2018-07-09,1744,N20,VIIRS,n,2,290.8,5.37,N,1,VIIRS_NOAA20_SP,2018-07-09 17:44:00,2018-07-10 00:44:00
-6.10474,105.42491,326.55,0.39,0.36,2018-07-10,1816,N,VIIRS,n,2,291.15,3.96,N,1,VIIRS_SNPP_SP,2018-07-10 18:16:00,2018-07-11 01:16:00
-6.10085,105.42194,332.13,0.39,0.36,2018-07-10,1816,N,VIIRS,n,2,293.47,3.33,N,1,VIIRS_SNPP_SP,2018-07-10 18:16:00,2018-07-11 01:16:00
-6.10462,105.42448,355.24,0.51,0.49,2018-07-11,654,N,VIIRS,n,2,270.64,27.87,D,1,VIIRS_SNPP_SP,2018-07-11 06:54:00,2018-07-11 13:54:00
-6.10003,105.42384,351.36,0.51,0.49,2018-07-11,654,N,VIIRS,n,2,271.19,22.64,D,1,VIIRS_SNPP_SP,2018-07-11 06:54:00,2018-07-11 13:54:00
-6.09921,105.4287,336.22,0.51,0.49,2018-07-11,654,N,VIIRS,n,2,266.52,10.63,D,1,VIIRS_SNPP_SP,2018-07-11 06:54:00,2018-07-11 13:54:00
-6.11002,105.42503,312.96,0.42,0.45,2018-07-11,1757,N,VIIRS,n,2,293.3,4.65,N,3,VIIRS_SNPP_SP,2018-07-11 17:57:00,2018-07-12 00:57:00
-6.10939,105.42127,323.93,0.42,0.45,2018-07-11,1757,N,VIIRS,n,2,293.6,3.27,N,1,VIIRS_SNPP_SP,2018-07-11 17:57:00,2018-07-12 00:57:00
-6.10876,105.4175,312.33,0.42,0.45,2018-07-11,1757,N,VIIRS,n,2,293.7,3.27,N,3,VIIRS_SNPP_SP,2018-07-11 17:57:00,2018-07-12 00:57:00
-6.10808,105.41348,309.3,0.42,0.45,2018-07-11,1757,N,VIIRS,n,2,293.6,2.59,N,3,VIIRS_SNPP_SP,2018-07-11 17:57:00,2018-07-12 00:57:00
-6.10745,105.40969,325.06,0.42,0.45,2018-07-11,1757,N,VIIRS,n,2,290.99,2.59,N,3,VIIRS_SNPP_SP,2018-07-11 17:57:00,2018-07-12 00:57:00
-6.1065,105.42959,308.4,0.42,0.45,2018-07-11,1757,N,VIIRS,n,2,293.35,5.61,N,3,VIIRS_SNPP_SP,2018-07-11 17:57:00,2018-07-12 00:57:00
-6.10588,105.42592,344.51,0.42,0.45,2018-07-11,1757,N,VIIRS,n,2,294.69,5.61,N,1,VIIRS_SNPP_SP,2018-07-11 17:57:00,2018-07-12 00:57:00
-6.10391,105.41419,324.88,0.42,0.45,2018-07-11,1757,N,VIIRS,n,2,293.49,2.24,N,3,VIIRS_SNPP_SP,2018-07-11 17:57:00,2018-07-12 00:57:00
-6.10327,105.4104,329.93,0.42,0.45,2018-07-11,1757,N,VIIRS,n,2,291.46,2.24,N,3,VIIRS_SNPP_SP,2018-07-11 17:57:00,2018-07-12 00:57:00
-6.10263,105.40659,308.81,0.42,0.45,2018-07-11,1757,N,VIIRS,n,2,290.28,3.12,N,3,VIIRS_SNPP_SP,2018-07-11 17:57:00,2018-07-12 00:57:00
-6.10235,105.43034,307.36,0.42,0.45,2018-07-11,1757,N,VIIRS,n,2,292.5,5.61,N,1,VIIRS_SNPP_SP,2018-07-11 17:57:00,2018-07-12 00:57:00
-6.10172,105.42665,323.57,0.42,0.45,2018-07-11,1757,N,VIIRS,n,2,291.84,5.61,N,1,VIIRS_SNPP_SP,2018-07-11 17:57:00,2018-07-12 00:57:00
-6.09974,105.4149,312.27,0.42,0.45,2018-07-11,1757,N,VIIRS,n,2,293.41,2.24,N,3,VIIRS_SNPP_SP,2018-07-11 17:57:00,2018-07-12 00:57:00
-6.0991,105.4111,306.5,0.42,0.45,2018-07-11,1757,N,VIIRS,n,2,293.36,2.24,N,3,VIIRS_SNPP_SP,2018-07-11 17:57:00,2018-07-12 00:57:00
-6.09691,105.42352,313.67,0.42,0.45,2018-07-11,1757,N,VIIRS,n,2,291.9,2.92,N,1,VIIRS_SNPP_SP,2018-07-11 17:57:00,2018-07-12 00:57:00
-6.10886,105.42394,350.33,0.42,0.38,2018-07-12,635,N,VIIRS,n,2,303.5,15.63,D,1,VIIRS_SNPP_SP,2018-07-12 06:35:00,2018-07-12 13:35:00
-6.10599,105.41954,341.0,0.42,0.37,2018-07-12,635,N,VIIRS,n,2,293.86,4.61,D,1,VIIRS_SNPP_SP,2018-07-12 06:35:00,2018-07-12 13:35:00
-6.10253,105.419,333.21,0.42,0.37,2018-07-12,635,N,VIIRS,n,2,294.03,4.61,D,1,VIIRS_SNPP_SP,2018-07-12 06:35:00,2018-07-12 13:35:00
-6.09907,105.4185,328.97,0.42,0.37,2018-07-12,635,N,VIIRS,l,2,302.75,6.01,D,1,VIIRS_SNPP_SP,2018-07-12 06:35:00,2018-07-12 13:35:00
-6.11987,105.40736,297.69,0.44,0.62,2018-07-12,1739,N,VIIRS,n,2,272.35,1.42,N,3,VIIRS_SNPP_SP,2018-07-12 17:39:00,2018-07-13 00:39:00
-6.11916,105.40337,298.37,0.44,0.62,2018-07-12,1739,N,VIIRS,n,2,270.62,1.2,N,3,VIIRS_SNPP_SP,2018-07-12 17:39:00,2018-07-13 00:39:00
-6.11554,105.4164,300.8,0.43,0.62,2018-07-12,1739,N,VIIRS,n,2,274.26,3.59,N,3,VIIRS_SNPP_SP,2018-07-12 17:39:00,2018-07-13 00:39:00
-6.11484,105.41241,304.23,0.43,0.62,2018-07-12,1739,N,VIIRS,n,2,272.64,1.42,N,3,VIIRS_SNPP_SP,2018-07-12 17:39:00,2018-07-13 00:39:00
-6.11413,105.40842,308.01,0.44,0.62,2018-07-12,1739,N,VIIRS,n,2,273.59,1.42,N,3,VIIRS_SNPP_SP,2018-07-12 17:39:00,2018-07-13 00:39:00
-6.11342,105.40442,304.94,0.44,0.62,2018-07-12,1739,N,VIIRS,n,2,271.08,1.2,N,3,VIIRS_SNPP_SP,2018-07-12 17:39:00,2018-07-13 00:39:00
-6.11271,105.40042,298.96,0.44,0.62,2018-07-12,1739,N,VIIRS,n,2,269.17,1.2,N,3,VIIRS_SNPP_SP,2018-07-12 17:39:00,2018-07-13 00:39:00
-6.11193,105.42939,302.56,0.43,0.62,2018-07-12,1739,N,VIIRS,n,2,274.28,2.77,N,3,VIIRS_SNPP_SP,2018-07-12 17:39:00,2018-07-13 00:39:00
-6.11122,105.42541,310.12,0.43,0.62,2018-07-12,1739,N,VIIRS,n,2,275.78,2.77,N,3,VIIRS_SNPP_SP,2018-07-12 17:39:00,2018-07-13 00:39:00
-6.10628,105.43089,307.85,0.43,0.62,2018-07-12,1739,N,VIIRS,n,2,271.12,2.77,N,3,VIIRS_SNPP_SP,2018-07-12 17:39:00,2018-07-13 00:39:00
-6.10625,105.39747,312.19,0.44,0.62,2018-07-12,1739,N,VIIRS,n,2,273.38,1.9,N,3,VIIRS_SNPP_SP,2018-07-12 17:39:00,2018-07-13 00:39:00
-6.1056,105.4271,317.19,0.43,0.62,2018-07-12,1739,N,VIIRS,n,2,272.68,2.77,N,1,VIIRS_SNPP_SP,2018-07-12 17:39:00,2018-07-13 00:39:00
-6.10554,105.39346,301.95,0.44,0.62,2018-07-12,1739,N,VIIRS,n,2,273.99,1.9,N,3,VIIRS_SNPP_SP,2018-07-12 17:39:00,2018-07-13 00:39:00
-6.10052,105.43183,303.25,0.43,0.62,2018-07-12,1739,N,VIIRS,n,2,274.58,2.14,N,3,VIIRS_SNPP_SP,2018-07-12 17:39:00,2018-07-13 00:39:00
-6.10051,105.39853,314.09,0.44,0.62,2018-07-12,1739,N,VIIRS,n,2,276.12,1.9,N,3,VIIRS_SNPP_SP,2018-07-12 17:39:00,2018-07-13 00:39:00
-6.09986,105.42812,309.37,0.43,0.62,2018-07-12,1739,N,VIIRS,n,2,274.87,2.14,N,1,VIIRS_SNPP_SP,2018-07-12 17:39:00,2018-07-13 00:39:00
-6.09981,105.39459,311.81,0.44,0.62,2018-07-12,1739,N,VIIRS,n,2,273.76,1.9,N,3,VIIRS_SNPP_SP,2018-07-12 17:39:00,2018-07-13 00:39:00
-6.09918,105.42431,315.83,0.43,0.62,2018-07-12,1739,N,VIIRS,n,2,274.98,2.54,N,1,VIIRS_SNPP_SP,2018-07-12 17:39:00,2018-07-13 00:39:00
-6.09847,105.42034,323.6,0.43,0.62,2018-07-12,1739,N,VIIRS,n,2,275.1,2.54,N,1,VIIRS_SNPP_SP,2018-07-12 17:39:00,2018-07-13 00:39:00
-6.09762,105.41557,321.47,0.43,0.62,2018-07-12,1739,N,VIIRS,n,2,274.92,2.25,N,3,VIIRS_SNPP_SP,2018-07-12 17:39:00,2018-07-13 00:39:00
-6.0969,105.41156,323.11,0.44,0.62,2018-07-12,1739,N,VIIRS,n,2,275.94,2.25,N,3,VIIRS_SNPP_SP,2018-07-12 17:39:00,2018-07-13 00:39:00
-6.09619,105.40756,319.97,0.44,0.62,2018-07-12,1739,N,VIIRS,n,2,276.22,2.09,N,3,VIIRS_SNPP_SP,2018-07-12 17:39:00,2018-07-13 00:39:00
-6.09547,105.40356,319.24,0.44,0.62,2018-07-12,1739,N,VIIRS,n,2,276.39,2.09,N,3,VIIRS_SNPP_SP,2018-07-12 17:39:00,2018-07-13 00:39:00
-6.09478,105.3997,313.83,0.44,0.62,2018-07-12,1739,N,VIIRS,n,2,275.09,2.55,N,3,VIIRS_SNPP_SP,2018-07-12 17:39:00,2018-07-13 00:39:00
-6.09408,105.39574,304.64,0.44,0.62,2018-07-12,1739,N,VIIRS,n,2,273.67,2.55,N,3,VIIRS_SNPP_SP,2018-07-12 17:39:00,2018-07-13 00:39:00
-6.09267,105.42105,300.92,0.43,0.62,2018-07-12,1739,N,VIIRS,n,2,275.38,2.54,N,3,VIIRS_SNPP_SP,2018-07-12 17:39:00,2018-07-13 00:39:00
-6.09188,105.41662,300.62,0.43,0.62,2018-07-12,1739,N,VIIRS,n,2,275.44,2.25,N,3,VIIRS_SNPP_SP,2018-07-12 17:39:00,2018-07-13 00:39:00
-6.09116,105.41261,302.0,0.44,0.62,2018-07-12,1739,N,VIIRS,n,2,275.91,2.25,N,3,VIIRS_SNPP_SP,2018-07-12 17:39:00,2018-07-13 00:39:00
-6.09044,105.40861,302.01,0.44,0.62,2018-07-12,1739,N,VIIRS,n,2,276.26,2.09,N,3,VIIRS_SNPP_SP,2018-07-12 17:39:00,2018-07-13 00:39:00
-6.08973,105.40461,303.96,0.44,0.62,2018-07-12,1739,N,VIIRS,n,2,277.03,2.09,N,3,VIIRS_SNPP_SP,2018-07-12 17:39:00,2018-07-13 00:39:00
-6.10876,105.42503,352.19,0.44,0.38,2018-07-13,616,N,VIIRS,n,2,314.04,18.42,D,1,VIIRS_SNPP_SP,2018-07-13 06:16:00,2018-07-13 13:16:00
-6.10991,105.42313,353.93,0.44,0.63,2018-07-13,1900,N,VIIRS,n,2,295.47,10.65,N,1,VIIRS_SNPP_SP,2018-07-13 19:00:00,2018-07-14 02:00:00
-6.10935,105.41908,312.29,0.44,0.63,2018-07-13,1900,N,VIIRS,n,2,291.4,8.33,N,3,VIIRS_SNPP_SP,2018-07-13 19:00:00,2018-07-14 02:00:00
-6.10522,105.43214,313.93,0.45,0.63,2018-07-13,1900,N,VIIRS,n,2,291.31,4.24,N,3,VIIRS_SNPP_SP,2018-07-13 19:00:00,2018-07-14 02:00:00
-6.10346,105.41934,330.75,0.44,0.63,2018-07-13,1900,N,VIIRS,n,2,291.47,38.72,N,1,VIIRS_SNPP_SP,2018-07-13 19:00:00,2018-07-14 02:00:00
-6.10273,105.41486,337.04,0.56,0.52,2018-07-14,557,N,VIIRS,n,2,291.23,19.97,D,1,VIIRS_SNPP_SP,2018-07-14 05:57:00,2018-07-14 12:57:00
-6.10995,105.42793,302.99,0.42,0.46,2018-07-14,1841,N,VIIRS,n,2,282.74,2.25,N,3,VIIRS_SNPP_SP,2018-07-14 18:41:00,2018-07-15 01:41:00
-6.10936,105.42386,328.99,0.42,0.46,2018-07-14,1841,N,VIIRS,n,2,286.9,2.25,N,1,VIIRS_SNPP_SP,2018-07-14 18:41:00,2018-07-15 01:41:00
-6.10881,105.42001,306.29,0.42,0.46,2018-07-14,1841,N,VIIRS,n,2,282.8,2.42,N,1,VIIRS_SNPP_SP,2018-07-14 18:41:00,2018-07-15 01:41:00
-6.10456,105.4203,336.83,0.42,0.46,2018-07-14,1841,N,VIIRS,n,2,286.81,10.83,N,1,VIIRS_SNPP_SP,2018-07-14 18:41:00,2018-07-15 01:41:00
-6.10404,105.41671,304.3,0.42,0.45,2018-07-14,1841,N,VIIRS,n,2,284.55,10.83,N,1,VIIRS_SNPP_SP,2018-07-14 18:41:00,2018-07-15 01:41:00
-6.10095,105.42785,315.33,0.42,0.46,2018-07-14,1841,N,VIIRS,n,2,285.56,11.12,N,1,VIIRS_SNPP_SP,2018-07-14 18:41:00,2018-07-15 01:41:00
-6.10036,105.42097,322.42,0.42,0.46,2018-07-14,1841,N,VIIRS,n,2,287.39,10.83,N,1,VIIRS_SNPP_SP,2018-07-14 18:41:00,2018-07-15 01:41:00
-6.10036,105.4239,352.97,0.42,0.45,2018-07-14,1841,N,VIIRS,n,2,293.51,11.12,N,1,VIIRS_SNPP_SP,2018-07-14 18:41:00,2018-07-15 01:41:00
-6.09977,105.42001,313.83,0.42,0.45,2018-07-14,1841,N,VIIRS,n,2,285.56,2.87,N,1,VIIRS_SNPP_SP,2018-07-14 18:41:00,2018-07-15 01:41:00
-6.1047,105.42332,339.14,0.39,0.36,2018-07-10,622,N20,VIIRS,n,2,286.8,7.18,D,1,VIIRS_NOAA20_SP,2018-07-10 06:22:00,2018-07-10 13:22:00
-6.1066,105.42692,308.94,0.59,0.7,2018-07-10,1906,N20,VIIRS,n,2,285.58,7.18,N,1,VIIRS_NOAA20_SP,2018-07-10 19:06:00,2018-07-11 02:06:00
-6.10585,105.42133,311.81,0.59,0.7,2018-07-10,1906,N20,VIIRS,n,2,285.28,4.75,N,1,VIIRS_NOAA20_SP,2018-07-10 19:06:00,2018-07-11 02:06:00
-6.10554,105.42553,339.08,0.59,0.7,2018-07-10,1906,N20,VIIRS,n,2,287.23,4.97,N,1,VIIRS_NOAA20_SP,2018-07-10 19:06:00,2018-07-11 02:06:00
-6.10475,105.41991,310.42,0.59,0.7,2018-07-10,1906,N20,VIIRS,n,2,286.28,4.97,N,1,VIIRS_NOAA20_SP,2018-07-10 19:06:00,2018-07-11 02:06:00
-6.10018,105.42791,344.01,0.59,0.7,2018-07-10,1906,N20,VIIRS,n,2,288.64,7.18,N,1,VIIRS_NOAA20_SP,2018-07-10 19:06:00,2018-07-11 02:06:00
-6.09941,105.4222,303.01,0.59,0.7,2018-07-10,1906,N20,VIIRS,n,2,287.1,4.75,N,1,VIIRS_NOAA20_SP,2018-07-10 19:06:00,2018-07-11 02:06:00
-6.09912,105.42649,323.9,0.59,0.7,2018-07-10,1906,N20,VIIRS,n,2,287.68,4.97,N,1,VIIRS_NOAA20_SP,2018-07-10 19:06:00,2018-07-11 02:06:00
-6.10432,105.42605,332.7,0.44,0.46,2018-07-11,603,N20,VIIRS,n,2,281.2,11.52,D,1,VIIRS_NOAA20_SP,2018-07-11 06:03:00,2018-07-11 13:03:00
-6.10131,105.41841,336.24,0.44,0.46,2018-07-11,603,N20,VIIRS,n,2,287.14,7.18,D,1,VIIRS_NOAA20_SP,2018-07-11 06:03:00,2018-07-11 13:03:00
-6.10072,105.42248,338.64,0.44,0.46,2018-07-11,603,N20,VIIRS,n,2,288.84,7.18,D,1,VIIRS_NOAA20_SP,2018-07-11 06:03:00,2018-07-11 13:03:00
-6.11214,105.44351,304.14,0.56,0.51,2018-07-11,1847,N20,VIIRS,n,2,286.97,1.96,N,3,VIIRS_NOAA20_SP,2018-07-11 18:47:00,2018-07-12 01:47:00
-6.10743,105.44418,308.99,0.56,0.51,2018-07-11,1847,N20,VIIRS,n,2,288.96,1.96,N,3,VIIRS_NOAA20_SP,2018-07-11 18:47:00,2018-07-12 01:47:00
-6.1067,105.4392,324.87,0.55,0.51,2018-07-11,1847,N20,VIIRS,n,2,288.29,1.96,N,3,VIIRS_NOAA20_SP,2018-07-11 18:47:00,2018-07-12 01:47:00
-6.10608,105.42163,315.0,0.55,0.51,2018-07-11,1847,N20,VIIRS,n,2,288.46,3.66,N,1,VIIRS_NOAA20_SP,2018-07-11 18:47:00,2018-07-12 01:47:00
-6.1044,105.42355,336.0,0.55,0.51,2018-07-11,1847,N20,VIIRS,n,2,292.36,4.88,N,1,VIIRS_NOAA20_SP,2018-07-11 18:47:00,2018-07-12 01:47:00
-6.10369,105.4187,312.98,0.55,0.51,2018-07-11,1847,N20,VIIRS,n,2,290.56,4.88,N,1,VIIRS_NOAA20_SP,2018-07-11 18:47:00,2018-07-12 01:47:00
-6.10273,105.44485,308.18,0.56,0.51,2018-07-11,1847,N20,VIIRS,n,2,288.35,3.49,N,3,VIIRS_NOAA20_SP,2018-07-11 18:47:00,2018-07-12 01:47:00
-6.102,105.43987,326.22,0.55,0.51,2018-07-11,1847,N20,VIIRS,n,2,288.86,3.49,N,3,VIIRS_NOAA20_SP,2018-07-11 18:47:00,2018-07-12 01:47:00
-6.10127,105.43488,316.51,0.55,0.51,2018-07-11,1847,N20,VIIRS,n,2,289.84,5.24,N,1,VIIRS_NOAA20_SP,2018-07-11 18:47:00,2018-07-12 01:47:00
-6.11113,105.42394,338.63,0.47,0.64,2018-07-12,544,N20,VIIRS,n,2,279.23,8.86,D,1,VIIRS_NOAA20_SP,2018-07-12 05:44:00,2018-07-12 12:44:00
-6.10698,105.41048,332.2,0.47,0.64,2018-07-12,544,N20,VIIRS,n,2,273.22,25.53,D,1,VIIRS_NOAA20_SP,2018-07-12 05:44:00,2018-07-12 12:44:00
-6.10641,105.41472,356.39,0.47,0.64,2018-07-12,544,N20,VIIRS,l,2,274.57,25.53,D,1,VIIRS_NOAA20_SP,2018-07-12 05:44:00,2018-07-12 12:44:00
-6.1046,105.42809,335.16,0.47,0.64,2018-07-12,544,N20,VIIRS,n,2,279.1,19.03,D,1,VIIRS_NOAA20_SP,2018-07-12 05:44:00,2018-07-12 12:44:00
-6.11125,105.43004,313.39,0.43,0.38,2018-07-12,1828,N20,VIIRS,n,2,289.37,2.79,N,1,VIIRS_NOAA20_SP,2018-07-12 18:28:00,2018-07-13 01:28:00
-6.10943,105.41828,313.3,0.43,0.38,2018-07-12,1828,N20,VIIRS,n,2,287.81,1.43,N,1,VIIRS_NOAA20_SP,2018-07-12 18:28:00,2018-07-13 01:28:00
-6.10884,105.41444,307.24,0.43,0.38,2018-07-12,1828,N20,VIIRS,n,2,286.44,1.43,N,1,VIIRS_NOAA20_SP,2018-07-12 18:28:00,2018-07-13 01:28:00
-6.10775,105.43056,323.33,0.43,0.38,2018-07-12,1828,N20,VIIRS,n,2,288.54,2.79,N,1,VIIRS_NOAA20_SP,2018-07-12 18:28:00,2018-07-13 01:28:00
-6.10591,105.41867,325.94,0.43,0.38,2018-07-12,1828,N20,VIIRS,n,2,285.7,1.43,N,1,VIIRS_NOAA20_SP,2018-07-12 18:28:00,2018-07-13 01:28:00
-6.10534,105.41498,312.81,0.43,0.38,2018-07-12,1828,N20,VIIRS,n,2,283.54,1.43,N,1,VIIRS_NOAA20_SP,2018-07-12 18:28:00,2018-07-13 01:28:00
-6.10361,105.427,325.16,0.43,0.38,2018-07-12,1828,N20,VIIRS,n,2,281.61,1.17,N,1,VIIRS_NOAA20_SP,2018-07-12 18:28:00,2018-07-13 01:28:00
-6.10301,105.42307,320.79,0.43,0.38,2018-07-12,1828,N20,VIIRS,n,2,281.86,1.17,N,1,VIIRS_NOAA20_SP,2018-07-12 18:28:00,2018-07-13 01:28:00
-6.11029,105.42684,354.36,0.43,0.62,2018-07-13,706,N20,VIIRS,n,2,298.84,11.55,D,1,VIIRS_NOAA20_SP,2018-07-13 07:06:00,2018-07-13 14:06:00
-6.10905,105.42354,345.41,0.42,0.38,2018-07-13,1810,N20,VIIRS,n,2,300.74,7.71,N,1,VIIRS_NOAA20_SP,2018-07-13 18:10:00,2018-07-14 01:10:00
-6.10799,105.42139,330.57,0.41,0.45,2018-07-14,647,N20,VIIRS,l,2,301.27,15.77,D,1,VIIRS_NOAA20_SP,2018-07-14 06:47:00,2018-07-14 13:47:00
-6.10739,105.42509,351.98,0.41,0.45,2018-07-14,647,N20,VIIRS,n,2,312.75,15.77,D,1,VIIRS_NOAA20_SP,2018-07-14 06:47:00,2018-07-14 13:47:00
-6.10819,105.42456,323.28,0.53,0.5,2018-07-14,1751,N20,VIIRS,n,2,297.55,8.4,N,1,VIIRS_NOAA20_SP,2018-07-14 17:51:00,2018-07-15 00:51:00
-6.09819,105.41959,341.52,0.53,0.5,2018-07-14,1751,N20,VIIRS,n,2,294.49,10.35,N,1,VIIRS_NOAA20_SP,2018-07-14 17:51:00,2018-07-15 00:51:00
-6.10669,105.41393,345.64,0.59,0.7,2018-07-15,538,N,VIIRS,n,2,292.0,19.15,D,3,VIIRS_SNPP_SP,2018-07-15 05:38:00,2018-07-15 12:38:00
-6.10578,105.42068,367.0,0.59,0.7,2018-07-15,538,N,VIIRS,h,2,299.32,45.47,D,1,VIIRS_SNPP_SP,2018-07-15 05:38:00,2018-07-15 12:38:00
-6.10628,105.4201,333.13,0.68,0.74,2018-07-15,719,N,VIIRS,n,2,293.03,16.9,D,1,VIIRS_SNPP_SP,2018-07-15 07:19:00,2018-07-15 14:19:00
-6.10517,105.4262,367.0,0.68,0.74,2018-07-15,719,N,VIIRS,h,2,297.07,16.9,D,1,VIIRS_SNPP_SP,2018-07-15 07:19:00,2018-07-15 14:19:00
-6.09824,105.42535,325.57,0.68,0.74,2018-07-15,719,N,VIIRS,n,2,291.46,16.9,D,1,VIIRS_SNPP_SP,2018-07-15 07:19:00,2018-07-15 14:19:00
-6.10941,105.42606,310.28,0.39,0.36,2018-07-15,1823,N,VIIRS,n,2,296.22,1.88,N,3,VIIRS_SNPP_SP,2018-07-15 18:23:00,2018-07-16 01:23:00
-6.10887,105.42254,319.31,0.39,0.36,2018-07-15,1823,N,VIIRS,n,2,297.34,1.88,N,1,VIIRS_SNPP_SP,2018-07-15 18:23:00,2018-07-16 01:23:00
-6.10498,105.4195,308.2,0.39,0.36,2018-07-15,1823,N,VIIRS,n,2,293.79,6.04,N,1,VIIRS_SNPP_SP,2018-07-15 18:23:00,2018-07-16 01:23:00
-6.10163,105.42002,306.18,0.39,0.36,2018-07-15,1823,N,VIIRS,n,2,293.77,6.04,N,1,VIIRS_SNPP_SP,2018-07-15 18:23:00,2018-07-16 01:23:00
-6.10602,105.42215,352.87,0.51,0.41,2018-07-16,1804,N,VIIRS,n,2,302.59,15.98,N,1,VIIRS_SNPP_SP,2018-07-16 18:04:00,2018-07-17 01:04:00
-6.10746,105.42529,333.83,0.49,0.4,2018-07-17,641,N,VIIRS,n,2,293.19,7.1,D,1,VIIRS_SNPP_SP,2018-07-17 06:41:00,2018-07-17 13:41:00
-6.10445,105.42018,344.16,0.49,0.4,2018-07-17,641,N,VIIRS,n,2,294.36,6.32,D,1,VIIRS_SNPP_SP,2018-07-17 06:41:00,2018-07-17 13:41:00
-6.10072,105.41965,332.01,0.49,0.4,2018-07-17,641,N,VIIRS,n,2,295.09,6.32,D,1,VIIRS_SNPP_SP,2018-07-17 06:41:00,2018-07-17 13:41:00
-6.10814,105.42335,318.84,0.34,0.56,2018-07-17,1745,N,VIIRS,n,2,294.35,4.06,N,1,VIIRS_SNPP_SP,2018-07-17 17:45:00,2018-07-18 00:45:00
-6.1076,105.42025,349.47,0.34,0.56,2018-07-17,1745,N,VIIRS,n,2,294.44,4.27,N,1,VIIRS_SNPP_SP,2018-07-17 17:45:00,2018-07-18 00:45:00
-6.10703,105.41697,310.95,0.34,0.56,2018-07-17,1745,N,VIIRS,n,2,292.8,4.27,N,3,VIIRS_SNPP_SP,2018-07-17 17:45:00,2018-07-18 00:45:00
-6.103,105.42446,333.43,0.34,0.56,2018-07-17,1745,N,VIIRS,n,2,294.37,6.99,N,1,VIIRS_SNPP_SP,2018-07-17 17:45:00,2018-07-18 00:45:00
-6.10124,105.41439,329.46,0.34,0.56,2018-07-17,1745,N,VIIRS,n,2,292.57,6.6,N,1,VIIRS_SNPP_SP,2018-07-17 17:45:00,2018-07-18 00:45:00
-6.10069,105.41126,323.37,0.34,0.56,2018-07-17,1745,N,VIIRS,n,2,291.56,6.6,N,3,VIIRS_SNPP_SP,2018-07-17 17:45:00,2018-07-18 00:45:00
-6.10015,105.40815,316.58,0.34,0.56,2018-07-17,1745,N,VIIRS,n,2,289.95,1.16,N,3,VIIRS_SNPP_SP,2018-07-17 17:45:00,2018-07-18 00:45:00
-6.0996,105.40504,303.68,0.34,0.56,2018-07-17,1745,N,VIIRS,n,2,288.98,1.16,N,3,VIIRS_SNPP_SP,2018-07-17 17:45:00,2018-07-18 00:45:00
-6.09606,105.41531,309.96,0.34,0.56,2018-07-17,1745,N,VIIRS,n,2,290.59,6.6,N,3,VIIRS_SNPP_SP,2018-07-17 17:45:00,2018-07-18 00:45:00
-6.09552,105.41218,311.59,0.34,0.56,2018-07-17,1745,N,VIIRS,n,2,289.79,6.6,N,3,VIIRS_SNPP_SP,2018-07-17 17:45:00,2018-07-18 00:45:00
-6.09497,105.40907,304.83,0.34,0.56,2018-07-17,1745,N,VIIRS,n,2,290.07,1.16,N,3,VIIRS_SNPP_SP,2018-07-17 17:45:00,2018-07-18 00:45:00
-6.10582,105.42081,346.67,0.39,0.36,2018-07-18,622,N,VIIRS,n,2,306.91,9.8,D,1,VIIRS_SNPP_SP,2018-07-18 06:22:00,2018-07-18 13:22:00
-6.10529,105.42437,348.41,0.39,0.36,2018-07-18,622,N,VIIRS,n,2,309.58,9.8,D,1,VIIRS_SNPP_SP,2018-07-18 06:22:00,2018-07-18 13:22:00
-6.10265,105.42282,330.03,0.7,0.75,2018-07-18,1726,N,VIIRS,n,2,288.47,20.25,N,1,VIIRS_SNPP_SP,2018-07-18 17:26:00,2018-07-19 00:26:00
-6.10115,105.41478,367.0,0.71,0.75,2018-07-18,1726,N,VIIRS,h,2,290.05,20.25,N,1,VIIRS_SNPP_SP,2018-07-18 17:26:00,2018-07-19 00:26:00
-6.09991,105.40813,324.56,0.71,0.75,2018-07-18,1726,N,VIIRS,n,2,283.53,12.12,N,3,VIIRS_SNPP_SP,2018-07-18 17:26:00,2018-07-19 00:26:00
-6.09868,105.40154,305.05,0.71,0.75,2018-07-18,1726,N,VIIRS,n,2,284.73,12.12,N,3,VIIRS_SNPP_SP,2018-07-18 17:26:00,2018-07-19 00:26:00
-6.09612,105.41444,315.1,0.71,0.75,2018-07-18,1726,N,VIIRS,n,2,287.21,2.67,N,3,VIIRS_SNPP_SP,2018-07-18 17:26:00,2018-07-19 00:26:00
-6.09493,105.40782,308.28,0.71,0.75,2018-07-18,1726,N,VIIRS,n,2,285.66,2.67,N,3,VIIRS_SNPP_SP,2018-07-18 17:26:00,2018-07-19 00:26:00
-6.10981,105.43261,305.14,0.57,0.69,2018-07-18,1907,N,VIIRS,n,2,284.66,1.2,N,3,VIIRS_SNPP_SP,2018-07-18 19:07:00,2018-07-19 02:07:00
-6.10909,105.42729,305.54,0.57,0.69,2018-07-18,1907,N,VIIRS,n,2,284.53,1.2,N,3,VIIRS_SNPP_SP,2018-07-18 19:07:00,2018-07-19 02:07:00
-6.10829,105.42146,311.32,0.57,0.69,2018-07-18,1907,N,VIIRS,n,2,286.06,2.18,N,1,VIIRS_SNPP_SP,2018-07-18 19:07:00,2018-07-19 02:07:00
-6.10337,105.43343,317.27,0.57,0.69,2018-07-18,1907,N,VIIRS,n,2,286.91,5.25,N,3,VIIRS_SNPP_SP,2018-07-18 19:07:00,2018-07-19 02:07:00
-6.10254,105.42732,350.95,0.57,0.69,2018-07-18,1907,N,VIIRS,n,2,288.66,5.25,N,1,VIIRS_SNPP_SP,2018-07-18 19:07:00,2018-07-19 02:07:00
-6.10177,105.42172,311.25,0.57,0.69,2018-07-18,1907,N,VIIRS,n,2,285.58,5.81,N,1,VIIRS_SNPP_SP,2018-07-18 19:07:00,2018-07-19 02:07:00
-6.10548,105.42253,346.98,0.44,0.46,2018-07-19,604,N,VIIRS,n,2,306.73,12.83,D,1,VIIRS_SNPP_SP,2018-07-19 06:04:00,2018-07-19 13:04:00
-6.1018,105.41771,340.62,0.44,0.46,2018-07-19,604,N,VIIRS,n,2,302.9,12.83,D,1,VIIRS_SNPP_SP,2018-07-19 06:04:00,2018-07-19 13:04:00
-6.10119,105.42193,345.14,0.44,0.46,2018-07-19,604,N,VIIRS,n,2,309.63,12.83,D,1,VIIRS_SNPP_SP,2018-07-19 06:04:00,2018-07-19 13:04:00
-6.10616,105.42337,321.33,0.54,0.51,2018-07-19,1848,N,VIIRS,n,2,292.23,5.06,N,1,VIIRS_SNPP_SP,2018-07-19 18:48:00,2018-07-20 01:48:00
-6.10145,105.42392,338.74,0.54,0.51,2018-07-19,1848,N,VIIRS,n,2,295.55,7.57,N,1,VIIRS_SNPP_SP,2018-07-19 18:48:00,2018-07-20 01:48:00
-6.10563,105.4259,335.39,0.39,0.36,2018-07-15,628,N20,VIIRS,n,2,303.86,11.9,D,1,VIIRS_NOAA20_SP,2018-07-15 06:28:00,2018-07-15 13:28:00
-6.10564,105.42504,312.25,0.55,0.68,2018-07-15,1732,N20,VIIRS,n,2,292.55,18.25,N,1,VIIRS_NOAA20_SP,2018-07-15 17:32:00,2018-07-16 00:32:00
-6.10476,105.42023,350.44,0.55,0.68,2018-07-15,1732,N20,VIIRS,n,2,294.02,18.25,N,1,VIIRS_NOAA20_SP,2018-07-15 17:32:00,2018-07-16 00:32:00
-6.10361,105.41399,317.08,0.55,0.68,2018-07-15,1732,N20,VIIRS,n,2,290.75,27.03,N,1,VIIRS_NOAA20_SP,2018-07-15 17:32:00,2018-07-16 00:32:00
-6.10218,105.42458,314.92,0.55,0.68,2018-07-15,1732,N20,VIIRS,n,2,292.0,14.2,N,1,VIIRS_NOAA20_SP,2018-07-15 17:32:00,2018-07-16 00:32:00
-6.1013,105.41956,339.01,0.55,0.68,2018-07-15,1732,N20,VIIRS,n,2,301.32,41.03,N,1,VIIRS_NOAA20_SP,2018-07-15 17:32:00,2018-07-16 00:32:00
-6.10021,105.41341,367.0,0.55,0.68,2018-07-15,1732,N20,VIIRS,h,2,294.06,41.03,N,1,VIIRS_NOAA20_SP,2018-07-15 17:32:00,2018-07-16 00:32:00
-6.09843,105.42107,343.99,0.55,0.68,2018-07-15,1732,N20,VIIRS,n,2,294.67,18.25,N,1,VIIRS_NOAA20_SP,2018-07-15 17:32:00,2018-07-16 00:32:00
-6.09734,105.41514,367.0,0.55,0.68,2018-07-15,1732,N20,VIIRS,h,2,294.64,27.03,N,1,VIIRS_NOAA20_SP,2018-07-15 17:32:00,2018-07-16 00:32:00
-6.10773,105.42813,305.05,0.76,0.77,2018-07-15,1912,N20,VIIRS,n,2,288.02,7.36,N,1,VIIRS_NOAA20_SP,2018-07-15 19:12:00,2018-07-16 02:12:00
-6.10663,105.42023,316.31,0.76,0.77,2018-07-15,1912,N20,VIIRS,n,2,287.87,7.36,N,1,VIIRS_NOAA20_SP,2018-07-15 19:12:00,2018-07-16 02:12:00
-6.10466,105.42751,367.0,0.76,0.77,2018-07-15,1912,N20,VIIRS,h,2,292.11,23.63,N,1,VIIRS_NOAA20_SP,2018-07-15 19:12:00,2018-07-16 02:12:00
-6.10372,105.42032,319.25,0.76,0.77,2018-07-15,1912,N20,VIIRS,n,2,288.29,12.86,N,1,VIIRS_NOAA20_SP,2018-07-15 19:12:00,2018-07-16 02:12:00
-6.10052,105.42815,367.0,0.76,0.77,2018-07-15,1912,N20,VIIRS,h,2,290.54,7.36,N,1,VIIRS_NOAA20_SP,2018-07-15 19:12:00,2018-07-16 02:12:00
-6.09953,105.42095,308.55,0.76,0.77,2018-07-15,1912,N20,VIIRS,n,2,285.61,7.36,N,1,VIIRS_NOAA20_SP,2018-07-15 19:12:00,2018-07-16 02:12:00
-6.10653,105.42177,345.13,0.52,0.42,2018-07-16,609,N20,VIIRS,n,2,310.25,16.52,D,1,VIIRS_NOAA20_SP,2018-07-16 06:09:00,2018-07-16 13:09:00
-6.10587,105.42642,329.06,0.52,0.42,2018-07-16,609,N20,VIIRS,l,2,300.8,16.52,D,1,VIIRS_NOAA20_SP,2018-07-16 06:09:00,2018-07-16 13:09:00
-6.11053,105.43015,303.15,0.36,0.57,2018-07-16,1854,N20,VIIRS,n,2,287.18,2.09,N,1,VIIRS_NOAA20_SP,2018-07-16 18:54:00,2018-07-17 01:54:00
-6.11007,105.42692,302.51,0.36,0.57,2018-07-16,1854,N20,VIIRS,n,2,287.42,2.09,N,1,VIIRS_NOAA20_SP,2018-07-16 18:54:00,2018-07-17 01:54:00
-6.10956,105.42337,302.58,0.36,0.57,2018-07-16,1854,N20,VIIRS,n,2,288.38,3.78,N,1,VIIRS_NOAA20_SP,2018-07-16 18:54:00,2018-07-17 01:54:00
-6.10523,105.4305,309.6,0.36,0.57,2018-07-16,1854,N20,VIIRS,n,2,286.98,2.09,N,1,VIIRS_NOAA20_SP,2018-07-16 18:54:00,2018-07-17 01:54:00
-6.10471,105.42689,334.0,0.36,0.57,2018-07-16,1854,N20,VIIRS,n,2,288.65,2.09,N,1,VIIRS_NOAA20_SP,2018-07-16 18:54:00,2018-07-17 01:54:00
-6.10424,105.42355,355.32,0.36,0.57,2018-07-16,1854,N20,VIIRS,n,2,292.61,3.78,N,1,VIIRS_NOAA20_SP,2018-07-16 18:54:00,2018-07-17 01:54:00
-6.10378,105.42036,318.45,0.36,0.57,2018-07-16,1854,N20,VIIRS,n,2,289.15,3.78,N,1,VIIRS_NOAA20_SP,2018-07-16 18:54:00,2018-07-17 01:54:00
-6.10917,105.42384,329.04,0.36,0.57,2018-07-17,551,N20,VIIRS,n,2,297.28,13.28,D,1,VIIRS_NOAA20_SP,2018-07-17 05:51:00,2018-07-17 12:51:00
-6.10427,105.42043,356.25,0.36,0.57,2018-07-17,551,N20,VIIRS,n,2,311.07,13.28,D,1,VIIRS_NOAA20_SP,2018-07-17 05:51:00,2018-07-17 12:51:00
-6.10382,105.42368,343.58,0.36,0.57,2018-07-17,551,N20,VIIRS,n,2,299.94,13.28,D,1,VIIRS_NOAA20_SP,2018-07-17 05:51:00,2018-07-17 12:51:00
-6.10823,105.42374,320.65,0.52,0.42,2018-07-17,1835,N20,VIIRS,n,2,296.95,3.0,N,1,VIIRS_NOAA20_SP,2018-07-17 18:35:00,2018-07-18 01:35:00
-6.10751,105.41898,315.07,0.52,0.42,2018-07-17,1835,N20,VIIRS,n,2,294.79,3.0,N,1,VIIRS_NOAA20_SP,2018-07-17 18:35:00,2018-07-18 01:35:00
-6.10511,105.42888,318.07,0.52,0.42,2018-07-17,1835,N20,VIIRS,n,2,291.13,2.54,N,1,VIIRS_NOAA20_SP,2018-07-17 18:35:00,2018-07-18 01:35:00
-6.1013,105.42949,309.99,0.52,0.42,2018-07-17,1835,N20,VIIRS,n,2,290.36,2.54,N,1,VIIRS_NOAA20_SP,2018-07-17 18:35:00,2018-07-18 01:35:00
-6.10703,105.41428,349.49,0.77,0.77,2018-07-18,532,N20,VIIRS,n,2,291.46,23.45,D,1,VIIRS_NOAA20_SP,2018-07-18 05:32:00,2018-07-18 12:32:00
-6.10593,105.42244,353.24,0.77,0.77,2018-07-18,532,N20,VIIRS,n,2,294.1,27.31,D,1,VIIRS_NOAA20_SP,2018-07-18 05:32:00,2018-07-18 12:32:00
-6.1035,105.41431,348.12,0.77,0.77,2018-07-18,532,N20,VIIRS,n,2,291.25,15.59,D,1,VIIRS_NOAA20_SP,2018-07-18 05:32:00,2018-07-18 12:32:00
-6.10242,105.42274,342.82,0.77,0.77,2018-07-18,532,N20,VIIRS,n,2,293.7,15.59,D,1,VIIRS_NOAA20_SP,2018-07-18 05:32:00,2018-07-18 12:32:00
-6.10721,105.42633,348.3,0.55,0.68,2018-07-18,712,N20,VIIRS,n,2,295.43,15.82,D,1,VIIRS_NOAA20_SP,2018-07-18 07:12:00,2018-07-18 14:12:00
-6.10384,105.42283,331.25,0.55,0.68,2018-07-18,712,N20,VIIRS,n,2,295.43,21.56,D,1,VIIRS_NOAA20_SP,2018-07-18 07:12:00,2018-07-18 14:12:00
-6.10289,105.42827,367.0,0.55,0.68,2018-07-18,712,N20,VIIRS,h,2,294.96,22.86,D,1,VIIRS_NOAA20_SP,2018-07-18 07:12:00,2018-07-18 14:12:00
-6.101,105.42498,332.72,0.55,0.68,2018-07-18,712,N20,VIIRS,n,2,293.17,7.53,D,1,VIIRS_NOAA20_SP,2018-07-18 07:12:00,2018-07-18 14:12:00
-6.1,105.43048,330.35,0.55,0.68,2018-07-18,712,N20,VIIRS,n,2,288.65,7.53,D,1,VIIRS_NOAA20_SP,2018-07-18 07:12:00,2018-07-18 14:12:00
-6.10846,105.423,309.36,0.39,0.36,2018-07-18,1816,N20,VIIRS,n,2,292.84,2.45,N,1,VIIRS_NOAA20_SP,2018-07-18 18:16:00,2018-07-19 01:16:00
-6.10791,105.41953,320.77,0.39,0.36,2018-07-18,1816,N20,VIIRS,n,2,291.42,2.58,N,1,VIIRS_NOAA20_SP,2018-07-18 18:16:00,2018-07-19 01:16:00
-6.10514,105.42355,350.65,0.39,0.36,2018-07-18,1816,N20,VIIRS,n,2,301.4,4.94,N,1,VIIRS_NOAA20_SP,2018-07-18 18:16:00,2018-07-19 01:16:00
-6.10459,105.42007,349.9,0.39,0.36,2018-07-18,1816,N20,VIIRS,n,2,294.33,6.3,N,1,VIIRS_NOAA20_SP,2018-07-18 18:16:00,2018-07-19 01:16:00
-6.10238,105.42755,307.01,0.39,0.36,2018-07-18,1816,N20,VIIRS,n,2,289.96,4.94,N,1,VIIRS_NOAA20_SP,2018-07-18 18:16:00,2018-07-19 01:16:00
-6.10183,105.42407,344.64,0.39,0.36,2018-07-18,1816,N20,VIIRS,n,2,292.73,4.94,N,1,VIIRS_NOAA20_SP,2018-07-18 18:16:00,2018-07-19 01:16:00
-6.10128,105.42059,321.41,0.39,0.36,2018-07-18,1816,N20,VIIRS,n,2,290.32,6.3,N,1,VIIRS_NOAA20_SP,2018-07-18 18:16:00,2018-07-19 01:16:00
-6.10252,105.42539,313.59,0.41,0.45,2018-07-19,1757,N20,VIIRS,n,2,293.22,12.2,N,1,VIIRS_NOAA20_SP,2018-07-19 17:57:00,2018-07-20 00:57:00
-6.1019,105.42175,355.46,0.41,0.45,2018-07-19,1757,N20,VIIRS,n,2,305.79,12.2,N,1,VIIRS_NOAA20_SP,2018-07-19 17:57:00,2018-07-20 00:57:00
-6.10411,105.42494,323.52,0.43,0.38,2018-07-20,1829,N,VIIRS,n,2,288.83,3.68,N,1,VIIRS_SNPP_SP,2018-07-20 18:29:00,2018-07-21 01:29:00
-6.10352,105.42104,330.07,0.43,0.38,2018-07-20,1829,N,VIIRS,n,2,291.16,3.68,N,1,VIIRS_SNPP_SP,2018-07-20 18:29:00,2018-07-21 01:29:00
-6.10061,105.42553,300.83,0.43,0.38,2018-07-20,1829,N,VIIRS,n,2,287.69,3.68,N,1,VIIRS_SNPP_SP,2018-07-20 18:29:00,2018-07-21 01:29:00
-6.10002,105.4216,301.98,0.43,0.38,2018-07-20,1829,N,VIIRS,n,2,288.0,3.68,N,1,VIIRS_SNPP_SP,2018-07-20 18:29:00,2018-07-21 01:29:00
-6.10671,105.42368,316.9,0.43,0.38,2018-07-21,1810,N,VIIRS,n,2,279.0,4.05,N,1,VIIRS_SNPP_SP,2018-07-21 18:10:00,2018-07-22 01:10:00
-6.10557,105.42313,335.93,0.43,0.38,2018-07-21,1810,N,VIIRS,n,2,281.36,6.07,N,1,VIIRS_SNPP_SP,2018-07-21 18:10:00,2018-07-22 01:10:00
-6.10496,105.41926,330.05,0.43,0.38,2018-07-21,1810,N,VIIRS,n,2,277.64,6.88,N,1,VIIRS_SNPP_SP,2018-07-21 18:10:00,2018-07-22 01:10:00
-6.10323,105.4243,320.18,0.43,0.38,2018-07-21,1810,N,VIIRS,n,2,278.47,4.05,N,1,VIIRS_SNPP_SP,2018-07-21 18:10:00,2018-07-22 01:10:00
-6.10208,105.42367,330.37,0.43,0.38,2018-07-21,1810,N,VIIRS,n,2,279.38,6.07,N,1,VIIRS_SNPP_SP,2018-07-21 18:10:00,2018-07-22 01:10:00
-6.10147,105.41982,332.19,0.43,0.38,2018-07-21,1810,N,VIIRS,n,2,279.01,6.88,N,1,VIIRS_SNPP_SP,2018-07-21 18:10:00,2018-07-22 01:10:00
-6.10345,105.42489,353.87,0.4,0.44,2018-07-22,648,N,VIIRS,n,2,288.89,24.9,D,1,VIIRS_SNPP_SP,2018-07-22 06:48:00,2018-07-22 13:48:00
-6.11267,105.42061,303.68,0.55,0.68,2018-07-23,1732,N,VIIRS,n,2,287.82,14.47,N,3,VIIRS_SNPP_SP,2018-07-23 17:32:00,2018-07-24 00:32:00
-6.10983,105.4052,302.86,0.55,0.68,2018-07-23,1732,N,VIIRS,n,2,287.74,5.26,N,3,VIIRS_SNPP_SP,2018-07-23 17:32:00,2018-07-24 00:32:00
-6.10915,105.43701,307.18,0.55,0.68,2018-07-23,1732,N,VIIRS,n,2,288.16,2.16,N,3,VIIRS_SNPP_SP,2018-07-23 17:32:00,2018-07-24 00:32:00
-6.10889,105.40007,302.26,0.55,0.68,2018-07-23,1732,N,VIIRS,n,2,287.46,5.26,N,3,VIIRS_SNPP_SP,2018-07-23 17:32:00,2018-07-24 00:32:00
-6.10821,105.43192,310.49,0.55,0.68,2018-07-23,1732,N,VIIRS,n,2,288.34,2.16,N,3,VIIRS_SNPP_SP,2018-07-23 17:32:00,2018-07-24 00:32:00
-6.1076,105.40078,302.44,0.56,0.68,2018-07-23,1732,N,VIIRS,n,2,287.5,3.64,N,3,VIIRS_SNPP_SP,2018-07-23 17:32:00,2018-07-24 00:32:00
-6.10738,105.42743,310.74,0.55,0.68,2018-07-23,1732,N,VIIRS,n,2,288.32,14.47,N,1,VIIRS_SNPP_SP,2018-07-23 17:32:00,2018-07-24 00:32:00
-6.10678,105.43309,310.16,0.55,0.68,2018-07-23,1732,N,VIIRS,n,2,288.26,3.34,N,3,VIIRS_SNPP_SP,2018-07-23 17:32:00,2018-07-24 00:32:00
-6.1065,105.42267,355.67,0.55,0.68,2018-07-23,1732,N,VIIRS,n,2,291.26,14.47,N,1,VIIRS_SNPP_SP,2018-07-23 17:32:00,2018-07-24 00:32:00
-6.10594,105.42834,309.64,0.55,0.68,2018-07-23,1732,N,VIIRS,n,2,288.28,3.34,N,1,VIIRS_SNPP_SP,2018-07-23 17:32:00,2018-07-24 00:32:00
-6.10349,105.40637,341.37,0.55,0.68,2018-07-23,1732,N,VIIRS,n,2,287.78,5.26,N,3,VIIRS_SNPP_SP,2018-07-23 17:32:00,2018-07-24 00:32:00
-6.10282,105.43819,304.34,0.55,0.68,2018-07-23,1732,N,VIIRS,n,2,287.99,2.3,N,3,VIIRS_SNPP_SP,2018-07-23 17:32:00,2018-07-24 00:32:00
-6.10255,105.40125,311.13,0.55,0.68,2018-07-23,1732,N,VIIRS,n,2,287.58,5.26,N,3,VIIRS_SNPP_SP,2018-07-23 17:32:00,2018-07-24 00:32:00
-6.10188,105.4331,307.53,0.55,0.68,2018-07-23,1732,N,VIIRS,n,2,287.91,2.3,N,3,VIIRS_SNPP_SP,2018-07-23 17:32:00,2018-07-24 00:32:00
-6.1016,105.39613,305.12,0.56,0.68,2018-07-23,1732,N,VIIRS,n,2,287.57,3.25,N,3,VIIRS_SNPP_SP,2018-07-23 17:32:00,2018-07-24 00:32:00
-6.10126,105.40199,319.87,0.56,0.68,2018-07-23,1732,N,VIIRS,n,2,287.61,3.64,N,3,VIIRS_SNPP_SP,2018-07-23 17:32:00,2018-07-24 00:32:00
-6.10107,105.42872,306.95,0.55,0.68,2018-07-23,1732,N,VIIRS,n,2,287.89,10.56,N,1,VIIRS_SNPP_SP,2018-07-23 17:32:00,2018-07-24 00:32:00
-6.10035,105.39686,311.61,0.56,0.68,2018-07-23,1732,N,VIIRS,n,2,287.53,3.64,N,3,VIIRS_SNPP_SP,2018-07-23 17:32:00,2018-07-24 00:32:00
-6.10019,105.42397,321.57,0.55,0.68,2018-07-23,1732,N,VIIRS,n,2,287.91,10.56,N,1,VIIRS_SNPP_SP,2018-07-23 17:32:00,2018-07-24 00:32:00
-6.09908,105.41795,337.58,0.55,0.68,2018-07-23,1732,N,VIIRS,n,2,295.33,25.76,N,1,VIIRS_SNPP_SP,2018-07-23 17:32:00,2018-07-24 00:32:00
-6.09873,105.42463,307.61,0.55,0.68,2018-07-23,1732,N,VIIRS,n,2,287.43,4.51,N,1,VIIRS_SNPP_SP,2018-07-23 17:32:00,2018-07-24 00:32:00
-6.0981,105.41267,367.0,0.55,0.68,2018-07-23,1732,N,VIIRS,h,2,289.08,25.76,N,3,VIIRS_SNPP_SP,2018-07-23 17:32:00,2018-07-24 00:32:00
-6.09782,105.4195,333.73,0.55,0.68,2018-07-23,1732,N,VIIRS,n,2,288.15,4.51,N,1,VIIRS_SNPP_SP,2018-07-23 17:32:00,2018-07-24 00:32:00
-6.09715,105.40755,330.18,0.55,0.68,2018-07-23,1732,N,VIIRS,n,2,287.43,6.7,N,3,VIIRS_SNPP_SP,2018-07-23 17:32:00,2018-07-24 00:32:00
-6.09675,105.41345,339.1,0.55,0.68,2018-07-23,1732,N,VIIRS,n,2,288.35,6.62,N,3,VIIRS_SNPP_SP,2018-07-23 17:32:00,2018-07-24 00:32:00
-6.0962,105.40244,320.0,0.55,0.68,2018-07-23,1732,N,VIIRS,n,2,286.83,6.7,N,3,VIIRS_SNPP_SP,2018-07-23 17:32:00,2018-07-24 00:32:00
-6.09583,105.40833,321.02,0.55,0.68,2018-07-23,1732,N,VIIRS,n,2,287.29,6.62,N,3,VIIRS_SNPP_SP,2018-07-23 17:32:00,2018-07-24 00:32:00
-6.09529,105.39751,319.17,0.56,0.68,2018-07-23,1732,N,VIIRS,n,2,285.93,3.23,N,3,VIIRS_SNPP_SP,2018-07-23 17:32:00,2018-07-24 00:32:00
-6.09492,105.40318,317.24,0.56,0.68,2018-07-23,1732,N,VIIRS,n,2,286.6,2.41,N,3,VIIRS_SNPP_SP,2018-07-23 17:32:00,2018-07-24 00:32:00
-6.09403,105.39822,316.21,0.56,0.68,2018-07-23,1732,N,VIIRS,n,2,286.12,2.41,N,3,VIIRS_SNPP_SP,2018-07-23 17:32:00,2018-07-24 00:32:00
-6.0928,105.41945,305.92,0.55,0.68,2018-07-23,1732,N,VIIRS,n,2,287.43,25.76,N,3,VIIRS_SNPP_SP,2018-07-23 17:32:00,2018-07-24 00:32:00
-6.09176,105.41385,302.47,0.55,0.68,2018-07-23,1732,N,VIIRS,n,2,287.57,25.76,N,3,VIIRS_SNPP_SP,2018-07-23 17:32:00,2018-07-24 00:32:00
-6.09081,105.40873,302.29,0.55,0.68,2018-07-23,1732,N,VIIRS,n,2,287.37,6.7,N,3,VIIRS_SNPP_SP,2018-07-23 17:32:00,2018-07-24 00:32:00
-6.11104,105.43562,305.61,0.73,0.76,2018-07-23,1913,N,VIIRS,n,2,284.88,9.59,N,3,VIIRS_SNPP_SP,2018-07-23 19:13:00,2018-07-24 02:13:00
-6.11015,105.42881,316.96,0.73,0.76,2018-07-23,1913,N,VIIRS,n,2,286.33,27.66,N,3,VIIRS_SNPP_SP,2018-07-23 19:13:00,2018-07-24 02:13:00
-6.10929,105.44849,304.44,0.73,0.76,2018-07-23,1913,N,VIIRS,n,2,283.59,2.49,N,3,VIIRS_SNPP_SP,2018-07-23 19:13:00,2018-07-24 02:13:00
-6.10918,105.42136,320.48,0.73,0.76,2018-07-23,1913,N,VIIRS,n,2,286.59,27.66,N,1,VIIRS_SNPP_SP,2018-07-23 19:13:00,2018-07-24 02:13:00
-6.10743,105.43488,328.69,0.73,0.76,2018-07-23,1913,N,VIIRS,n,2,285.64,23.5,N,3,VIIRS_SNPP_SP,2018-07-23 19:13:00,2018-07-24 02:13:00
-6.10638,105.42721,367.0,0.73,0.76,2018-07-23,1913,N,VIIRS,h,2,288.64,23.5,N,1,VIIRS_SNPP_SP,2018-07-23 19:13:00,2018-07-24 02:13:00
-6.10538,105.41988,337.69,0.72,0.76,2018-07-23,1913,N,VIIRS,n,2,287.51,20.1,N,1,VIIRS_SNPP_SP,2018-07-23 19:13:00,2018-07-24 02:13:00
-6.10485,105.44341,305.43,0.73,0.76,2018-07-23,1913,N,VIIRS,n,2,284.28,9.59,N,3,VIIRS_SNPP_SP,2018-07-23 19:13:00,2018-07-24 02:13:00
-6.10466,105.41459,305.03,0.72,0.76,2018-07-23,1913,N,VIIRS,n,2,286.51,20.1,N,3,VIIRS_SNPP_SP,2018-07-23 19:13:00,2018-07-24 02:13:00
-6.10396,105.43661,334.17,0.73,0.76,2018-07-23,1913,N,VIIRS,n,2,285.61,9.59,N,3,VIIRS_SNPP_SP,2018-07-23 19:13:00,2018-07-24 02:13:00
-6.10293,105.42867,351.84,0.73,0.76,2018-07-23,1913,N,VIIRS,n,2,290.51,27.66,N,1,VIIRS_SNPP_SP,2018-07-23 19:13:00,2018-07-24 02:13:00
-6.10201,105.42152,347.08,0.73,0.76,2018-07-23,1913,N,VIIRS,n,2,288.16,27.66,N,1,VIIRS_SNPP_SP,2018-07-23 19:13:00,2018-07-24 02:13:00
-6.10132,105.41628,306.67,0.72,0.76,2018-07-23,1913,N,VIIRS,n,2,286.64,13.1,N,1,VIIRS_SNPP_SP,2018-07-23 19:13:00,2018-07-24 02:13:00
-6.10129,105.44267,300.68,0.73,0.76,2018-07-23,1913,N,VIIRS,n,2,285.19,2.49,N,3,VIIRS_SNPP_SP,2018-07-23 19:13:00,2018-07-24 02:13:00
-6.10036,105.43587,327.32,0.73,0.76,2018-07-23,1913,N,VIIRS,n,2,286.13,23.5,N,3,VIIRS_SNPP_SP,2018-07-23 19:13:00,2018-07-24 02:13:00
-6.09932,105.42825,367.0,0.73,0.76,2018-07-23,1913,N,VIIRS,h,2,288.59,23.5,N,1,VIIRS_SNPP_SP,2018-07-23 19:13:00,2018-07-24 02:13:00
-6.09834,105.42101,309.96,0.72,0.76,2018-07-23,1913,N,VIIRS,n,2,286.54,20.1,N,1,VIIRS_SNPP_SP,2018-07-23 19:13:00,2018-07-24 02:13:00
-6.10594,105.42336,350.91,0.53,0.42,2018-07-24,610,N,VIIRS,n,2,304.25,33.25,D,1,VIIRS_SNPP_SP,2018-07-24 06:10:00,2018-07-24 13:10:00
-6.10206,105.4229,352.4,0.53,0.42,2018-07-24,610,N,VIIRS,n,2,302.46,15.09,D,1,VIIRS_SNPP_SP,2018-07-24 06:10:00,2018-07-24 13:10:00
-6.0982,105.42226,330.52,0.53,0.42,2018-07-24,610,N,VIIRS,l,2,303.54,15.09,D,1,VIIRS_SNPP_SP,2018-07-24 06:10:00,2018-07-24 13:10:00
-6.10444,105.42661,320.6,0.35,0.56,2018-07-24,1854,N,VIIRS,n,2,288.24,1.63,N,1,VIIRS_SNPP_SP,2018-07-24 18:54:00,2018-07-25 01:54:00
-6.10397,105.42332,307.04,0.35,0.56,2018-07-24,1854,N,VIIRS,n,2,289.55,1.63,N,1,VIIRS_SNPP_SP,2018-07-24 18:54:00,2018-07-25 01:54:00
-6.10395,105.4269,316.97,0.35,0.56,2018-07-24,1854,N,VIIRS,n,2,288.22,1.46,N,1,VIIRS_SNPP_SP,2018-07-24 18:54:00,2018-07-25 01:54:00
-6.1035,105.42359,304.82,0.35,0.56,2018-07-24,1854,N,VIIRS,n,2,289.58,1.46,N,1,VIIRS_SNPP_SP,2018-07-24 18:54:00,2018-07-25 01:54:00
-6.10506,105.42377,342.79,0.42,0.38,2018-07-20,634,N20,VIIRS,n,2,310.37,22.42,D,1,VIIRS_NOAA20_SP,2018-07-20 06:34:00,2018-07-20 13:34:00
-6.1016,105.42326,341.33,0.42,0.38,2018-07-20,634,N20,VIIRS,n,2,309.0,14.44,D,1,VIIRS_NOAA20_SP,2018-07-20 06:34:00,2018-07-20 13:34:00
-6.10716,105.42284,346.65,0.44,0.38,2018-07-21,616,N20,VIIRS,n,2,295.19,10.44,D,1,VIIRS_NOAA20_SP,2018-07-21 06:16:00,2018-07-21 13:16:00
-6.10793,105.42504,328.83,0.56,0.51,2018-07-22,557,N20,VIIRS,n,2,296.6,12.92,D,1,VIIRS_NOAA20_SP,2018-07-22 05:57:00,2018-07-22 12:57:00
-6.10389,105.41964,346.77,0.56,0.51,2018-07-22,557,N20,VIIRS,n,2,302.12,39.48,D,1,VIIRS_NOAA20_SP,2018-07-22 05:57:00,2018-07-22 12:57:00
-6.10318,105.42463,335.69,0.56,0.51,2018-07-22,557,N20,VIIRS,n,2,297.79,12.92,D,1,VIIRS_NOAA20_SP,2018-07-22 05:57:00,2018-07-22 12:57:00
-6.10574,105.42123,332.72,0.7,0.75,2018-07-23,718,N20,VIIRS,n,2,292.54,65.57,D,1,VIIRS_NOAA20_SP,2018-07-23 07:18:00,2018-07-23 14:18:00
-6.10517,105.42427,349.63,0.7,0.75,2018-07-23,718,N20,VIIRS,n,2,294.88,86.67,D,1,VIIRS_NOAA20_SP,2018-07-23 07:18:00,2018-07-23 14:18:00
-6.10454,105.42791,333.5,0.7,0.75,2018-07-23,718,N20,VIIRS,n,2,301.04,65.57,D,1,VIIRS_NOAA20_SP,2018-07-23 07:18:00,2018-07-23 14:18:00
-6.10388,105.43119,367.0,0.7,0.75,2018-07-23,718,N20,VIIRS,h,2,297.92,127.86,D,1,VIIRS_NOAA20_SP,2018-07-23 07:18:00,2018-07-23 14:18:00
-6.10319,105.43542,367.0,0.7,0.75,2018-07-23,718,N20,VIIRS,h,2,290.41,70.31,D,1,VIIRS_NOAA20_SP,2018-07-23 07:18:00,2018-07-23 14:18:00
-6.11608,105.42147,305.15,0.39,0.36,2018-07-23,1822,N20,VIIRS,n,2,292.22,1.16,N,3,VIIRS_NOAA20_SP,2018-07-23 18:22:00,2018-07-24 01:22:00
-6.11553,105.41796,305.6,0.39,0.36,2018-07-23,1822,N20,VIIRS,n,2,291.77,1.16,N,3,VIIRS_NOAA20_SP,2018-07-23 18:22:00,2018-07-24 01:22:00
-6.11384,105.42902,312.57,0.39,0.36,2018-07-23,1822,N20,VIIRS,n,2,291.32,1.93,N,1,VIIRS_NOAA20_SP,2018-07-23 18:22:00,2018-07-24 01:22:00
-6.11329,105.42551,316.16,0.39,0.36,2018-07-23,1822,N20,VIIRS,n,2,292.22,1.93,N,1,VIIRS_NOAA20_SP,2018-07-23 18:22:00,2018-07-24 01:22:00
-6.11275,105.42198,319.89,0.39,0.36,2018-07-23,1822,N20,VIIRS,n,2,291.75,1.16,N,3,VIIRS_NOAA20_SP,2018-07-23 18:22:00,2018-07-24 01:22:00
-6.1122,105.41847,314.21,0.39,0.36,2018-07-23,1822,N20,VIIRS,n,2,292.27,1.16,N,1,VIIRS_NOAA20_SP,2018-07-23 18:22:00,2018-07-24 01:22:00
-6.11166,105.41496,306.87,0.39,0.36,2018-07-23,1822,N20,VIIRS,n,2,292.46,2.58,N,3,VIIRS_NOAA20_SP,2018-07-23 18:22:00,2018-07-24 01:22:00
-6.1105,105.42953,322.81,0.39,0.36,2018-07-23,1822,N20,VIIRS,n,2,291.58,3.67,N,1,VIIRS_NOAA20_SP,2018-07-23 18:22:00,2018-07-24 01:22:00
-6.10995,105.42599,317.39,0.39,0.36,2018-07-23,1822,N20,VIIRS,n,2,293.18,3.67,N,1,VIIRS_NOAA20_SP,2018-07-23 18:22:00,2018-07-24 01:22:00
-6.10941,105.42248,317.79,0.39,0.36,2018-07-23,1822,N20,VIIRS,n,2,292.95,4.1,N,1,VIIRS_NOAA20_SP,2018-07-23 18:22:00,2018-07-24 01:22:00
-6.10886,105.41895,316.03,0.39,0.36,2018-07-23,1822,N20,VIIRS,n,2,292.73,4.1,N,1,VIIRS_NOAA20_SP,2018-07-23 18:22:00,2018-07-24 01:22:00
-6.10716,105.43002,330.1,0.39,0.36,2018-07-23,1822,N20,VIIRS,n,2,291.47,3.67,N,1,VIIRS_NOAA20_SP,2018-07-23 18:22:00,2018-07-24 01:22:00
-6.10662,105.42649,345.43,0.39,0.36,2018-07-23,1822,N20,VIIRS,n,2,293.52,3.67,N,1,VIIRS_NOAA20_SP,2018-07-23 18:22:00,2018-07-24 01:22:00
-6.10607,105.42295,336.69,0.39,0.36,2018-07-23,1822,N20,VIIRS,n,2,293.97,4.1,N,1,VIIRS_NOAA20_SP,2018-07-23 18:22:00,2018-07-24 01:22:00
-6.10383,105.43053,329.43,0.39,0.36,2018-07-23,1822,N20,VIIRS,n,2,290.69,4.5,N,1,VIIRS_NOAA20_SP,2018-07-23 18:22:00,2018-07-24 01:22:00
-6.10328,105.42699,347.06,0.39,0.36,2018-07-23,1822,N20,VIIRS,n,2,289.71,4.5,N,1,VIIRS_NOAA20_SP,2018-07-23 18:22:00,2018-07-24 01:22:00
-6.10808,105.42261,339.14,0.33,0.56,2018-07-24,700,N20,VIIRS,n,2,295.56,13.29,D,1,VIIRS_NOAA20_SP,2018-07-24 07:00:00,2018-07-24 14:00:00
-6.10756,105.42571,367.0,0.33,0.56,2018-07-24,700,N20,VIIRS,h,2,302.15,13.29,D,1,VIIRS_NOAA20_SP,2018-07-24 07:00:00,2018-07-24 14:00:00
-6.10703,105.42883,339.42,0.33,0.56,2018-07-24,700,N20,VIIRS,n,2,290.53,14.15,D,1,VIIRS_NOAA20_SP,2018-07-24 07:00:00,2018-07-24 14:00:00
-6.10595,105.43526,331.73,0.33,0.56,2018-07-24,700,N20,VIIRS,n,2,289.23,5.13,D,3,VIIRS_NOAA20_SP,2018-07-24 07:00:00,2018-07-24 14:00:00
-6.10084,105.43441,333.85,0.33,0.56,2018-07-24,700,N20,VIIRS,n,2,287.57,4.49,D,1,VIIRS_NOAA20_SP,2018-07-24 07:00:00,2018-07-24 14:00:00
-6.10603,105.42522,308.7,0.5,0.41,2018-07-24,1803,N20,VIIRS,n,2,290.37,2.54,N,1,VIIRS_NOAA20_SP,2018-07-24 18:03:00,2018-07-25 01:03:00
-6.10531,105.42083,316.5,0.5,0.41,2018-07-24,1803,N20,VIIRS,n,2,288.76,2.54,N,1,VIIRS_NOAA20_SP,2018-07-24 18:03:00,2018-07-25 01:03:00
-6.10455,105.41621,313.75,0.5,0.41,2018-07-24,1803,N20,VIIRS,n,2,287.69,2.1,N,1,VIIRS_NOAA20_SP,2018-07-24 18:03:00,2018-07-25 01:03:00
-6.10379,105.41149,307.79,0.5,0.41,2018-07-24,1803,N20,VIIRS,n,2,286.93,2.1,N,1,VIIRS_NOAA20_SP,2018-07-24 18:03:00,2018-07-25 01:03:00
-6.1023,105.42587,307.44,0.5,0.41,2018-07-24,1803,N20,VIIRS,n,2,287.87,2.54,N,1,VIIRS_NOAA20_SP,2018-07-24 18:03:00,2018-07-25 01:03:00
-6.10158,105.42148,330.45,0.5,0.41,2018-07-24,1803,N20,VIIRS,n,2,292.97,2.54,N,1,VIIRS_NOAA20_SP,2018-07-24 18:03:00,2018-07-25 01:03:00
-6.10079,105.41662,325.19,0.5,0.41,2018-07-24,1803,N20,VIIRS,n,2,289.83,2.1,N,1,VIIRS_NOAA20_SP,2018-07-24 18:03:00,2018-07-25 01:03:00
-6.10005,105.41211,305.86,0.5,0.41,2018-07-24,1803,N20,VIIRS,n,2,286.91,2.1,N,1,VIIRS_NOAA20_SP,2018-07-24 18:03:00,2018-07-25 01:03:00
-6.09705,105.41724,311.93,0.5,0.41,2018-07-24,1803,N20,VIIRS,n,2,288.89,1.83,N,3,VIIRS_NOAA20_SP,2018-07-24 18:03:00,2018-07-25 01:03:00
-6.09632,105.41273,303.66,0.5,0.41,2018-07-24,1803,N20,VIIRS,n,2,291.0,1.83,N,3,VIIRS_NOAA20_SP,2018-07-24 18:03:00,2018-07-25 01:03:00
-6.09334,105.41798,303.57,0.5,0.41,2018-07-24,1803,N20,VIIRS,n,2,291.11,1.83,N,3,VIIRS_NOAA20_SP,2018-07-24 18:03:00,2018-07-25 01:03:00
-6.10665,105.41807,355.45,0.36,0.57,2018-07-25,551,N,VIIRS,n,2,294.26,14.44,D,1,VIIRS_SNPP_SP,2018-07-25 05:51:00,2018-07-25 12:51:00
-6.10617,105.42157,367.0,0.36,0.57,2018-07-25,551,N,VIIRS,h,2,302.93,16.23,D,1,VIIRS_SNPP_SP,2018-07-25 05:51:00,2018-07-25 12:51:00
-6.10572,105.42484,341.56,0.36,0.57,2018-07-25,551,N,VIIRS,n,2,297.24,16.23,D,1,VIIRS_SNPP_SP,2018-07-25 05:51:00,2018-07-25 12:51:00
-6.10136,105.41693,367.0,0.36,0.57,2018-07-25,551,N,VIIRS,h,2,296.22,16.61,D,1,VIIRS_SNPP_SP,2018-07-25 05:51:00,2018-07-25 12:51:00
-6.10082,105.42094,367.0,0.36,0.57,2018-07-25,551,N,VIIRS,h,2,299.96,27.68,D,1,VIIRS_SNPP_SP,2018-07-25 05:51:00,2018-07-25 12:51:00
-6.10957,105.42475,316.82,0.51,0.41,2018-07-25,1835,N,VIIRS,n,2,296.82,2.85,N,1,VIIRS_SNPP_SP,2018-07-25 18:35:00,2018-07-26 01:35:00
-6.10888,105.42011,316.63,0.51,0.41,2018-07-25,1835,N,VIIRS,n,2,295.13,2.85,N,1,VIIRS_SNPP_SP,2018-07-25 18:35:00,2018-07-26 01:35:00
-6.10665,105.40897,330.35,0.76,0.77,2018-07-26,532,N,VIIRS,n,2,290.93,14.21,D,3,VIIRS_SNPP_SP,2018-07-26 05:32:00,2018-07-26 12:32:00
-6.1057,105.41622,341.45,0.76,0.77,2018-07-26,532,N,VIIRS,n,2,294.24,21.81,D,3,VIIRS_SNPP_SP,2018-07-26 05:32:00,2018-07-26 12:32:00
-6.10498,105.40707,330.63,0.76,0.77,2018-07-26,532,N,VIIRS,n,2,290.29,10.85,D,3,VIIRS_SNPP_SP,2018-07-26 05:32:00,2018-07-26 12:32:00
-6.10399,105.41425,343.45,0.75,0.77,2018-07-26,532,N,VIIRS,n,2,293.85,10.85,D,3,VIIRS_SNPP_SP,2018-07-26 05:32:00,2018-07-26 12:32:00
-6.10476,105.42406,347.76,0.53,0.67,2018-07-26,713,N,VIIRS,n,2,298.03,10.47,D,1,VIIRS_SNPP_SP,2018-07-26 07:13:00,2018-07-26 14:13:00
-6.10382,105.42931,347.43,0.53,0.67,2018-07-26,713,N,VIIRS,n,2,295.57,10.47,D,1,VIIRS_SNPP_SP,2018-07-26 07:13:00,2018-07-26 14:13:00
-6.10835,105.42267,316.42,0.39,0.36,2018-07-26,1816,N,VIIRS,n,2,297.91,3.14,N,1,VIIRS_SNPP_SP,2018-07-26 18:16:00,2018-07-27 01:16:00
-6.1078,105.41917,309.69,0.39,0.36,2018-07-26,1816,N,VIIRS,n,2,295.92,2.25,N,1,VIIRS_SNPP_SP,2018-07-26 18:16:00,2018-07-27 01:16:00
-6.10247,105.42294,341.46,0.51,0.49,2018-07-27,654,N,VIIRS,n,2,306.52,20.13,D,1,VIIRS_SNPP_SP,2018-07-27 06:54:00,2018-07-27 13:54:00
-6.10168,105.42781,344.99,0.51,0.49,2018-07-27,654,N,VIIRS,n,2,300.86,19.62,D,1,VIIRS_SNPP_SP,2018-07-27 06:54:00,2018-07-27 13:54:00
-6.10146,105.42684,346.12,0.51,0.49,2018-07-27,654,N,VIIRS,n,2,305.8,25.18,D,1,VIIRS_SNPP_SP,2018-07-27 06:54:00,2018-07-27 13:54:00
-6.10663,105.42218,340.34,0.42,0.45,2018-07-27,1758,N,VIIRS,n,2,297.97,10.58,N,1,VIIRS_SNPP_SP,2018-07-27 17:58:00,2018-07-28 00:58:00
-6.10598,105.41835,319.5,0.42,0.45,2018-07-27,1758,N,VIIRS,n,2,294.49,11.62,N,1,VIIRS_SNPP_SP,2018-07-27 17:58:00,2018-07-28 00:58:00
-6.10249,105.42302,330.38,0.42,0.45,2018-07-27,1758,N,VIIRS,n,2,301.34,10.58,N,1,VIIRS_SNPP_SP,2018-07-27 17:58:00,2018-07-28 00:58:00
-6.10184,105.4192,340.98,0.42,0.45,2018-07-27,1758,N,VIIRS,n,2,297.66,11.62,N,1,VIIRS_SNPP_SP,2018-07-27 17:58:00,2018-07-28 00:58:00
-6.10205,105.4214,338.78,0.42,0.38,2018-07-28,635,N,VIIRS,n,2,307.01,10.46,D,1,VIIRS_SNPP_SP,2018-07-28 06:35:00,2018-07-28 13:35:00
-6.10146,105.42523,338.44,0.42,0.38,2018-07-28,635,N,VIIRS,n,2,300.18,10.46,D,1,VIIRS_SNPP_SP,2018-07-28 06:35:00,2018-07-28 13:35:00
-6.10231,105.42136,328.65,0.43,0.62,2018-07-28,1739,N,VIIRS,n,2,289.11,4.73,N,1,VIIRS_SNPP_SP,2018-07-28 17:39:00,2018-07-29 00:39:00
-6.10143,105.41639,344.85,0.43,0.62,2018-07-28,1739,N,VIIRS,n,2,290.17,8.05,N,1,VIIRS_SNPP_SP,2018-07-28 17:39:00,2018-07-29 00:39:00
-6.10379,105.42525,319.28,0.45,0.63,2018-07-29,1900,N,VIIRS,n,2,284.28,1.8,N,1,VIIRS_SNPP_SP,2018-07-29 19:00:00,2018-07-30 02:00:00
-6.10072,105.42424,347.08,0.5,0.41,2018-07-25,641,N20,VIIRS,n,2,305.41,22.39,D,1,VIIRS_NOAA20_SP,2018-07-25 06:41:00,2018-07-25 13:41:00
-6.10539,105.42583,309.99,0.34,0.56,2018-07-25,1744,N20,VIIRS,n,2,294.5,5.25,N,1,VIIRS_NOAA20_SP,2018-07-25 17:44:00,2018-07-26 00:44:00
-6.10489,105.42293,346.08,0.34,0.56,2018-07-25,1744,N20,VIIRS,n,2,299.71,12.24,N,1,VIIRS_NOAA20_SP,2018-07-25 17:44:00,2018-07-26 00:44:00
-6.10436,105.41987,367.0,0.34,0.56,2018-07-25,1744,N20,VIIRS,h,2,301.0,12.24,N,1,VIIRS_NOAA20_SP,2018-07-25 17:44:00,2018-07-26 00:44:00
-6.10378,105.41655,317.45,0.34,0.56,2018-07-25,1744,N20,VIIRS,n,2,293.38,8.31,N,1,VIIRS_NOAA20_SP,2018-07-25 17:44:00,2018-07-26 00:44:00
-6.09975,105.42361,311.39,0.34,0.56,2018-07-25,1744,N20,VIIRS,n,2,293.63,12.24,N,1,VIIRS_NOAA20_SP,2018-07-25 17:44:00,2018-07-26 00:44:00
-6.09923,105.42062,348.7,0.34,0.56,2018-07-25,1744,N20,VIIRS,n,2,305.77,12.24,N,1,VIIRS_NOAA20_SP,2018-07-25 17:44:00,2018-07-26 00:44:00
-6.09859,105.41694,338.89,0.34,0.56,2018-07-25,1744,N20,VIIRS,n,2,293.45,8.31,N,1,VIIRS_NOAA20_SP,2018-07-25 17:44:00,2018-07-26 00:44:00
-6.09805,105.41387,309.34,0.34,0.56,2018-07-25,1744,N20,VIIRS,n,2,292.44,8.31,N,1,VIIRS_NOAA20_SP,2018-07-25 17:44:00,2018-07-26 00:44:00
-6.10255,105.42078,342.27,0.39,0.36,2018-07-26,622,N20,VIIRS,n,2,307.66,9.92,D,1,VIIRS_NOAA20_SP,2018-07-26 06:22:00,2018-07-26 13:22:00
-6.10202,105.42429,336.08,0.39,0.36,2018-07-26,622,N20,VIIRS,n,2,305.25,9.92,D,1,VIIRS_NOAA20_SP,2018-07-26 06:22:00,2018-07-26 13:22:00
-6.09771,105.41608,339.44,0.71,0.75,2018-07-26,1726,N20,VIIRS,n,2,292.97,9.41,N,1,VIIRS_NOAA20_SP,2018-07-26 17:26:00,2018-07-27 00:26:00
-6.09752,105.41628,342.14,0.71,0.75,2018-07-26,1726,N20,VIIRS,n,2,293.01,7.38,N,1,VIIRS_NOAA20_SP,2018-07-26 17:26:00,2018-07-27 00:26:00
-6.10699,105.42579,313.4,0.6,0.7,2018-07-26,1906,N20,VIIRS,n,2,292.68,5.62,N,1,VIIRS_NOAA20_SP,2018-07-26 19:06:00,2018-07-27 02:06:00
-6.10632,105.42858,334.94,0.6,0.7,2018-07-26,1906,N20,VIIRS,n,2,292.59,6.14,N,1,VIIRS_NOAA20_SP,2018-07-26 19:06:00,2018-07-27 02:06:00
-6.10625,105.42028,307.13,0.6,0.7,2018-07-26,1906,N20,VIIRS,n,2,291.4,5.62,N,1,VIIRS_NOAA20_SP,2018-07-26 19:06:00,2018-07-27 02:06:00
-6.10551,105.42284,335.17,0.59,0.7,2018-07-26,1906,N20,VIIRS,n,2,293.57,6.08,N,1,VIIRS_NOAA20_SP,2018-07-26 19:06:00,2018-07-27 02:06:00
-6.10052,105.42652,367.0,0.6,0.7,2018-07-26,1906,N20,VIIRS,h,2,294.75,5.62,N,1,VIIRS_NOAA20_SP,2018-07-26 19:06:00,2018-07-27 02:06:00
-6.0999,105.42965,318.57,0.6,0.7,2018-07-26,1906,N20,VIIRS,n,2,290.37,6.14,N,1,VIIRS_NOAA20_SP,2018-07-26 19:06:00,2018-07-27 02:06:00
-6.09907,105.42378,308.26,0.59,0.7,2018-07-26,1906,N20,VIIRS,n,2,290.25,6.08,N,1,VIIRS_NOAA20_SP,2018-07-26 19:06:00,2018-07-27 02:06:00
-6.10531,105.42052,341.58,0.44,0.46,2018-07-27,603,N20,VIIRS,n,2,315.59,22.17,D,1,VIIRS_NOAA20_SP,2018-07-27 06:03:00,2018-07-27 13:03:00
-6.10473,105.42443,334.23,0.44,0.46,2018-07-27,603,N20,VIIRS,l,2,307.5,17.22,D,1,VIIRS_NOAA20_SP,2018-07-27 06:03:00,2018-07-27 13:03:00
-6.10458,105.42399,345.37,0.44,0.46,2018-07-27,603,N20,VIIRS,n,2,310.17,19.97,D,1,VIIRS_NOAA20_SP,2018-07-27 06:03:00,2018-07-27 13:03:00
-6.10411,105.42838,306.41,0.56,0.51,2018-07-27,1847,N20,VIIRS,n,2,291.81,2.93,N,1,VIIRS_NOAA20_SP,2018-07-27 18:47:00,2018-07-28 01:47:00
-6.10335,105.42319,326.09,0.56,0.51,2018-07-27,1847,N20,VIIRS,n,2,293.79,2.93,N,1,VIIRS_NOAA20_SP,2018-07-27 18:47:00,2018-07-28 01:47:00
-6.10635,105.42068,367.0,0.46,0.64,2018-07-28,544,N20,VIIRS,h,2,302.7,12.03,D,1,VIIRS_NOAA20_SP,2018-07-28 05:44:00,2018-07-28 12:44:00
-6.10579,105.42479,333.29,0.46,0.64,2018-07-28,544,N20,VIIRS,n,2,301.49,12.03,D,1,VIIRS_NOAA20_SP,2018-07-28 05:44:00,2018-07-28 12:44:00
-6.10694,105.42329,317.16,0.44,0.38,2018-07-28,1828,N20,VIIRS,n,2,295.35,1.85,N,1,VIIRS_NOAA20_SP,2018-07-28 18:28:00,2018-07-29 01:28:00
-6.10634,105.4194,306.18,0.44,0.38,2018-07-28,1828,N20,VIIRS,n,2,292.92,1.85,N,1,VIIRS_NOAA20_SP,2018-07-28 18:28:00,2018-07-29 01:28:00
-6.10342,105.42376,345.08,0.44,0.38,2018-07-28,1828,N20,VIIRS,n,2,300.6,11.27,N,1,VIIRS_NOAA20_SP,2018-07-28 18:28:00,2018-07-29 01:28:00
-6.1061,105.42291,335.79,0.42,0.38,2018-07-29,1810,N20,VIIRS,n,2,297.08,5.35,N,1,VIIRS_NOAA20_SP,2018-07-29 18:10:00,2018-07-30 01:10:00
-6.10548,105.41915,327.66,0.42,0.38,2018-07-29,1810,N20,VIIRS,n,2,293.29,3.71,N,1,VIIRS_NOAA20_SP,2018-07-29 18:10:00,2018-07-30 01:10:00
-6.10203,105.4197,332.7,0.42,0.38,2018-07-29,1810,N20,VIIRS,n,2,297.43,11.95,N,1,VIIRS_NOAA20_SP,2018-07-29 18:10:00,2018-07-30 01:10:00
-6.10573,105.41779,334.81,0.56,0.52,2018-07-30,557,N,VIIRS,n,2,298.19,16.01,D,1,VIIRS_SNPP_SP,2018-07-30 05:57:00,2018-07-30 12:57:00
-6.10495,105.42318,344.82,0.56,0.52,2018-07-30,557,N,VIIRS,n,2,306.81,16.01,D,1,VIIRS_SNPP_SP,2018-07-30 05:57:00,2018-07-30 12:57:00
-6.10481,105.42072,353.0,0.56,0.52,2018-07-30,557,N,VIIRS,n,2,307.17,22.34,D,1,VIIRS_SNPP_SP,2018-07-30 05:57:00,2018-07-30 12:57:00
-6.10587,105.42589,324.72,0.43,0.46,2018-07-30,1842,N,VIIRS,n,2,296.08,4.74,N,1,VIIRS_SNPP_SP,2018-07-30 18:42:00,2018-07-31 01:42:00
-6.10527,105.42181,328.55,0.43,0.46,2018-07-30,1842,N,VIIRS,n,2,298.43,6.48,N,1,VIIRS_SNPP_SP,2018-07-30 18:42:00,2018-07-31 01:42:00
-6.10165,105.42645,314.8,0.43,0.46,2018-07-30,1842,N,VIIRS,n,2,295.06,2.82,N,1,VIIRS_SNPP_SP,2018-07-30 18:42:00,2018-07-31 01:42:00
-6.10107,105.42249,317.86,0.43,0.46,2018-07-30,1842,N,VIIRS,n,2,295.97,2.72,N,1,VIIRS_SNPP_SP,2018-07-30 18:42:00,2018-07-31 01:42:00
-6.1027,105.41995,343.23,0.59,0.7,2018-07-31,539,N,VIIRS,n,2,297.16,18.26,D,1,VIIRS_SNPP_SP,2018-07-31 05:39:00,2018-07-31 12:39:00
-6.1028,105.42155,328.87,0.68,0.74,2018-07-31,719,N,VIIRS,n,2,295.85,13.83,D,1,VIIRS_SNPP_SP,2018-07-31 07:19:00,2018-07-31 14:19:00
-6.1017,105.42519,355.81,0.68,0.74,2018-07-31,719,N,VIIRS,n,2,298.02,14.03,D,1,VIIRS_SNPP_SP,2018-07-31 07:19:00,2018-07-31 14:19:00
-6.10157,105.42834,367.0,0.68,0.74,2018-07-31,719,N,VIIRS,h,2,297.9,24.17,D,1,VIIRS_SNPP_SP,2018-07-31 07:19:00,2018-07-31 14:19:00
-6.10029,105.43269,326.86,0.68,0.74,2018-07-31,719,N,VIIRS,n,2,292.9,14.03,D,3,VIIRS_SNPP_SP,2018-07-31 07:19:00,2018-07-31 14:19:00
-6.10712,105.42125,310.88,0.39,0.36,2018-07-31,1823,N,VIIRS,n,2,294.52,8.43,N,1,VIIRS_SNPP_SP,2018-07-31 18:23:00,2018-08-01 01:23:00
-6.10377,105.42175,339.61,0.39,0.36,2018-07-31,1823,N,VIIRS,n,2,306.88,8.43,N,1,VIIRS_SNPP_SP,2018-07-31 18:23:00,2018-08-01 01:23:00
-6.10732,105.42013,316.93,0.5,0.41,2018-08-01,1804,N,VIIRS,n,2,296.16,7.49,N,1,VIIRS_SNPP_SP,2018-08-01 18:04:00,2018-08-02 01:04:00
-6.1072,105.4227,326.94,0.5,0.41,2018-08-01,1804,N,VIIRS,n,2,298.67,4.64,N,1,VIIRS_SNPP_SP,2018-08-01 18:04:00,2018-08-02 01:04:00
-6.10356,105.42085,335.54,0.5,0.41,2018-08-01,1804,N,VIIRS,n,2,306.31,7.49,N,1,VIIRS_SNPP_SP,2018-08-01 18:04:00,2018-08-02 01:04:00
-6.10345,105.42344,330.3,0.5,0.41,2018-08-01,1804,N,VIIRS,n,2,300.87,4.64,N,1,VIIRS_SNPP_SP,2018-08-01 18:04:00,2018-08-02 01:04:00
-6.10267,105.41884,315.19,0.5,0.41,2018-08-01,1804,N,VIIRS,n,2,295.29,7.96,N,1,VIIRS_SNPP_SP,2018-08-01 18:04:00,2018-08-02 01:04:00
-6.10414,105.42231,324.9,0.34,0.56,2018-08-02,1745,N,VIIRS,n,2,296.57,5.99,N,1,VIIRS_SNPP_SP,2018-08-02 17:45:00,2018-08-03 00:45:00
-6.10358,105.41913,367.0,0.34,0.56,2018-08-02,1745,N,VIIRS,h,2,301.83,13.64,N,1,VIIRS_SNPP_SP,2018-08-02 17:45:00,2018-08-03 00:45:00
-6.11474,105.41313,303.02,0.7,0.75,2018-08-03,1726,N,VIIRS,n,2,286.25,9.61,N,3,VIIRS_SNPP_SP,2018-08-03 17:26:00,2018-08-04 00:26:00
-6.11352,105.40659,306.04,0.7,0.75,2018-08-03,1726,N,VIIRS,n,2,285.12,3.85,N,3,VIIRS_SNPP_SP,2018-08-03 17:26:00,2018-08-04 00:26:00
-6.1123,105.40004,303.75,0.7,0.75,2018-08-03,1726,N,VIIRS,n,2,285.69,3.85,N,3,VIIRS_SNPP_SP,2018-08-03 17:26:00,2018-08-04 00:26:00
-6.11109,105.39348,302.38,0.7,0.75,2018-08-03,1726,N,VIIRS,n,2,287.01,2.06,N,3,VIIRS_SNPP_SP,2018-08-03 17:26:00,2018-08-04 00:26:00
-6.10987,105.38691,304.47,0.7,0.75,2018-08-03,1726,N,VIIRS,n,2,286.3,2.06,N,3,VIIRS_SNPP_SP,2018-08-03 17:26:00,2018-08-04 00:26:00
-6.10912,105.42159,344.26,0.7,0.75,2018-08-03,1726,N,VIIRS,n,2,288.9,9.61,N,1,VIIRS_SNPP_SP,2018-08-03 17:26:00,2018-08-04 00:26:00
-6.10865,105.38035,306.07,0.7,0.75,2018-08-03,1726,N,VIIRS,n,2,283.08,2.01,N,3,VIIRS_SNPP_SP,2018-08-03 17:26:00,2018-08-04 00:26:00
-6.1078,105.41452,347.31,0.7,0.75,2018-08-03,1726,N,VIIRS,n,2,289.54,9.61,N,3,VIIRS_SNPP_SP,2018-08-03 17:26:00,2018-08-04 00:26:00
-6.10657,105.40793,318.32,0.7,0.75,2018-08-03,1726,N,VIIRS,n,2,288.59,3.85,N,3,VIIRS_SNPP_SP,2018-08-03 17:26:00,2018-08-04 00:26:00
-6.10536,105.40137,313.61,0.7,0.75,2018-08-03,1726,N,VIIRS,n,2,288.23,3.85,N,3,VIIRS_SNPP_SP,2018-08-03 17:26:00,2018-08-04 00:26:00
-6.10414,105.39482,312.88,0.7,0.75,2018-08-03,1726,N,VIIRS,n,2,287.48,2.06,N,3,VIIRS_SNPP_SP,2018-08-03 17:26:00,2018-08-04 00:26:00
-6.10291,105.38824,307.79,0.7,0.75,2018-08-03,1726,N,VIIRS,n,2,286.42,2.06,N,3,VIIRS_SNPP_SP,2018-08-03 17:26:00,2018-08-04 00:26:00
-6.10184,105.38247,311.98,0.7,0.75,2018-08-03,1726,N,VIIRS,n,2,284.47,2.01,N,3,VIIRS_SNPP_SP,2018-08-03 17:26:00,2018-08-04 00:26:00
-6.09963,105.40926,367.0,0.7,0.75,2018-08-03,1726,N,VIIRS,h,2,289.9,41.36,N,3,VIIRS_SNPP_SP,2018-08-03 17:26:00,2018-08-04 00:26:00
-6.09841,105.40272,325.37,0.7,0.75,2018-08-03,1726,N,VIIRS,n,2,288.0,41.36,N,3,VIIRS_SNPP_SP,2018-08-03 17:26:00,2018-08-04 00:26:00
-6.09719,105.3962,310.92,0.7,0.75,2018-08-03,1726,N,VIIRS,n,2,287.15,3.36,N,3,VIIRS_SNPP_SP,2018-08-03 17:26:00,2018-08-04 00:26:00
-6.09613,105.39053,301.53,0.7,0.75,2018-08-03,1726,N,VIIRS,n,2,286.67,3.36,N,3,VIIRS_SNPP_SP,2018-08-03 17:26:00,2018-08-04 00:26:00
-6.09568,105.41557,320.52,0.7,0.75,2018-08-03,1726,N,VIIRS,n,2,288.44,3.66,N,3,VIIRS_SNPP_SP,2018-08-03 17:26:00,2018-08-04 00:26:00
-6.09449,105.40897,310.06,0.7,0.75,2018-08-03,1726,N,VIIRS,n,2,288.34,3.66,N,3,VIIRS_SNPP_SP,2018-08-03 17:26:00,2018-08-04 00:26:00
-6.09331,105.4024,305.12,0.7,0.75,2018-08-03,1726,N,VIIRS,n,2,288.35,3.95,N,3,VIIRS_SNPP_SP,2018-08-03 17:26:00,2018-08-04 00:26:00
-6.09268,105.4106,302.59,0.7,0.75,2018-08-03,1726,N,VIIRS,n,2,288.66,41.36,N,3,VIIRS_SNPP_SP,2018-08-03 17:26:00,2018-08-04 00:26:00
-6.11267,105.41812,303.44,0.57,0.69,2018-08-03,1907,N,VIIRS,n,2,284.93,4.49,N,3,VIIRS_SNPP_SP,2018-08-03 19:07:00,2018-08-04 02:07:00
-6.10682,105.42334,346.09,0.57,0.69,2018-08-03,1907,N,VIIRS,n,2,286.07,8.25,N,1,VIIRS_SNPP_SP,2018-08-03 19:07:00,2018-08-04 02:07:00
-6.10613,105.41824,330.34,0.57,0.69,2018-08-03,1907,N,VIIRS,n,2,286.5,4.49,N,1,VIIRS_SNPP_SP,2018-08-03 19:07:00,2018-08-04 02:07:00
-6.10551,105.41376,311.68,0.57,0.69,2018-08-03,1907,N,VIIRS,n,2,285.53,4.49,N,3,VIIRS_SNPP_SP,2018-08-03 19:07:00,2018-08-04 02:07:00
-6.09968,105.41914,309.93,0.57,0.69,2018-08-03,1907,N,VIIRS,n,2,284.73,1.41,N,1,VIIRS_SNPP_SP,2018-08-03 19:07:00,2018-08-04 02:07:00
-6.09907,105.41466,306.97,0.57,0.69,2018-08-03,1907,N,VIIRS,n,2,285.27,1.41,N,3,VIIRS_SNPP_SP,2018-08-03 19:07:00,2018-08-04 02:07:00
-6.10457,105.42189,342.46,0.41,0.45,2018-07-30,647,N20,VIIRS,n,2,307.3,12.45,D,1,VIIRS_NOAA20_SP,2018-07-30 06:47:00,2018-07-30 13:47:00
-6.10395,105.42569,346.49,0.41,0.45,2018-07-30,647,N20,VIIRS,n,2,301.51,12.45,D,1,VIIRS_NOAA20_SP,2018-07-30 06:47:00,2018-07-30 13:47:00
-6.10428,105.42335,344.3,0.52,0.5,2018-07-30,1751,N20,VIIRS,n,2,300.67,10.03,N,1,VIIRS_NOAA20_SP,2018-07-30 17:51:00,2018-07-31 00:51:00
-6.10345,105.4184,339.2,0.52,0.5,2018-07-30,1751,N20,VIIRS,n,2,298.87,10.03,N,1,VIIRS_NOAA20_SP,2018-07-30 17:51:00,2018-07-31 00:51:00
-6.09886,105.4192,314.44,0.52,0.5,2018-07-30,1751,N20,VIIRS,n,2,295.28,10.03,N,1,VIIRS_NOAA20_SP,2018-07-30 17:51:00,2018-07-31 00:51:00
-6.10486,105.426,332.85,0.39,0.36,2018-07-31,628,N20,VIIRS,l,2,303.33,10.61,D,1,VIIRS_NOAA20_SP,2018-07-31 06:28:00,2018-07-31 13:28:00
-6.10651,105.42038,305.46,0.55,0.68,2018-07-31,1732,N20,VIIRS,n,2,287.72,3.4,N,1,VIIRS_NOAA20_SP,2018-07-31 17:32:00,2018-08-01 00:32:00
-6.10434,105.42316,308.15,0.55,0.68,2018-07-31,1732,N20,VIIRS,n,2,288.42,3.78,N,1,VIIRS_NOAA20_SP,2018-07-31 17:32:00,2018-08-01 00:32:00
-6.10334,105.41779,341.3,0.55,0.68,2018-07-31,1732,N20,VIIRS,n,2,289.57,3.78,N,1,VIIRS_NOAA20_SP,2018-07-31 17:32:00,2018-08-01 00:32:00
-6.10029,105.4218,309.38,0.55,0.68,2018-07-31,1732,N20,VIIRS,n,2,287.94,3.4,N,1,VIIRS_NOAA20_SP,2018-07-31 17:32:00,2018-08-01 00:32:00
-6.09921,105.41566,340.95,0.55,0.68,2018-07-31,1732,N20,VIIRS,n,2,289.28,3.4,N,1,VIIRS_NOAA20_SP,2018-07-31 17:32:00,2018-08-01 00:32:00
-6.10376,105.43005,309.63,0.77,0.77,2018-07-31,1912,N20,VIIRS,n,2,290.28,9.77,N,1,VIIRS_NOAA20_SP,2018-07-31 19:12:00,2018-08-01 02:12:00
-6.1044,105.42613,343.02,0.36,0.57,2018-08-01,1854,N20,VIIRS,n,2,296.38,7.51,N,1,VIIRS_NOAA20_SP,2018-08-01 18:54:00,2018-08-02 01:54:00
-6.10393,105.42281,327.06,0.36,0.57,2018-08-01,1854,N20,VIIRS,n,2,294.53,6.85,N,1,VIIRS_NOAA20_SP,2018-08-01 18:54:00,2018-08-02 01:54:00
-6.10775,105.42207,343.16,0.36,0.57,2018-08-02,551,N20,VIIRS,n,2,306.83,4.19,D,1,VIIRS_NOAA20_SP,2018-08-02 05:51:00,2018-08-02 12:51:00
-6.10731,105.42522,332.12,0.36,0.57,2018-08-02,551,N20,VIIRS,n,2,304.33,4.19,D,1,VIIRS_NOAA20_SP,2018-08-02 05:51:00,2018-08-02 12:51:00
-6.10293,105.41812,341.95,0.36,0.57,2018-08-02,551,N20,VIIRS,n,2,304.64,12.5,D,1,VIIRS_NOAA20_SP,2018-08-02 05:51:00,2018-08-02 12:51:00
-6.10244,105.42164,367.0,0.36,0.57,2018-08-02,551,N20,VIIRS,h,2,311.43,21.74,D,1,VIIRS_NOAA20_SP,2018-08-02 05:51:00,2018-08-02 12:51:00
-6.10797,105.41351,352.9,0.77,0.77,2018-08-03,532,N20,VIIRS,n,2,292.16,20.55,D,3,VIIRS_NOAA20_SP,2018-08-03 05:32:00,2018-08-03 12:32:00
-6.10687,105.42155,367.0,0.77,0.77,2018-08-03,532,N20,VIIRS,h,2,293.17,20.55,D,1,VIIRS_NOAA20_SP,2018-08-03 05:32:00,2018-08-03 12:32:00
-6.10464,105.41366,344.1,0.77,0.77,2018-08-03,532,N20,VIIRS,n,2,292.67,18.23,D,1,VIIRS_NOAA20_SP,2018-08-03 05:32:00,2018-08-03 12:32:00
-6.10354,105.42211,355.23,0.77,0.77,2018-08-03,532,N20,VIIRS,n,2,293.87,22.23,D,1,VIIRS_NOAA20_SP,2018-08-03 05:32:00,2018-08-03 12:32:00
-6.10483,105.42469,334.62,0.55,0.68,2018-08-03,712,N20,VIIRS,n,2,286.77,17.74,D,1,VIIRS_NOAA20_SP,2018-08-03 07:12:00,2018-08-03 14:12:00
-6.10385,105.43009,356.39,0.55,0.68,2018-08-03,712,N20,VIIRS,l,2,288.34,17.74,D,1,VIIRS_NOAA20_SP,2018-08-03 07:12:00,2018-08-03 14:12:00
-6.11599,105.42256,309.74,0.39,0.36,2018-08-03,1816,N20,VIIRS,n,2,289.45,2.34,N,3,VIIRS_NOAA20_SP,2018-08-03 18:16:00,2018-08-04 01:16:00
-6.11322,105.42657,308.32,0.39,0.36,2018-08-03,1816,N20,VIIRS,n,2,289.8,3.29,N,3,VIIRS_NOAA20_SP,2018-08-03 18:16:00,2018-08-04 01:16:00
-6.11267,105.4231,336.5,0.39,0.36,2018-08-03,1816,N20,VIIRS,n,2,287.41,3.29,N,3,VIIRS_NOAA20_SP,2018-08-03 18:16:00,2018-08-04 01:16:00
-6.11212,105.41961,329.28,0.39,0.36,2018-08-03,1816,N20,VIIRS,n,2,283.47,5.1,N,3,VIIRS_NOAA20_SP,2018-08-03 18:16:00,2018-08-04 01:16:00
-6.1099,105.42709,314.47,0.39,0.36,2018-08-03,1816,N20,VIIRS,n,2,289.92,3.29,N,1,VIIRS_NOAA20_SP,2018-08-03 18:16:00,2018-08-04 01:16:00
-6.10935,105.42364,351.22,0.39,0.36,2018-08-03,1816,N20,VIIRS,n,2,287.98,3.29,N,1,VIIRS_NOAA20_SP,2018-08-03 18:16:00,2018-08-04 01:16:00
-6.1088,105.42016,367.0,0.39,0.36,2018-08-03,1816,N20,VIIRS,h,2,286.15,5.1,N,1,VIIRS_NOAA20_SP,2018-08-03 18:16:00,2018-08-04 01:16:00
-6.10825,105.41668,333.62,0.39,0.36,2018-08-03,1816,N20,VIIRS,n,2,282.7,5.1,N,1,VIIRS_NOAA20_SP,2018-08-03 18:16:00,2018-08-04 01:16:00
-6.10438,105.4137,311.8,0.39,0.36,2018-08-03,1816,N20,VIIRS,n,2,282.04,1.07,N,1,VIIRS_NOAA20_SP,2018-08-03 18:16:00,2018-08-04 01:16:00
-6.10106,105.41423,314.64,0.39,0.36,2018-08-03,1816,N20,VIIRS,n,2,282.87,1.07,N,1,VIIRS_NOAA20_SP,2018-08-03 18:16:00,2018-08-04 01:16:00
-6.09995,105.42869,308.74,0.39,0.36,2018-08-03,1816,N20,VIIRS,n,2,288.85,3.02,N,1,VIIRS_NOAA20_SP,2018-08-03 18:16:00,2018-08-04 01:16:00
-6.0994,105.42522,354.0,0.39,0.36,2018-08-03,1816,N20,VIIRS,n,2,287.22,3.02,N,1,VIIRS_NOAA20_SP,2018-08-03 18:16:00,2018-08-04 01:16:00
-6.09885,105.42176,355.74,0.39,0.36,2018-08-03,1816,N20,VIIRS,n,2,285.94,4.11,N,1,VIIRS_NOAA20_SP,2018-08-03 18:16:00,2018-08-04 01:16:00
-6.0983,105.41827,334.81,0.39,0.36,2018-08-03,1816,N20,VIIRS,n,2,283.79,4.11,N,1,VIIRS_NOAA20_SP,2018-08-03 18:16:00,2018-08-04 01:16:00
-6.09774,105.41476,316.17,0.39,0.36,2018-08-03,1816,N20,VIIRS,n,2,283.67,1.46,N,1,VIIRS_NOAA20_SP,2018-08-03 18:16:00,2018-08-04 01:16:00
-6.09664,105.42921,305.94,0.39,0.36,2018-08-03,1816,N20,VIIRS,n,2,289.39,3.02,N,3,VIIRS_NOAA20_SP,2018-08-03 18:16:00,2018-08-04 01:16:00
-6.09609,105.42574,326.58,0.39,0.36,2018-08-03,1816,N20,VIIRS,n,2,287.44,3.02,N,1,VIIRS_NOAA20_SP,2018-08-03 18:16:00,2018-08-04 01:16:00
-6.09554,105.42228,330.83,0.39,0.36,2018-08-03,1816,N20,VIIRS,n,2,285.83,4.11,N,1,VIIRS_NOAA20_SP,2018-08-03 18:16:00,2018-08-04 01:16:00
-6.09498,105.41879,321.69,0.39,0.36,2018-08-03,1816,N20,VIIRS,n,2,283.71,4.11,N,3,VIIRS_NOAA20_SP,2018-08-03 18:16:00,2018-08-04 01:16:00
-6.09443,105.41528,311.1,0.39,0.36,2018-08-03,1816,N20,VIIRS,n,2,284.9,1.46,N,3,VIIRS_NOAA20_SP,2018-08-03 18:16:00,2018-08-04 01:16:00
-6.13037,105.43696,296.42,0.54,0.51,2018-08-04,1848,N,VIIRS,n,2,274.01,0.88,N,3,VIIRS_SNPP_SP,2018-08-04 18:48:00,2018-08-05 01:48:00
-6.12968,105.43199,297.54,0.54,0.51,2018-08-04,1848,N,VIIRS,n,2,275.62,0.88,N,3,VIIRS_SNPP_SP,2018-08-04 18:48:00,2018-08-05 01:48:00
-6.12879,105.43354,297.59,0.54,0.51,2018-08-04,1848,N,VIIRS,n,2,274.68,2.92,N,3,VIIRS_SNPP_SP,2018-08-04 18:48:00,2018-08-05 01:48:00
-6.12626,105.44908,296.67,0.54,0.51,2018-08-04,1848,N,VIIRS,n,2,271.28,1.0,N,3,VIIRS_SNPP_SP,2018-08-04 18:48:00,2018-08-05 01:48:00
-6.12553,105.44412,300.76,0.54,0.51,2018-08-04,1848,N,VIIRS,n,2,271.72,1.55,N,3,VIIRS_SNPP_SP,2018-08-04 18:48:00,2018-08-05 01:48:00
-6.12481,105.43917,302.92,0.54,0.51,2018-08-04,1848,N,VIIRS,n,2,272.37,1.55,N,3,VIIRS_SNPP_SP,2018-08-04 18:48:00,2018-08-05 01:48:00
-6.12227,105.45473,295.29,0.54,0.51,2018-08-04,1848,N,VIIRS,n,2,269.6,1.0,N,3,VIIRS_SNPP_SP,2018-08-04 18:48:00,2018-08-05 01:48:00
-6.12155,105.44977,304.23,0.54,0.51,2018-08-04,1848,N,VIIRS,n,2,272.99,1.0,N,3,VIIRS_SNPP_SP,2018-08-04 18:48:00,2018-08-05 01:48:00
-6.12082,105.44481,304.9,0.54,0.51,2018-08-04,1848,N,VIIRS,n,2,272.12,1.55,N,3,VIIRS_SNPP_SP,2018-08-04 18:48:00,2018-08-05 01:48:00
-6.1201,105.43985,310.96,0.54,0.51,2018-08-04,1848,N,VIIRS,n,2,272.87,1.55,N,3,VIIRS_SNPP_SP,2018-08-04 18:48:00,2018-08-05 01:48:00
-6.11938,105.4349,304.03,0.54,0.51,2018-08-04,1848,N,VIIRS,n,2,272.3,1.78,N,3,VIIRS_SNPP_SP,2018-08-04 18:48:00,2018-08-05 01:48:00
-6.11865,105.42995,297.0,0.54,0.51,2018-08-04,1848,N,VIIRS,n,2,272.35,1.78,N,3,VIIRS_SNPP_SP,2018-08-04 18:48:00,2018-08-05 01:48:00
-6.11793,105.42501,299.51,0.54,0.51,2018-08-04,1848,N,VIIRS,n,2,273.39,2.43,N,3,VIIRS_SNPP_SP,2018-08-04 18:48:00,2018-08-05 01:48:00
-6.11756,105.45541,296.13,0.54,0.51,2018-08-04,1848,N,VIIRS,n,2,268.56,1.23,N,3,VIIRS_SNPP_SP,2018-08-04 18:48:00,2018-08-05 01:48:00
-6.11684,105.45045,308.92,0.54,0.51,2018-08-04,1848,N,VIIRS,n,2,270.47,1.23,N,3,VIIRS_SNPP_SP,2018-08-04 18:48:00,2018-08-05 01:48:00
-6.11612,105.44549,303.98,0.54,0.51,2018-08-04,1848,N,VIIRS,n,2,270.69,1.76,N,3,VIIRS_SNPP_SP,2018-08-04 18:48:00,2018-08-05 01:48:00
-6.11539,105.44054,304.65,0.54,0.51,2018-08-04,1848,N,VIIRS,n,2,271.24,1.76,N,3,VIIRS_SNPP_SP,2018-08-04 18:48:00,2018-08-05 01:48:00
-6.11467,105.43558,321.53,0.54,0.51,2018-08-04,1848,N,VIIRS,n,2,273.69,2.97,N,3,VIIRS_SNPP_SP,2018-08-04 18:48:00,2018-08-05 01:48:00
-6.11395,105.43063,309.05,0.54,0.51,2018-08-04,1848,N,VIIRS,n,2,272.61,2.97,N,3,VIIRS_SNPP_SP,2018-08-04 18:48:00,2018-08-05 01:48:00
-6.11323,105.42569,308.81,0.54,0.51,2018-08-04,1848,N,VIIRS,n,2,274.02,4.79,N,3,VIIRS_SNPP_SP,2018-08-04 18:48:00,2018-08-05 01:48:00
-6.1125,105.42072,304.92,0.54,0.51,2018-08-04,1848,N,VIIRS,n,2,274.55,4.79,N,3,VIIRS_SNPP_SP,2018-08-04 18:48:00,2018-08-05 01:48:00
-6.11213,105.45113,305.63,0.54,0.51,2018-08-04,1848,N,VIIRS,n,2,269.29,1.23,N,3,VIIRS_SNPP_SP,2018-08-04 18:48:00,2018-08-05 01:48:00
-6.10997,105.43626,313.56,0.54,0.51,2018-08-04,1848,N,VIIRS,n,2,272.22,2.97,N,3,VIIRS_SNPP_SP,2018-08-04 18:48:00,2018-08-05 01:48:00
-6.10925,105.43132,320.89,0.54,0.51,2018-08-04,1848,N,VIIRS,n,2,274.2,2.97,N,3,VIIRS_SNPP_SP,2018-08-04 18:48:00,2018-08-05 01:48:00
-6.10853,105.42635,333.66,0.54,0.51,2018-08-04,1848,N,VIIRS,n,2,275.23,4.79,N,1,VIIRS_SNPP_SP,2018-08-04 18:48:00,2018-08-05 01:48:00
-6.10774,105.42094,342.06,0.54,0.51,2018-08-04,1848,N,VIIRS,n,2,275.63,4.79,N,1,VIIRS_SNPP_SP,2018-08-04 18:48:00,2018-08-05 01:48:00
-6.10705,105.41625,307.89,0.54,0.51,2018-08-04,1848,N,VIIRS,n,2,274.95,1.98,N,3,VIIRS_SNPP_SP,2018-08-04 18:48:00,2018-08-05 01:48:00
-6.10637,105.41157,295.78,0.54,0.51,2018-08-04,1848,N,VIIRS,n,2,275.06,1.98,N,3,VIIRS_SNPP_SP,2018-08-04 18:48:00,2018-08-05 01:48:00
-6.10374,105.42645,317.56,0.54,0.51,2018-08-04,1848,N,VIIRS,n,2,276.44,12.39,N,1,VIIRS_SNPP_SP,2018-08-04 18:48:00,2018-08-05 01:48:00
-6.103,105.42139,356.69,0.54,0.51,2018-08-04,1848,N,VIIRS,n,2,294.0,12.39,N,1,VIIRS_SNPP_SP,2018-08-04 18:48:00,2018-08-05 01:48:00
-6.10234,105.41682,324.28,0.54,0.51,2018-08-04,1848,N,VIIRS,n,2,276.55,2.89,N,1,VIIRS_SNPP_SP,2018-08-04 18:48:00,2018-08-05 01:48:00
-6.10168,105.41225,310.72,0.54,0.51,2018-08-04,1848,N,VIIRS,n,2,277.65,2.89,N,3,VIIRS_SNPP_SP,2018-08-04 18:48:00,2018-08-05 01:48:00
-6.10096,105.40732,300.26,0.54,0.51,2018-08-04,1848,N,VIIRS,n,2,276.86,3.07,N,3,VIIRS_SNPP_SP,2018-08-04 18:48:00,2018-08-05 01:48:00
-6.09834,105.42229,317.5,0.54,0.51,2018-08-04,1848,N,VIIRS,n,2,276.25,12.39,N,1,VIIRS_SNPP_SP,2018-08-04 18:48:00,2018-08-05 01:48:00
-6.09764,105.41752,296.51,0.54,0.51,2018-08-04,1848,N,VIIRS,n,2,274.57,2.89,N,1,VIIRS_SNPP_SP,2018-08-04 18:48:00,2018-08-05 01:48:00
-6.09698,105.41293,296.72,0.54,0.51,2018-08-04,1848,N,VIIRS,n,2,276.02,2.89,N,3,VIIRS_SNPP_SP,2018-08-04 18:48:00,2018-08-05 01:48:00
-6.10904,105.4113,331.06,0.46,0.64,2018-08-05,545,N,VIIRS,n,2,293.2,7.25,D,3,VIIRS_SNPP_SP,2018-08-05 05:45:00,2018-08-05 12:45:00
-6.10844,105.4156,341.72,0.46,0.64,2018-08-05,545,N,VIIRS,n,2,296.57,26.52,D,3,VIIRS_SNPP_SP,2018-08-05 05:45:00,2018-08-05 12:45:00
-6.10776,105.42057,367.0,0.46,0.64,2018-08-05,545,N,VIIRS,h,2,312.95,26.52,D,1,VIIRS_SNPP_SP,2018-08-05 05:45:00,2018-08-05 12:45:00
-6.10718,105.42477,338.52,0.46,0.64,2018-08-05,545,N,VIIRS,n,2,294.03,31.35,D,1,VIIRS_SNPP_SP,2018-08-05 05:45:00,2018-08-05 12:45:00
-6.10312,105.41053,341.32,0.46,0.64,2018-08-05,545,N,VIIRS,n,2,286.24,9.56,D,3,VIIRS_SNPP_SP,2018-08-05 05:45:00,2018-08-05 12:45:00
-6.10252,105.41484,352.23,0.46,0.64,2018-08-05,545,N,VIIRS,n,2,287.86,28.99,D,1,VIIRS_SNPP_SP,2018-08-05 05:45:00,2018-08-05 12:45:00
-6.1018,105.42012,367.0,0.46,0.64,2018-08-05,545,N,VIIRS,h,2,290.41,28.99,D,1,VIIRS_SNPP_SP,2018-08-05 05:45:00,2018-08-05 12:45:00
-6.10539,105.42982,345.95,0.42,0.61,2018-08-06,707,N,VIIRS,n,2,295.85,47.55,D,3,VIIRS_SNPP_SP,2018-08-06 07:07:00,2018-08-06 14:07:00
-6.09972,105.42887,367.0,0.42,0.61,2018-08-06,707,N,VIIRS,h,2,301.97,54.76,D,1,VIIRS_SNPP_SP,2018-08-06 07:07:00,2018-08-06 14:07:00
-6.10823,105.41952,314.5,0.43,0.38,2018-08-06,1810,N,VIIRS,n,2,288.04,2.44,N,1,VIIRS_SNPP_SP,2018-08-06 18:10:00,2018-08-07 01:10:00
-6.1076,105.41553,308.44,0.43,0.38,2018-08-06,1810,N,VIIRS,n,2,287.88,2.44,N,3,VIIRS_SNPP_SP,2018-08-06 18:10:00,2018-08-07 01:10:00
-6.10537,105.424,318.26,0.43,0.38,2018-08-06,1810,N,VIIRS,n,2,287.86,3.04,N,1,VIIRS_SNPP_SP,2018-08-06 18:10:00,2018-08-07 01:10:00
-6.10476,105.42015,335.81,0.43,0.38,2018-08-06,1810,N,VIIRS,n,2,289.79,2.44,N,1,VIIRS_SNPP_SP,2018-08-06 18:10:00,2018-08-07 01:10:00
-6.10188,105.42455,307.47,0.43,0.38,2018-08-06,1810,N,VIIRS,n,2,287.05,1.63,N,1,VIIRS_SNPP_SP,2018-08-06 18:10:00,2018-08-07 01:10:00
-6.10127,105.42073,311.93,0.43,0.38,2018-08-06,1810,N,VIIRS,n,2,287.27,2.03,N,1,VIIRS_SNPP_SP,2018-08-06 18:10:00,2018-08-07 01:10:00
-6.09839,105.42508,304.61,0.43,0.38,2018-08-06,1810,N,VIIRS,n,2,288.78,1.63,N,1,VIIRS_SNPP_SP,2018-08-06 18:10:00,2018-08-07 01:10:00
-6.10382,105.42254,329.92,0.4,0.45,2018-08-07,648,N,VIIRS,n,2,290.1,5.12,D,1,VIIRS_SNPP_SP,2018-08-07 06:48:00,2018-08-07 13:48:00
-6.10322,105.42629,331.89,0.4,0.45,2018-08-07,648,N,VIIRS,n,2,290.26,6.16,D,1,VIIRS_SNPP_SP,2018-08-07 06:48:00,2018-08-07 13:48:00
-6.10858,105.42083,322.99,0.53,0.5,2018-08-07,1751,N,VIIRS,n,2,286.39,4.94,N,1,VIIRS_SNPP_SP,2018-08-07 17:51:00,2018-08-08 00:51:00
-6.1077,105.41576,307.3,0.53,0.5,2018-08-07,1751,N,VIIRS,n,2,285.09,3.8,N,3,VIIRS_SNPP_SP,2018-08-07 17:51:00,2018-08-08 00:51:00
-6.10483,105.4267,304.96,0.53,0.5,2018-08-07,1751,N,VIIRS,n,2,284.84,10.72,N,1,VIIRS_SNPP_SP,2018-08-07 17:51:00,2018-08-08 00:51:00
-6.10403,105.42208,347.53,0.53,0.5,2018-08-07,1751,N,VIIRS,n,2,295.84,10.72,N,1,VIIRS_SNPP_SP,2018-08-07 17:51:00,2018-08-08 00:51:00
-6.10314,105.417,342.84,0.53,0.5,2018-08-07,1751,N,VIIRS,n,2,288.22,15.13,N,1,VIIRS_SNPP_SP,2018-08-07 17:51:00,2018-08-08 00:51:00
-6.10223,105.41174,305.16,0.53,0.5,2018-08-07,1751,N,VIIRS,n,2,284.58,15.13,N,3,VIIRS_SNPP_SP,2018-08-07 17:51:00,2018-08-08 00:51:00
-6.10173,105.4241,320.43,0.53,0.5,2018-08-07,1751,N,VIIRS,n,2,285.53,14.25,N,1,VIIRS_SNPP_SP,2018-08-07 17:51:00,2018-08-08 00:51:00
-6.10093,105.41927,349.18,0.53,0.5,2018-08-07,1751,N,VIIRS,n,2,291.77,14.25,N,1,VIIRS_SNPP_SP,2018-08-07 17:51:00,2018-08-08 00:51:00
-6.10004,105.41387,305.99,0.53,0.5,2018-08-07,1751,N,VIIRS,n,2,285.63,3.94,N,3,VIIRS_SNPP_SP,2018-08-07 17:51:00,2018-08-08 00:51:00
-6.09937,105.42275,305.04,0.53,0.5,2018-08-07,1751,N,VIIRS,n,2,284.49,10.72,N,1,VIIRS_SNPP_SP,2018-08-07 17:51:00,2018-08-08 00:51:00
-6.10659,105.42094,345.17,0.39,0.36,2018-08-08,629,N,VIIRS,n,2,303.09,7.19,D,1,VIIRS_SNPP_SP,2018-08-08 06:29:00,2018-08-08 13:29:00
-6.10605,105.42443,348.6,0.39,0.36,2018-08-08,629,N,VIIRS,n,2,306.0,7.19,D,1,VIIRS_SNPP_SP,2018-08-08 06:29:00,2018-08-08 13:29:00
-6.11463,105.42406,334.32,0.52,0.5,2018-08-04,653,N20,VIIRS,n,2,286.23,10.68,D,3,VIIRS_NOAA20_SP,2018-08-04 06:53:00,2018-08-04 13:53:00
-6.11384,105.42878,342.14,0.52,0.5,2018-08-04,653,N20,VIIRS,n,2,284.6,10.68,D,3,VIIRS_NOAA20_SP,2018-08-04 06:53:00,2018-08-04 13:53:00
-6.11086,105.41847,342.13,0.52,0.5,2018-08-04,653,N20,VIIRS,n,2,288.87,15.74,D,1,VIIRS_NOAA20_SP,2018-08-04 06:53:00,2018-08-04 13:53:00
-6.11009,105.42306,367.0,0.52,0.5,2018-08-04,653,N20,VIIRS,h,2,293.06,10.68,D,1,VIIRS_NOAA20_SP,2018-08-04 06:53:00,2018-08-04 13:53:00
-6.10925,105.42802,356.15,0.52,0.5,2018-08-04,653,N20,VIIRS,l,2,286.85,10.68,D,1,VIIRS_NOAA20_SP,2018-08-04 06:53:00,2018-08-04 13:53:00
-6.10705,105.41316,330.25,0.52,0.5,2018-08-04,653,N20,VIIRS,n,2,287.71,9.02,D,1,VIIRS_NOAA20_SP,2018-08-04 06:53:00,2018-08-04 13:53:00
-6.10632,105.41752,351.73,0.52,0.5,2018-08-04,653,N20,VIIRS,n,2,287.99,9.02,D,1,VIIRS_NOAA20_SP,2018-08-04 06:53:00,2018-08-04 13:53:00
-6.10393,105.43166,356.44,0.52,0.5,2018-08-04,653,N20,VIIRS,l,2,287.66,17.42,D,3,VIIRS_NOAA20_SP,2018-08-04 06:53:00,2018-08-04 13:53:00
-6.10307,105.43673,353.69,0.52,0.5,2018-08-04,653,N20,VIIRS,n,2,285.66,17.42,D,3,VIIRS_NOAA20_SP,2018-08-04 06:53:00,2018-08-04 13:53:00
-6.10173,105.41679,339.29,0.52,0.5,2018-08-04,653,N20,VIIRS,n,2,289.34,9.02,D,1,VIIRS_NOAA20_SP,2018-08-04 06:53:00,2018-08-04 13:53:00
-6.09932,105.43102,354.3,0.52,0.5,2018-08-04,653,N20,VIIRS,n,2,286.26,17.42,D,3,VIIRS_NOAA20_SP,2018-08-04 06:53:00,2018-08-04 13:53:00
-6.11068,105.40981,300.87,0.41,0.45,2018-08-04,1757,N20,VIIRS,n,2,273.89,2.55,N,3,VIIRS_NOAA20_SP,2018-08-04 17:57:00,2018-08-05 00:57:00
-6.11035,105.43272,298.95,0.41,0.45,2018-08-04,1757,N20,VIIRS,n,2,274.41,1.16,N,3,VIIRS_NOAA20_SP,2018-08-04 17:57:00,2018-08-05 00:57:00
-6.11005,105.40611,304.09,0.41,0.45,2018-08-04,1757,N20,VIIRS,n,2,273.46,2.55,N,3,VIIRS_NOAA20_SP,2018-08-04 17:57:00,2018-08-05 00:57:00
-6.10972,105.42902,306.49,0.41,0.45,2018-08-04,1757,N20,VIIRS,n,2,276.05,1.16,N,1,VIIRS_NOAA20_SP,2018-08-04 17:57:00,2018-08-05 00:57:00
-6.10942,105.40239,310.36,0.41,0.45,2018-08-04,1757,N20,VIIRS,n,2,272.03,1.89,N,3,VIIRS_NOAA20_SP,2018-08-04 17:57:00,2018-08-05 00:57:00
-6.10878,105.39867,307.05,0.41,0.45,2018-08-04,1757,N20,VIIRS,n,2,270.92,1.89,N,3,VIIRS_NOAA20_SP,2018-08-04 17:57:00,2018-08-05 00:57:00
-6.10787,105.41814,316.71,0.41,0.45,2018-08-04,1757,N20,VIIRS,n,2,275.21,2.7,N,1,VIIRS_NOAA20_SP,2018-08-04 17:57:00,2018-08-05 00:57:00
-6.1072,105.41422,319.7,0.41,0.45,2018-08-04,1757,N20,VIIRS,n,2,274.75,2.7,N,1,VIIRS_NOAA20_SP,2018-08-04 17:57:00,2018-08-05 00:57:00
-6.10656,105.41051,336.78,0.41,0.45,2018-08-04,1757,N20,VIIRS,n,2,277.11,2.55,N,1,VIIRS_NOAA20_SP,2018-08-04 17:57:00,2018-08-05 00:57:00
-6.10593,105.4068,325.08,0.41,0.45,2018-08-04,1757,N20,VIIRS,n,2,279.63,2.55,N,3,VIIRS_NOAA20_SP,2018-08-04 17:57:00,2018-08-05 00:57:00
-6.1053,105.40308,325.92,0.41,0.45,2018-08-04,1757,N20,VIIRS,n,2,275.83,1.89,N,3,VIIRS_NOAA20_SP,2018-08-04 17:57:00,2018-08-05 00:57:00
-6.10467,105.39938,312.21,0.41,0.45,2018-08-04,1757,N20,VIIRS,n,2,274.58,1.89,N,3,VIIRS_NOAA20_SP,2018-08-04 17:57:00,2018-08-05 00:57:00
-6.1046,105.4141,316.6,0.41,0.45,2018-08-04,1757,N20,VIIRS,n,2,273.24,2.74,N,1,VIIRS_NOAA20_SP,2018-08-04 17:57:00,2018-08-05 00:57:00
-6.10399,105.41038,342.61,0.41,0.45,2018-08-04,1757,N20,VIIRS,n,2,276.65,3.6,N,1,VIIRS_NOAA20_SP,2018-08-04 17:57:00,2018-08-05 00:57:00
-6.10339,105.40666,332.23,0.41,0.45,2018-08-04,1757,N20,VIIRS,n,2,276.5,3.6,N,1,VIIRS_NOAA20_SP,2018-08-04 17:57:00,2018-08-05 00:57:00
-6.10278,105.40294,322.53,0.41,0.45,2018-08-04,1757,N20,VIIRS,n,2,274.73,2.7,N,3,VIIRS_NOAA20_SP,2018-08-04 17:57:00,2018-08-05 00:57:00
-6.10245,105.4112,335.82,0.41,0.45,2018-08-04,1757,N20,VIIRS,n,2,275.57,4.02,N,1,VIIRS_NOAA20_SP,2018-08-04 17:57:00,2018-08-05 00:57:00
-6.10217,105.39922,307.57,0.41,0.45,2018-08-04,1757,N20,VIIRS,n,2,274.58,2.7,N,3,VIIRS_NOAA20_SP,2018-08-04 17:57:00,2018-08-05 00:57:00
-6.10181,105.40749,325.85,0.41,0.45,2018-08-04,1757,N20,VIIRS,n,2,275.51,4.02,N,1,VIIRS_NOAA20_SP,2018-08-04 17:57:00,2018-08-05 00:57:00
-6.10156,105.39549,298.15,0.41,0.45,2018-08-04,1757,N20,VIIRS,n,2,276.05,1.82,N,3,VIIRS_NOAA20_SP,2018-08-04 17:57:00,2018-08-05 00:57:00
-6.10118,105.40378,318.46,0.41,0.45,2018-08-04,1757,N20,VIIRS,n,2,274.52,1.95,N,3,VIIRS_NOAA20_SP,2018-08-04 17:57:00,2018-08-05 00:57:00
-6.10055,105.40008,304.16,0.41,0.45,2018-08-04,1757,N20,VIIRS,n,2,274.02,1.95,N,3,VIIRS_NOAA20_SP,2018-08-04 17:57:00,2018-08-05 00:57:00
-6.09987,105.41108,301.64,0.41,0.45,2018-08-04,1757,N20,VIIRS,n,2,272.72,3.6,N,1,VIIRS_NOAA20_SP,2018-08-04 17:57:00,2018-08-05 00:57:00
-6.09057,105.43174,296.4,0.41,0.45,2018-08-04,1757,N20,VIIRS,n,2,275.96,1.7,N,3,VIIRS_NOAA20_SP,2018-08-04 17:57:00,2018-08-05 00:57:00
-6.10753,105.42225,334.6,0.43,0.62,2018-08-05,1738,N20,VIIRS,n,2,298.04,26.75,N,1,VIIRS_NOAA20_SP,2018-08-05 17:38:00,2018-08-06 00:38:00
-6.10517,105.42303,345.98,0.43,0.62,2018-08-05,1738,N20,VIIRS,n,2,302.14,18.75,N,1,VIIRS_NOAA20_SP,2018-08-05 17:38:00,2018-08-06 00:38:00
-6.10192,105.42356,343.58,0.43,0.62,2018-08-05,1738,N20,VIIRS,n,2,299.49,26.75,N,1,VIIRS_NOAA20_SP,2018-08-05 17:38:00,2018-08-06 00:38:00
-6.09963,105.41089,306.61,0.43,0.62,2018-08-05,1738,N20,VIIRS,n,2,293.82,5.52,N,1,VIIRS_NOAA20_SP,2018-08-05 17:38:00,2018-08-06 00:38:00
-6.09947,105.42384,307.14,0.43,0.62,2018-08-05,1738,N20,VIIRS,n,2,292.54,18.75,N,1,VIIRS_NOAA20_SP,2018-08-05 17:38:00,2018-08-06 00:38:00
-6.11132,105.42089,330.85,0.44,0.38,2018-08-06,616,N20,VIIRS,n,2,294.57,7.84,D,1,VIIRS_NOAA20_SP,2018-08-06 06:16:00,2018-08-06 13:16:00
-6.10778,105.42052,351.98,0.44,0.38,2018-08-06,616,N20,VIIRS,n,2,301.76,7.84,D,1,VIIRS_NOAA20_SP,2018-08-06 06:16:00,2018-08-06 13:16:00
-6.1072,105.42443,351.12,0.44,0.38,2018-08-06,616,N20,VIIRS,n,2,296.38,7.84,D,1,VIIRS_NOAA20_SP,2018-08-06 06:16:00,2018-08-06 13:16:00
-6.11514,105.44476,301.82,0.47,0.64,2018-08-06,1900,N20,VIIRS,n,2,284.99,1.24,N,3,VIIRS_NOAA20_SP,2018-08-06 19:00:00,2018-08-07 02:00:00
-6.11457,105.44058,302.29,0.46,0.64,2018-08-06,1900,N20,VIIRS,n,2,286.5,1.24,N,3,VIIRS_NOAA20_SP,2018-08-06 19:00:00,2018-08-07 02:00:00
-6.11343,105.43224,302.54,0.46,0.64,2018-08-06,1900,N20,VIIRS,n,2,287.09,1.99,N,3,VIIRS_NOAA20_SP,2018-08-06 19:00:00,2018-08-07 02:00:00
-6.10929,105.44557,304.22,0.47,0.64,2018-08-06,1900,N20,VIIRS,n,2,285.93,1.24,N,3,VIIRS_NOAA20_SP,2018-08-06 19:00:00,2018-08-07 02:00:00
-6.10872,105.4414,306.39,0.46,0.64,2018-08-06,1900,N20,VIIRS,n,2,286.37,1.24,N,3,VIIRS_NOAA20_SP,2018-08-06 19:00:00,2018-08-07 02:00:00
-6.10815,105.43723,309.49,0.46,0.64,2018-08-06,1900,N20,VIIRS,n,2,286.99,1.99,N,3,VIIRS_NOAA20_SP,2018-08-06 19:00:00,2018-08-07 02:00:00
-6.10758,105.43303,306.06,0.46,0.64,2018-08-06,1900,N20,VIIRS,n,2,288.27,1.99,N,3,VIIRS_NOAA20_SP,2018-08-06 19:00:00,2018-08-07 02:00:00
-6.10694,105.42832,312.46,0.46,0.64,2018-08-06,1900,N20,VIIRS,n,2,288.77,13.22,N,3,VIIRS_NOAA20_SP,2018-08-06 19:00:00,2018-08-07 02:00:00
-6.10634,105.42389,367.0,0.46,0.64,2018-08-06,1900,N20,VIIRS,h,2,294.13,13.22,N,1,VIIRS_NOAA20_SP,2018-08-06 19:00:00,2018-08-07 02:00:00
-6.10576,105.41962,339.43,0.46,0.64,2018-08-06,1900,N20,VIIRS,n,2,291.54,16.68,N,1,VIIRS_NOAA20_SP,2018-08-06 19:00:00,2018-08-07 02:00:00
-6.10277,105.43746,307.22,0.46,0.64,2018-08-06,1900,N20,VIIRS,n,2,286.06,2.94,N,3,VIIRS_NOAA20_SP,2018-08-06 19:00:00,2018-08-07 02:00:00
-6.10231,105.43805,306.95,0.46,0.64,2018-08-06,1900,N20,VIIRS,n,2,285.86,2.7,N,3,VIIRS_NOAA20_SP,2018-08-06 19:00:00,2018-08-07 02:00:00
-6.10217,105.43324,308.84,0.46,0.64,2018-08-06,1900,N20,VIIRS,n,2,287.27,2.94,N,3,VIIRS_NOAA20_SP,2018-08-06 19:00:00,2018-08-07 02:00:00
-6.10173,105.43383,308.24,0.46,0.64,2018-08-06,1900,N20,VIIRS,n,2,287.06,2.7,N,3,VIIRS_NOAA20_SP,2018-08-06 19:00:00,2018-08-07 02:00:00
-6.10148,105.42844,351.5,0.46,0.64,2018-08-06,1900,N20,VIIRS,n,2,289.67,24.9,N,1,VIIRS_NOAA20_SP,2018-08-06 19:00:00,2018-08-07 02:00:00
-6.10108,105.42903,345.71,0.46,0.64,2018-08-06,1900,N20,VIIRS,n,2,289.46,23.42,N,1,VIIRS_NOAA20_SP,2018-08-06 19:00:00,2018-08-07 02:00:00
-6.10084,105.424,367.0,0.46,0.64,2018-08-06,1900,N20,VIIRS,h,2,295.26,24.9,N,1,VIIRS_NOAA20_SP,2018-08-06 19:00:00,2018-08-07 02:00:00
-6.10049,105.42465,367.0,0.46,0.64,2018-08-06,1900,N20,VIIRS,h,2,295.38,23.42,N,1,VIIRS_NOAA20_SP,2018-08-06 19:00:00,2018-08-07 02:00:00
-6.10025,105.41989,325.37,0.46,0.64,2018-08-06,1900,N20,VIIRS,n,2,287.83,12.01,N,1,VIIRS_NOAA20_SP,2018-08-06 19:00:00,2018-08-07 02:00:00
-6.09991,105.42043,324.76,0.46,0.64,2018-08-06,1900,N20,VIIRS,n,2,288.09,13.36,N,1,VIIRS_NOAA20_SP,2018-08-06 19:00:00,2018-08-07 02:00:00
-6.10523,105.42257,322.84,0.44,0.46,2018-08-07,1841,N20,VIIRS,n,2,288.48,2.79,N,1,VIIRS_NOAA20_SP,2018-08-07 18:41:00,2018-08-08 01:41:00
-6.10466,105.41876,313.19,0.44,0.46,2018-08-07,1841,N20,VIIRS,n,2,286.86,2.19,N,1,VIIRS_NOAA20_SP,2018-08-07 18:41:00,2018-08-08 01:41:00
-6.10443,105.42587,340.94,0.7,0.75,2018-08-08,719,N20,VIIRS,n,2,287.42,17.05,D,1,VIIRS_NOAA20_SP,2018-08-08 07:19:00,2018-08-08 14:19:00
-6.10302,105.43356,348.37,0.7,0.75,2018-08-08,719,N20,VIIRS,n,2,284.45,17.05,D,3,VIIRS_NOAA20_SP,2018-08-08 07:19:00,2018-08-08 14:19:00
-6.10546,105.41928,335.38,0.53,0.42,2018-08-09,610,N,VIIRS,n,2,293.19,5.83,D,1,VIIRS_SNPP_SP,2018-08-09 06:10:00,2018-08-09 13:10:00
-6.10476,105.42406,341.14,0.53,0.42,2018-08-09,610,N,VIIRS,n,2,300.24,15.63,D,1,VIIRS_SNPP_SP,2018-08-09 06:10:00,2018-08-09 13:10:00
-6.10091,105.42347,332.94,0.53,0.42,2018-08-09,610,N,VIIRS,n,2,293.47,6.94,D,1,VIIRS_SNPP_SP,2018-08-09 06:10:00,2018-08-09 13:10:00
-6.10497,105.42812,304.22,0.35,0.57,2018-08-09,1854,N,VIIRS,n,2,285.19,4.58,N,1,VIIRS_SNPP_SP,2018-08-09 18:54:00,2018-08-10 01:54:00
-6.10449,105.42476,367.0,0.35,0.57,2018-08-09,1854,N,VIIRS,h,2,289.85,6.06,N,1,VIIRS_SNPP_SP,2018-08-09 18:54:00,2018-08-10 01:54:00
-6.10402,105.42147,313.13,0.35,0.57,2018-08-09,1854,N,VIIRS,n,2,286.83,6.06,N,1,VIIRS_SNPP_SP,2018-08-09 18:54:00,2018-08-10 01:54:00
-6.1057,105.41773,326.15,0.36,0.57,2018-08-10,551,N,VIIRS,n,2,292.23,6.66,D,1,VIIRS_SNPP_SP,2018-08-10 05:51:00,2018-08-10 12:51:00
-6.1052,105.42129,349.47,0.36,0.57,2018-08-10,551,N,VIIRS,n,2,299.37,15.35,D,1,VIIRS_SNPP_SP,2018-08-10 05:51:00,2018-08-10 12:51:00
-6.10767,105.4247,308.47,0.51,0.41,2018-08-10,1835,N,VIIRS,n,2,295.02,7.07,N,1,VIIRS_SNPP_SP,2018-08-10 18:35:00,2018-08-11 01:35:00
-6.10699,105.42004,317.39,0.51,0.41,2018-08-10,1835,N,VIIRS,n,2,296.82,7.07,N,1,VIIRS_SNPP_SP,2018-08-10 18:35:00,2018-08-11 01:35:00
-6.10384,105.42516,337.11,0.51,0.41,2018-08-10,1835,N,VIIRS,n,2,303.09,7.07,N,1,VIIRS_SNPP_SP,2018-08-10 18:35:00,2018-08-11 01:35:00
-6.10316,105.42049,315.74,0.51,0.41,2018-08-10,1835,N,VIIRS,n,2,295.63,7.07,N,1,VIIRS_SNPP_SP,2018-08-10 18:35:00,2018-08-11 01:35:00
-6.10067,105.42314,317.26,0.51,0.41,2018-08-10,1835,N,VIIRS,n,2,294.31,2.5,N,1,VIIRS_SNPP_SP,2018-08-10 18:35:00,2018-08-11 01:35:00
-6.10277,105.4242,332.42,0.54,0.68,2018-08-11,713,N,VIIRS,n,2,294.45,13.17,D,1,VIIRS_SNPP_SP,2018-08-11 07:13:00,2018-08-11 14:13:00
-6.10181,105.42963,330.65,0.54,0.68,2018-08-11,713,N,VIIRS,n,2,292.67,10.24,D,1,VIIRS_SNPP_SP,2018-08-11 07:13:00,2018-08-11 14:13:00
-6.10858,105.42152,309.3,0.39,0.36,2018-08-11,1817,N,VIIRS,n,2,292.99,2.81,N,1,VIIRS_SNPP_SP,2018-08-11 18:17:00,2018-08-12 01:17:00
-6.1058,105.42558,306.81,0.39,0.36,2018-08-11,1817,N,VIIRS,n,2,291.48,2.81,N,1,VIIRS_SNPP_SP,2018-08-11 18:17:00,2018-08-12 01:17:00
-6.10524,105.4221,337.76,0.39,0.36,2018-08-11,1817,N,VIIRS,n,2,294.57,2.81,N,1,VIIRS_SNPP_SP,2018-08-11 18:17:00,2018-08-12 01:17:00
-6.10469,105.41858,303.36,0.39,0.36,2018-08-11,1817,N,VIIRS,n,2,289.03,1.6,N,1,VIIRS_SNPP_SP,2018-08-11 18:17:00,2018-08-12 01:17:00
-6.1019,105.42262,336.24,0.39,0.36,2018-08-11,1817,N,VIIRS,n,2,294.84,4.77,N,1,VIIRS_SNPP_SP,2018-08-11 18:17:00,2018-08-12 01:17:00
-6.1006,105.42754,333.15,0.51,0.5,2018-08-12,654,N,VIIRS,n,2,296.76,14.73,D,1,VIIRS_SNPP_SP,2018-08-12 06:54:00,2018-08-12 13:54:00
-6.10914,105.42099,309.07,0.42,0.45,2018-08-12,1758,N,VIIRS,n,2,275.43,3.45,N,1,VIIRS_SNPP_SP,2018-08-12 17:58:00,2018-08-13 00:58:00
-6.10563,105.42563,306.93,0.42,0.45,2018-08-12,1758,N,VIIRS,n,2,275.38,3.45,N,1,VIIRS_SNPP_SP,2018-08-12 17:58:00,2018-08-13 00:58:00
-6.10504,105.42204,344.37,0.42,0.45,2018-08-12,1758,N,VIIRS,n,2,281.98,3.45,N,1,VIIRS_SNPP_SP,2018-08-12 17:58:00,2018-08-13 00:58:00
-6.10438,105.41808,338.07,0.42,0.45,2018-08-12,1758,N,VIIRS,n,2,277.26,4.96,N,1,VIIRS_SNPP_SP,2018-08-12 17:58:00,2018-08-13 00:58:00
-6.10371,105.41396,301.27,0.42,0.45,2018-08-12,1758,N,VIIRS,n,2,275.44,4.96,N,3,VIIRS_SNPP_SP,2018-08-12 17:58:00,2018-08-13 00:58:00
-6.10087,105.42268,315.51,0.42,0.45,2018-08-12,1758,N,VIIRS,n,2,277.18,1.66,N,1,VIIRS_SNPP_SP,2018-08-12 17:58:00,2018-08-13 00:58:00
-6.10023,105.41885,316.18,0.42,0.45,2018-08-12,1758,N,VIIRS,n,2,275.53,2.07,N,1,VIIRS_SNPP_SP,2018-08-12 17:58:00,2018-08-13 00:58:00
-6.10427,105.42266,339.39,0.42,0.38,2018-08-13,635,N,VIIRS,n,2,304.83,15.65,D,1,VIIRS_SNPP_SP,2018-08-13 06:35:00,2018-08-13 13:35:00
-6.10539,105.4228,332.8,0.43,0.62,2018-08-13,1739,N,VIIRS,n,2,292.83,9.59,N,1,VIIRS_SNPP_SP,2018-08-13 17:39:00,2018-08-14 00:39:00
-6.10465,105.41865,367.0,0.43,0.62,2018-08-13,1739,N,VIIRS,h,2,298.96,12.62,N,1,VIIRS_SNPP_SP,2018-08-13 17:39:00,2018-08-14 00:39:00
-6.1038,105.41387,306.31,0.43,0.62,2018-08-13,1739,N,VIIRS,n,2,290.37,12.62,N,3,VIIRS_SNPP_SP,2018-08-13 17:39:00,2018-08-14 00:39:00
-6.10463,105.42208,328.36,0.33,0.56,2018-08-09,700,N20,VIIRS,n,2,296.27,12.02,D,1,VIIRS_NOAA20_SP,2018-08-09 07:00:00,2018-08-09 14:00:00
-6.10408,105.42522,354.41,0.34,0.56,2018-08-09,700,N20,VIIRS,n,2,303.55,14.06,D,1,VIIRS_NOAA20_SP,2018-08-09 07:00:00,2018-08-09 14:00:00
-6.10353,105.4284,354.12,0.34,0.56,2018-08-09,700,N20,VIIRS,n,2,292.79,14.06,D,1,VIIRS_NOAA20_SP,2018-08-09 07:00:00,2018-08-09 14:00:00
-6.10104,105.42643,367.0,0.34,0.56,2018-08-09,700,N20,VIIRS,h,2,294.15,13.09,D,1,VIIRS_NOAA20_SP,2018-08-09 07:00:00,2018-08-09 14:00:00
-6.10254,105.42443,342.67,0.5,0.41,2018-08-10,641,N20,VIIRS,n,2,309.86,25.64,D,1,VIIRS_NOAA20_SP,2018-08-10 06:41:00,2018-08-10 13:41:00
-6.10309,105.42432,321.73,0.33,0.56,2018-08-10,1745,N20,VIIRS,n,2,291.97,3.86,N,1,VIIRS_NOAA20_SP,2018-08-10 17:45:00,2018-08-11 00:45:00
-6.10257,105.42136,351.07,0.33,0.56,2018-08-10,1745,N20,VIIRS,n,2,295.42,3.86,N,1,VIIRS_NOAA20_SP,2018-08-10 17:45:00,2018-08-11 00:45:00
-6.102,105.41812,304.67,0.33,0.56,2018-08-10,1745,N20,VIIRS,n,2,289.22,2.84,N,1,VIIRS_NOAA20_SP,2018-08-10 17:45:00,2018-08-11 00:45:00
-6.10003,105.42248,325.48,0.33,0.56,2018-08-10,1745,N20,VIIRS,n,2,291.23,2.22,N,1,VIIRS_NOAA20_SP,2018-08-10 17:45:00,2018-08-11 00:45:00
-6.10269,105.42041,341.09,0.39,0.36,2018-08-11,622,N20,VIIRS,n,2,305.09,12.63,D,1,VIIRS_NOAA20_SP,2018-08-11 06:22:00,2018-08-11 13:22:00
-6.10586,105.42238,300.94,0.7,0.75,2018-08-11,1726,N20,VIIRS,n,2,287.54,6.45,N,1,VIIRS_NOAA20_SP,2018-08-11 17:26:00,2018-08-12 00:26:00
-6.09759,105.41606,337.84,0.7,0.75,2018-08-11,1726,N20,VIIRS,n,2,288.85,6.45,N,1,VIIRS_NOAA20_SP,2018-08-11 17:26:00,2018-08-12 00:26:00
-6.10473,105.42306,341.5,0.44,0.46,2018-08-12,603,N20,VIIRS,n,2,300.62,13.27,D,1,VIIRS_NOAA20_SP,2018-08-12 06:03:00,2018-08-12 13:03:00
-6.1021,105.42365,339.32,0.56,0.51,2018-08-12,1847,N20,VIIRS,n,2,279.64,7.01,N,1,VIIRS_NOAA20_SP,2018-08-12 18:47:00,2018-08-13 01:47:00
-6.10734,105.42261,327.35,0.46,0.64,2018-08-13,544,N20,VIIRS,n,2,292.45,10.09,D,1,VIIRS_NOAA20_SP,2018-08-13 05:44:00,2018-08-13 12:44:00
-6.10717,105.42058,341.75,0.46,0.64,2018-08-13,544,N20,VIIRS,n,2,292.87,11.06,D,1,VIIRS_NOAA20_SP,2018-08-13 05:44:00,2018-08-13 12:44:00
-6.10742,105.42522,308.6,0.44,0.38,2018-08-13,1828,N20,VIIRS,n,2,294.48,3.29,N,1,VIIRS_NOAA20_SP,2018-08-13 18:28:00,2018-08-14 01:28:00
-6.10683,105.42127,319.77,0.44,0.38,2018-08-13,1828,N20,VIIRS,n,2,296.94,4.78,N,1,VIIRS_NOAA20_SP,2018-08-13 18:28:00,2018-08-14 01:28:00
-6.10391,105.4257,321.07,0.44,0.38,2018-08-13,1828,N20,VIIRS,n,2,297.25,8.0,N,1,VIIRS_NOAA20_SP,2018-08-13 18:28:00,2018-08-14 01:28:00
-6.10331,105.42173,332.21,0.44,0.38,2018-08-13,1828,N20,VIIRS,n,2,303.59,11.29,N,1,VIIRS_NOAA20_SP,2018-08-13 18:28:00,2018-08-14 01:28:00
-6.10313,105.42086,337.72,0.44,0.38,2018-08-14,616,N,VIIRS,l,2,309.21,18.85,D,1,VIIRS_SNPP_SP,2018-08-14 06:16:00,2018-08-14 13:16:00
-6.10584,105.43144,316.65,0.45,0.63,2018-08-14,1901,N,VIIRS,n,2,290.06,5.66,N,3,VIIRS_SNPP_SP,2018-08-14 19:01:00,2018-08-15 02:01:00
-6.10558,105.43398,310.06,0.45,0.63,2018-08-14,1901,N,VIIRS,n,2,289.99,4.41,N,3,VIIRS_SNPP_SP,2018-08-14 19:01:00,2018-08-15 02:01:00
-6.10521,105.42702,353.11,0.45,0.63,2018-08-14,1901,N,VIIRS,n,2,292.66,5.66,N,1,VIIRS_SNPP_SP,2018-08-14 19:01:00,2018-08-15 02:01:00
-6.10494,105.42912,323.93,0.45,0.63,2018-08-14,1901,N,VIIRS,n,2,290.99,4.41,N,1,VIIRS_SNPP_SP,2018-08-14 19:01:00,2018-08-15 02:01:00
-6.10457,105.4225,324.83,0.45,0.63,2018-08-14,1901,N,VIIRS,n,2,292.68,9.48,N,1,VIIRS_SNPP_SP,2018-08-14 19:01:00,2018-08-15 02:01:00
-6.10435,105.42474,367.0,0.45,0.63,2018-08-14,1901,N,VIIRS,h,2,295.24,13.99,N,1,VIIRS_SNPP_SP,2018-08-14 19:01:00,2018-08-15 02:01:00
-6.10267,105.41992,345.64,0.56,0.51,2018-08-15,558,N,VIIRS,n,2,303.01,27.24,D,1,VIIRS_SNPP_SP,2018-08-15 05:58:00,2018-08-15 12:58:00
-6.10601,105.42593,309.48,0.43,0.46,2018-08-15,1842,N,VIIRS,n,2,292.1,1.92,N,1,VIIRS_SNPP_SP,2018-08-15 18:42:00,2018-08-16 01:42:00
-6.10542,105.42182,310.06,0.43,0.46,2018-08-15,1842,N,VIIRS,n,2,292.01,1.92,N,1,VIIRS_SNPP_SP,2018-08-15 18:42:00,2018-08-16 01:42:00
-6.10178,105.42648,311.56,0.43,0.46,2018-08-15,1842,N,VIIRS,n,2,291.94,1.92,N,1,VIIRS_SNPP_SP,2018-08-15 18:42:00,2018-08-16 01:42:00
-6.10162,105.4254,317.81,0.43,0.46,2018-08-15,1842,N,VIIRS,n,2,293.54,3.01,N,1,VIIRS_SNPP_SP,2018-08-15 18:42:00,2018-08-16 01:42:00
-6.10121,105.42251,312.17,0.43,0.46,2018-08-15,1842,N,VIIRS,n,2,292.19,1.92,N,1,VIIRS_SNPP_SP,2018-08-15 18:42:00,2018-08-16 01:42:00
-6.101,105.41781,331.94,0.59,0.7,2018-08-16,539,N,VIIRS,n,2,295.16,12.37,D,1,VIIRS_SNPP_SP,2018-08-16 05:39:00,2018-08-16 12:39:00
-6.10646,105.42117,311.13,0.39,0.36,2018-08-16,1823,N,VIIRS,n,2,297.43,6.38,N,1,VIIRS_SNPP_SP,2018-08-16 18:23:00,2018-08-17 01:23:00
-6.10366,105.42522,308.71,0.39,0.36,2018-08-16,1823,N,VIIRS,n,2,294.8,6.38,N,1,VIIRS_SNPP_SP,2018-08-16 18:23:00,2018-08-17 01:23:00
-6.10311,105.42168,334.11,0.39,0.36,2018-08-16,1823,N,VIIRS,n,2,306.72,6.38,N,1,VIIRS_SNPP_SP,2018-08-16 18:23:00,2018-08-17 01:23:00
-6.1028,105.42369,367.0,0.33,0.55,2018-08-17,700,N,VIIRS,h,2,313.49,20.18,D,1,VIIRS_SNPP_SP,2018-08-17 07:00:00,2018-08-17 14:00:00
-6.10227,105.42684,367.0,0.33,0.55,2018-08-17,700,N,VIIRS,h,2,309.63,19.73,D,1,VIIRS_SNPP_SP,2018-08-17 07:00:00,2018-08-17 14:00:00
-6.10608,105.42362,328.65,0.5,0.41,2018-08-17,1804,N,VIIRS,n,2,302.51,9.02,N,1,VIIRS_SNPP_SP,2018-08-17 18:04:00,2018-08-18 01:04:00
-6.10534,105.41914,331.78,0.5,0.41,2018-08-17,1804,N,VIIRS,n,2,299.37,9.02,N,1,VIIRS_SNPP_SP,2018-08-17 18:04:00,2018-08-18 01:04:00
-6.10614,105.42146,318.15,0.34,0.56,2018-08-18,1745,N,VIIRS,n,2,295.24,6.0,N,1,VIIRS_SNPP_SP,2018-08-18 17:45:00,2018-08-19 00:45:00
-6.10561,105.41835,345.75,0.34,0.56,2018-08-18,1745,N,VIIRS,n,2,294.64,11.52,N,1,VIIRS_SNPP_SP,2018-08-18 17:45:00,2018-08-19 00:45:00
-6.10101,105.42255,319.11,0.34,0.56,2018-08-18,1745,N,VIIRS,n,2,293.49,6.0,N,1,VIIRS_SNPP_SP,2018-08-18 17:45:00,2018-08-19 00:45:00
-6.10047,105.41941,367.0,0.34,0.56,2018-08-18,1745,N,VIIRS,h,2,308.02,11.52,N,1,VIIRS_SNPP_SP,2018-08-18 17:45:00,2018-08-19 00:45:00
-6.09983,105.41563,311.86,0.34,0.56,2018-08-18,1745,N,VIIRS,n,2,292.9,11.52,N,1,VIIRS_SNPP_SP,2018-08-18 17:45:00,2018-08-19 00:45:00
-6.1045,105.42649,356.1,0.43,0.62,2018-08-14,706,N20,VIIRS,n,2,300.1,12.76,D,1,VIIRS_NOAA20_SP,2018-08-14 07:06:00,2018-08-14 14:06:00
-6.10374,105.4307,335.46,0.43,0.62,2018-08-14,706,N20,VIIRS,n,2,292.4,12.76,D,1,VIIRS_NOAA20_SP,2018-08-14 07:06:00,2018-08-14 14:06:00
-6.10254,105.42531,355.17,0.43,0.62,2018-08-14,706,N20,VIIRS,n,2,298.39,13.33,D,1,VIIRS_NOAA20_SP,2018-08-14 07:06:00,2018-08-14 14:06:00
-6.10183,105.42946,354.25,0.43,0.62,2018-08-14,706,N20,VIIRS,n,2,293.57,13.33,D,1,VIIRS_NOAA20_SP,2018-08-14 07:06:00,2018-08-14 14:06:00
-6.10791,105.42235,312.74,0.42,0.38,2018-08-14,1810,N20,VIIRS,n,2,295.94,3.61,N,1,VIIRS_NOAA20_SP,2018-08-14 18:10:00,2018-08-15 01:10:00
-6.10507,105.42672,315.29,0.42,0.38,2018-08-14,1810,N20,VIIRS,n,2,294.2,2.08,N,1,VIIRS_NOAA20_SP,2018-08-14 18:10:00,2018-08-15 01:10:00
-6.10162,105.42727,307.85,0.42,0.38,2018-08-14,1810,N20,VIIRS,n,2,293.36,2.08,N,1,VIIRS_NOAA20_SP,2018-08-14 18:10:00,2018-08-15 01:10:00
-6.10253,105.42485,355.86,0.41,0.45,2018-08-15,647,N20,VIIRS,n,2,301.98,12.89,D,1,VIIRS_NOAA20_SP,2018-08-15 06:47:00,2018-08-15 13:47:00
-6.10502,105.42339,305.26,0.52,0.5,2018-08-15,1751,N20,VIIRS,n,2,294.89,4.64,N,1,VIIRS_NOAA20_SP,2018-08-15 17:51:00,2018-08-16 00:51:00
-6.10418,105.4185,309.79,0.52,0.5,2018-08-15,1751,N20,VIIRS,n,2,292.19,4.64,N,1,VIIRS_NOAA20_SP,2018-08-15 17:51:00,2018-08-16 00:51:00
-6.09961,105.41936,337.66,0.52,0.5,2018-08-15,1751,N20,VIIRS,n,2,293.49,4.64,N,1,VIIRS_NOAA20_SP,2018-08-15 17:51:00,2018-08-16 00:51:00
-6.10352,105.42469,335.35,0.39,0.36,2018-08-16,628,N20,VIIRS,l,2,307.98,15.86,D,1,VIIRS_NOAA20_SP,2018-08-16 06:28:00,2018-08-16 13:28:00
-6.10605,105.43059,310.4,0.77,0.77,2018-08-16,1913,N20,VIIRS,n,2,290.19,4.1,N,3,VIIRS_NOAA20_SP,2018-08-16 19:13:00,2018-08-17 02:13:00
-6.105,105.42271,307.61,0.77,0.77,2018-08-16,1913,N20,VIIRS,n,2,290.41,4.06,N,1,VIIRS_NOAA20_SP,2018-08-16 19:13:00,2018-08-17 02:13:00
-6.10629,105.42033,335.26,0.52,0.42,2018-08-17,610,N20,VIIRS,l,2,307.39,7.66,D,1,VIIRS_NOAA20_SP,2018-08-17 06:10:00,2018-08-17 13:10:00
-6.10287,105.4223,342.24,0.52,0.42,2018-08-17,610,N20,VIIRS,n,2,308.72,24.11,D,1,VIIRS_NOAA20_SP,2018-08-17 06:10:00,2018-08-17 13:10:00
-6.10489,105.42555,336.85,0.36,0.57,2018-08-17,1854,N20,VIIRS,n,2,306.43,23.94,N,1,VIIRS_NOAA20_SP,2018-08-17 18:54:00,2018-08-18 01:54:00
-6.10464,105.42697,338.11,0.36,0.57,2018-08-17,1854,N20,VIIRS,n,2,297.94,25.18,N,1,VIIRS_NOAA20_SP,2018-08-17 18:54:00,2018-08-18 01:54:00
-6.10441,105.42223,367.0,0.36,0.57,2018-08-17,1854,N20,VIIRS,h,2,300.89,23.94,N,1,VIIRS_NOAA20_SP,2018-08-17 18:54:00,2018-08-18 01:54:00
-6.10418,105.4236,367.0,0.36,0.57,2018-08-17,1854,N20,VIIRS,h,2,308.83,25.18,N,1,VIIRS_NOAA20_SP,2018-08-17 18:54:00,2018-08-18 01:54:00
-6.10396,105.41914,312.31,0.36,0.57,2018-08-17,1854,N20,VIIRS,n,2,295.16,4.56,N,1,VIIRS_NOAA20_SP,2018-08-17 18:54:00,2018-08-18 01:54:00
-6.10374,105.42039,318.62,0.36,0.57,2018-08-17,1854,N20,VIIRS,n,2,295.34,10.45,N,1,VIIRS_NOAA20_SP,2018-08-17 18:54:00,2018-08-18 01:54:00
-6.10483,105.425,330.97,0.36,0.57,2018-08-18,551,N20,VIIRS,n,2,302.88,24.47,D,1,VIIRS_NOAA20_SP,2018-08-18 05:51:00,2018-08-18 12:51:00
-6.10524,105.42254,317.71,0.52,0.42,2018-08-18,1835,N20,VIIRS,n,2,295.54,2.83,N,1,VIIRS_NOAA20_SP,2018-08-18 18:35:00,2018-08-19 01:35:00
-6.10143,105.42315,319.6,0.52,0.42,2018-08-18,1835,N20,VIIRS,n,2,296.48,2.83,N,1,VIIRS_NOAA20_SP,2018-08-18 18:35:00,2018-08-19 01:35:00
-6.1025,105.41942,339.29,0.44,0.46,2018-08-20,604,N,VIIRS,n,2,302.47,17.56,D,1,VIIRS_SNPP_SP,2018-08-20 06:04:00,2018-08-20 13:04:00
-6.10192,105.42342,343.77,0.44,0.46,2018-08-20,604,N,VIIRS,n,2,301.47,17.56,D,1,VIIRS_SNPP_SP,2018-08-20 06:04:00,2018-08-20 13:04:00
-6.1077,105.42329,308.44,0.54,0.51,2018-08-20,1848,N,VIIRS,n,2,292.64,7.09,N,1,VIIRS_SNPP_SP,2018-08-20 18:48:00,2018-08-21 01:48:00
-6.10645,105.42634,317.04,0.54,0.51,2018-08-20,1848,N,VIIRS,n,2,292.35,3.75,N,1,VIIRS_SNPP_SP,2018-08-20 18:48:00,2018-08-21 01:48:00
-6.10568,105.42111,321.55,0.54,0.51,2018-08-20,1848,N,VIIRS,n,2,293.81,3.75,N,1,VIIRS_SNPP_SP,2018-08-20 18:48:00,2018-08-21 01:48:00
-6.10297,105.42378,347.74,0.54,0.51,2018-08-20,1848,N,VIIRS,n,2,297.17,7.09,N,1,VIIRS_SNPP_SP,2018-08-20 18:48:00,2018-08-21 01:48:00
-6.10173,105.42692,323.53,0.54,0.51,2018-08-20,1848,N,VIIRS,n,2,292.57,3.75,N,1,VIIRS_SNPP_SP,2018-08-20 18:48:00,2018-08-21 01:48:00
-6.10097,105.4218,321.1,0.54,0.51,2018-08-20,1848,N,VIIRS,n,2,293.31,3.75,N,1,VIIRS_SNPP_SP,2018-08-20 18:48:00,2018-08-21 01:48:00
-6.1009,105.42522,339.94,0.42,0.61,2018-08-22,707,N,VIIRS,n,2,298.31,12.23,D,1,VIIRS_SNPP_SP,2018-08-22 07:07:00,2018-08-22 14:07:00
-6.10767,105.42182,311.07,0.42,0.38,2018-08-22,1810,N,VIIRS,n,2,295.15,3.89,N,1,VIIRS_SNPP_SP,2018-08-22 18:10:00,2018-08-23 01:10:00
-6.10543,105.42322,344.3,0.41,0.45,2018-08-23,648,N,VIIRS,n,2,302.87,10.9,D,1,VIIRS_SNPP_SP,2018-08-23 06:48:00,2018-08-23 13:48:00
-6.10483,105.42696,332.41,0.41,0.45,2018-08-23,648,N,VIIRS,n,2,298.35,6.91,D,1,VIIRS_SNPP_SP,2018-08-23 06:48:00,2018-08-23 13:48:00
-6.10189,105.41894,330.94,0.41,0.45,2018-08-23,648,N,VIIRS,l,2,301.19,14.42,D,1,VIIRS_SNPP_SP,2018-08-23 06:48:00,2018-08-23 13:48:00
-6.10131,105.42256,344.5,0.41,0.45,2018-08-23,648,N,VIIRS,n,2,303.58,14.42,D,1,VIIRS_SNPP_SP,2018-08-23 06:48:00,2018-08-23 13:48:00
-6.10071,105.42634,344.57,0.41,0.45,2018-08-23,648,N,VIIRS,n,2,300.08,23.23,D,1,VIIRS_SNPP_SP,2018-08-23 06:48:00,2018-08-23 13:48:00
-6.10758,105.41235,354.88,0.77,0.77,2018-08-19,532,N20,VIIRS,n,2,291.19,29.86,D,1,VIIRS_NOAA20_SP,2018-08-19 05:32:00,2018-08-19 12:32:00
-6.10649,105.42046,367.0,0.77,0.77,2018-08-19,532,N20,VIIRS,h,2,293.96,29.86,D,1,VIIRS_NOAA20_SP,2018-08-19 05:32:00,2018-08-19 12:32:00
-6.10434,105.41264,354.92,0.77,0.77,2018-08-19,532,N20,VIIRS,n,2,290.92,33.0,D,1,VIIRS_NOAA20_SP,2018-08-19 05:32:00,2018-08-19 12:32:00
-6.10326,105.42117,367.0,0.77,0.77,2018-08-19,532,N20,VIIRS,h,2,295.57,48.7,D,1,VIIRS_NOAA20_SP,2018-08-19 05:32:00,2018-08-19 12:32:00
-6.10434,105.42343,341.01,0.39,0.36,2018-08-19,1816,N20,VIIRS,n,2,300.18,4.04,N,1,VIIRS_NOAA20_SP,2018-08-19 18:16:00,2018-08-20 01:16:00
-6.10379,105.41994,338.56,0.39,0.36,2018-08-19,1816,N20,VIIRS,n,2,294.54,4.04,N,1,VIIRS_NOAA20_SP,2018-08-19 18:16:00,2018-08-20 01:16:00
-6.10102,105.42395,321.48,0.39,0.36,2018-08-19,1816,N20,VIIRS,n,2,295.07,4.04,N,1,VIIRS_NOAA20_SP,2018-08-19 18:16:00,2018-08-20 01:16:00
-6.10048,105.42047,320.37,0.39,0.36,2018-08-19,1816,N20,VIIRS,n,2,293.64,4.04,N,1,VIIRS_NOAA20_SP,2018-08-19 18:16:00,2018-08-20 01:16:00
-6.10082,105.41476,313.58,0.41,0.45,2018-08-20,1757,N20,VIIRS,n,2,289.62,3.36,N,1,VIIRS_NOAA20_SP,2018-08-20 17:57:00,2018-08-21 00:57:00
-6.10072,105.42819,326.74,0.46,0.64,2018-08-22,1900,N20,VIIRS,n,2,290.87,5.64,N,1,VIIRS_NOAA20_SP,2018-08-22 19:00:00,2018-08-23 02:00:00
-6.10012,105.42378,324.67,0.46,0.64,2018-08-22,1900,N20,VIIRS,n,2,290.39,5.1,N,1,VIIRS_NOAA20_SP,2018-08-22 19:00:00,2018-08-23 02:00:00
-6.10446,105.42049,352.88,0.56,0.51,2018-08-23,557,N20,VIIRS,n,2,298.29,24.38,D,1,VIIRS_NOAA20_SP,2018-08-23 05:57:00,2018-08-23 12:57:00
-6.1023,105.42385,344.94,0.39,0.36,2018-08-24,629,N,VIIRS,n,2,306.39,16.78,D,1,VIIRS_SNPP_SP,2018-08-24 06:29:00,2018-08-24 13:29:00
-6.10588,105.4214,347.89,0.36,0.57,2018-08-26,551,N,VIIRS,n,2,296.7,7.63,D,1,VIIRS_SNPP_SP,2018-08-26 05:51:00,2018-08-26 12:51:00
-6.10056,105.42076,332.08,0.36,0.57,2018-08-26,551,N,VIIRS,n,2,293.29,7.63,D,1,VIIRS_SNPP_SP,2018-08-26 05:51:00,2018-08-26 12:51:00
-6.1075,105.42249,320.57,0.52,0.41,2018-08-26,1836,N,VIIRS,n,2,295.17,7.87,N,1,VIIRS_SNPP_SP,2018-08-26 18:36:00,2018-08-27 01:36:00
-6.10367,105.42296,341.57,0.52,0.41,2018-08-26,1836,N,VIIRS,n,2,301.81,7.87,N,1,VIIRS_SNPP_SP,2018-08-26 18:36:00,2018-08-27 01:36:00
-6.10298,105.42655,337.2,0.54,0.68,2018-08-27,713,N,VIIRS,n,2,294.88,11.6,D,1,VIIRS_SNPP_SP,2018-08-27 07:13:00,2018-08-27 14:13:00
-6.09939,105.43047,329.49,0.54,0.68,2018-08-27,713,N,VIIRS,n,2,291.4,16.0,D,3,VIIRS_SNPP_SP,2018-08-27 07:13:00,2018-08-27 14:13:00
-6.10961,105.42505,304.48,0.39,0.36,2018-08-27,1817,N,VIIRS,n,2,293.09,1.78,N,1,VIIRS_SNPP_SP,2018-08-27 18:17:00,2018-08-28 01:17:00
-6.10906,105.42155,310.48,0.39,0.36,2018-08-27,1817,N,VIIRS,n,2,293.84,1.78,N,1,VIIRS_SNPP_SP,2018-08-27 18:17:00,2018-08-28 01:17:00
-6.1085,105.41805,304.03,0.39,0.36,2018-08-27,1817,N,VIIRS,n,2,291.36,2.1,N,3,VIIRS_SNPP_SP,2018-08-27 18:17:00,2018-08-28 01:17:00
-6.10517,105.41861,311.34,0.39,0.36,2018-08-27,1817,N,VIIRS,n,2,291.68,1.87,N,1,VIIRS_SNPP_SP,2018-08-27 18:17:00,2018-08-28 01:17:00
-6.10183,105.41914,308.26,0.39,0.36,2018-08-27,1817,N,VIIRS,n,2,290.98,1.87,N,1,VIIRS_SNPP_SP,2018-08-27 18:17:00,2018-08-28 01:17:00
-6.10466,105.42478,335.21,0.51,0.5,2018-08-28,654,N,VIIRS,n,2,302.57,14.53,D,1,VIIRS_SNPP_SP,2018-08-28 06:54:00,2018-08-28 13:54:00
-6.10639,105.41991,324.69,0.41,0.45,2018-08-28,1758,N,VIIRS,n,2,292.43,5.31,N,1,VIIRS_SNPP_SP,2018-08-28 17:58:00,2018-08-29 00:58:00
-6.10226,105.42075,346.5,0.41,0.45,2018-08-28,1758,N,VIIRS,n,2,298.31,11.67,N,1,VIIRS_SNPP_SP,2018-08-28 17:58:00,2018-08-29 00:58:00
-6.10515,105.42553,311.02,0.39,0.36,2018-08-24,1822,N20,VIIRS,n,2,290.36,1.58,N,1,VIIRS_NOAA20_SP,2018-08-24 18:22:00,2018-08-25 01:22:00
-6.10181,105.42606,312.27,0.39,0.36,2018-08-24,1822,N20,VIIRS,n,2,290.62,1.58,N,1,VIIRS_NOAA20_SP,2018-08-24 18:22:00,2018-08-25 01:22:00
-6.10127,105.42251,311.5,0.39,0.36,2018-08-24,1822,N20,VIIRS,n,2,291.14,1.48,N,1,VIIRS_NOAA20_SP,2018-08-24 18:22:00,2018-08-25 01:22:00
-6.10689,105.42182,330.8,0.34,0.56,2018-08-25,700,N20,VIIRS,n,2,293.74,7.69,D,1,VIIRS_NOAA20_SP,2018-08-25 07:00:00,2018-08-25 14:00:00
-6.10391,105.42447,342.25,0.5,0.41,2018-08-26,641,N20,VIIRS,n,2,307.92,26.16,D,1,VIIRS_NOAA20_SP,2018-08-26 06:41:00,2018-08-26 13:41:00
-6.10287,105.42348,324.74,0.33,0.56,2018-08-26,1745,N20,VIIRS,n,2,292.22,10.37,N,1,VIIRS_NOAA20_SP,2018-08-26 17:45:00,2018-08-27 00:45:00
-6.10234,105.42045,367.0,0.33,0.56,2018-08-26,1745,N20,VIIRS,h,2,301.24,10.37,N,1,VIIRS_NOAA20_SP,2018-08-26 17:45:00,2018-08-27 00:45:00
-6.10176,105.41718,320.61,0.33,0.56,2018-08-26,1745,N20,VIIRS,n,2,290.84,10.19,N,1,VIIRS_NOAA20_SP,2018-08-26 17:45:00,2018-08-27 00:45:00
-6.09761,105.42016,336.92,0.39,0.36,2018-08-27,622,N20,VIIRS,l,2,311.27,14.97,D,1,VIIRS_NOAA20_SP,2018-08-27 06:22:00,2018-08-27 13:22:00
-6.09948,105.42329,301.14,0.7,0.75,2018-08-27,1726,N20,VIIRS,n,2,288.1,10.26,N,1,VIIRS_NOAA20_SP,2018-08-27 17:26:00,2018-08-28 00:26:00
-6.09809,105.41572,367.0,0.7,0.75,2018-08-27,1726,N20,VIIRS,h,2,291.05,13.11,N,1,VIIRS_NOAA20_SP,2018-08-27 17:26:00,2018-08-28 00:26:00
-6.09689,105.40926,302.92,0.7,0.75,2018-08-27,1726,N20,VIIRS,n,2,287.02,13.11,N,3,VIIRS_NOAA20_SP,2018-08-27 17:26:00,2018-08-28 00:26:00
-6.10558,105.42323,342.53,0.43,0.46,2018-08-28,603,N20,VIIRS,n,2,304.01,13.07,D,1,VIIRS_NOAA20_SP,2018-08-28 06:03:00,2018-08-28 13:03:00
-6.10432,105.42288,325.72,0.56,0.51,2018-08-28,1847,N20,VIIRS,n,2,278.24,4.92,N,1,VIIRS_NOAA20_SP,2018-08-28 18:47:00,2018-08-29 01:47:00
-6.10477,105.42018,336.33,0.43,0.62,2018-08-29,1739,N,VIIRS,n,2,285.8,9.46,N,1,VIIRS_SNPP_SP,2018-08-29 17:39:00,2018-08-30 00:39:00
-6.10389,105.41526,367.0,0.43,0.62,2018-08-29,1739,N,VIIRS,h,2,287.07,9.46,N,1,VIIRS_SNPP_SP,2018-08-29 17:39:00,2018-08-30 00:39:00
-6.10317,105.41123,306.34,0.43,0.62,2018-08-29,1739,N,VIIRS,n,2,285.69,7.26,N,3,VIIRS_SNPP_SP,2018-08-29 17:39:00,2018-08-30 00:39:00
-6.10176,105.40332,303.83,0.43,0.62,2018-08-29,1739,N,VIIRS,n,2,285.37,1.28,N,3,VIIRS_SNPP_SP,2018-08-29 17:39:00,2018-08-30 00:39:00
-6.10105,105.39937,302.22,0.43,0.62,2018-08-29,1739,N,VIIRS,n,2,285.55,1.28,N,3,VIIRS_SNPP_SP,2018-08-29 17:39:00,2018-08-30 00:39:00
-6.10888,105.42287,312.62,0.45,0.63,2018-08-30,1901,N,VIIRS,n,2,287.76,13.45,N,1,VIIRS_SNPP_SP,2018-08-30 19:01:00,2018-08-31 02:01:00
-6.10356,105.42747,353.57,0.45,0.63,2018-08-30,1901,N,VIIRS,n,2,289.17,13.45,N,1,VIIRS_SNPP_SP,2018-08-30 19:01:00,2018-08-31 02:01:00
-6.10295,105.4231,367.0,0.45,0.63,2018-08-30,1901,N,VIIRS,h,2,291.43,13.45,N,1,VIIRS_SNPP_SP,2018-08-30 19:01:00,2018-08-31 02:01:00
-6.10409,105.42577,367.0,0.33,0.55,2018-09-02,701,N,VIIRS,h,2,297.56,13.74,D,1,VIIRS_SNPP_SP,2018-09-02 07:01:00,2018-09-02 14:01:00
-6.10219,105.42424,354.21,0.33,0.55,2018-09-02,701,N,VIIRS,n,2,294.63,13.52,D,1,VIIRS_SNPP_SP,2018-09-02 07:01:00,2018-09-02 14:01:00
-6.10164,105.4275,367.0,0.33,0.55,2018-09-02,701,N,VIIRS,h,2,291.61,13.52,D,1,VIIRS_SNPP_SP,2018-09-02 07:01:00,2018-09-02 14:01:00
-6.09895,105.4251,331.73,0.33,0.55,2018-09-02,701,N,VIIRS,n,2,289.91,13.74,D,1,VIIRS_SNPP_SP,2018-09-02 07:01:00,2018-09-02 14:01:00
-6.10432,105.42165,338.3,0.46,0.64,2018-08-29,544,N20,VIIRS,n,2,296.23,11.1,D,1,VIIRS_NOAA20_SP,2018-08-29 05:44:00,2018-08-29 12:44:00
-6.10493,105.42445,335.0,0.44,0.38,2018-08-29,1829,N20,VIIRS,n,2,288.48,6.91,N,1,VIIRS_NOAA20_SP,2018-08-29 18:29:00,2018-08-30 01:29:00
-6.10142,105.42501,332.68,0.44,0.38,2018-08-29,1829,N20,VIIRS,n,2,286.12,6.91,N,1,VIIRS_NOAA20_SP,2018-08-29 18:29:00,2018-08-30 01:29:00
-6.10082,105.42107,304.66,0.44,0.38,2018-08-29,1829,N20,VIIRS,n,2,279.87,4.21,N,1,VIIRS_NOAA20_SP,2018-08-29 18:29:00,2018-08-30 01:29:00
-6.10616,105.42407,324.48,0.42,0.38,2018-08-30,1810,N20,VIIRS,n,2,300.47,13.23,N,1,VIIRS_NOAA20_SP,2018-08-30 18:10:00,2018-08-31 01:10:00
-6.10556,105.42033,332.91,0.42,0.38,2018-08-30,1810,N20,VIIRS,n,2,294.3,11.42,N,1,VIIRS_NOAA20_SP,2018-08-30 18:10:00,2018-08-31 01:10:00
-6.10768,105.42273,336.96,0.41,0.45,2018-08-31,647,N20,VIIRS,n,2,298.12,5.22,D,1,VIIRS_NOAA20_SP,2018-08-31 06:47:00,2018-08-31 13:47:00
-6.10705,105.42651,330.76,0.41,0.45,2018-08-31,647,N20,VIIRS,n,2,296.43,5.22,D,1,VIIRS_NOAA20_SP,2018-08-31 06:47:00,2018-08-31 13:47:00
-6.10294,105.42574,343.22,0.41,0.45,2018-08-31,647,N20,VIIRS,n,2,295.57,15.89,D,1,VIIRS_NOAA20_SP,2018-08-31 06:47:00,2018-08-31 13:47:00
-6.10546,105.42333,342.7,0.52,0.42,2018-09-02,610,N20,VIIRS,n,2,297.15,30.45,D,1,VIIRS_NOAA20_SP,2018-09-02 06:10:00,2018-09-02 13:10:00
-6.10522,105.42331,339.76,0.49,0.41,2018-09-03,642,N,VIIRS,n,2,308.15,11.08,D,1,VIIRS_SNPP_SP,2018-09-03 06:42:00,2018-09-03 13:42:00
-6.10276,105.42318,328.77,0.34,0.56,2018-09-03,1745,N,VIIRS,n,2,290.3,3.77,N,1,VIIRS_SNPP_SP,2018-09-03 17:45:00,2018-09-04 00:45:00
-6.10222,105.42008,339.28,0.34,0.56,2018-09-03,1745,N,VIIRS,n,2,288.93,3.64,N,1,VIIRS_SNPP_SP,2018-09-03 17:45:00,2018-09-04 00:45:00
-6.10788,105.42252,341.95,0.39,0.36,2018-09-04,623,N,VIIRS,n,2,307.01,6.53,D,1,VIIRS_SNPP_SP,2018-09-04 06:23:00,2018-09-04 13:23:00
-6.10912,105.4202,311.98,0.7,0.75,2018-09-04,1727,N,VIIRS,n,2,285.6,7.51,N,1,VIIRS_SNPP_SP,2018-09-04 17:27:00,2018-09-05 00:27:00
-6.10237,105.42248,311.98,0.7,0.75,2018-09-04,1727,N,VIIRS,n,2,285.46,7.51,N,1,VIIRS_SNPP_SP,2018-09-04 17:27:00,2018-09-05 00:27:00
-6.10089,105.41448,367.0,0.7,0.75,2018-09-04,1727,N,VIIRS,h,2,287.66,7.51,N,1,VIIRS_SNPP_SP,2018-09-04 17:27:00,2018-09-05 00:27:00
-6.10581,105.42611,367.0,0.57,0.69,2018-09-04,1907,N,VIIRS,h,2,288.97,11.97,N,1,VIIRS_SNPP_SP,2018-09-04 19:07:00,2018-09-05 02:07:00
-6.10503,105.42039,340.19,0.57,0.69,2018-09-04,1907,N,VIIRS,n,2,287.55,22.41,N,1,VIIRS_SNPP_SP,2018-09-04 19:07:00,2018-09-05 02:07:00
-6.09938,105.42721,325.07,0.57,0.69,2018-09-04,1907,N,VIIRS,n,2,286.87,11.97,N,1,VIIRS_SNPP_SP,2018-09-04 19:07:00,2018-09-05 02:07:00
-6.11084,105.41724,305.85,0.42,0.38,2018-09-07,1811,N,VIIRS,n,2,279.96,1.56,N,3,VIIRS_SNPP_SP,2018-09-07 18:11:00,2018-09-08 01:11:00
-6.1092,105.42925,305.12,0.42,0.38,2018-09-07,1811,N,VIIRS,n,2,277.44,1.03,N,3,VIIRS_SNPP_SP,2018-09-07 18:11:00,2018-09-08 01:11:00
-6.10573,105.42992,308.3,0.42,0.38,2018-09-07,1811,N,VIIRS,n,2,276.45,1.03,N,3,VIIRS_SNPP_SP,2018-09-07 18:11:00,2018-09-08 01:11:00
-6.10164,105.42671,319.03,0.42,0.38,2018-09-07,1811,N,VIIRS,n,2,277.88,3.03,N,1,VIIRS_SNPP_SP,2018-09-07 18:11:00,2018-09-08 01:11:00
-6.10103,105.42293,349.85,0.42,0.38,2018-09-07,1811,N,VIIRS,n,2,283.72,3.03,N,1,VIIRS_SNPP_SP,2018-09-07 18:11:00,2018-09-08 01:11:00
-6.10041,105.41905,322.08,0.42,0.38,2018-09-07,1811,N,VIIRS,n,2,281.34,4.56,N,1,VIIRS_SNPP_SP,2018-09-07 18:11:00,2018-09-08 01:11:00
-6.09816,105.42725,308.38,0.42,0.38,2018-09-07,1811,N,VIIRS,n,2,276.89,3.03,N,1,VIIRS_SNPP_SP,2018-09-07 18:11:00,2018-09-08 01:11:00
-6.09754,105.42342,312.44,0.42,0.38,2018-09-07,1811,N,VIIRS,n,2,279.3,3.03,N,1,VIIRS_SNPP_SP,2018-09-07 18:11:00,2018-09-08 01:11:00
-6.10316,105.42037,367.0,0.36,0.57,2018-09-03,551,N20,VIIRS,h,2,304.55,28.41,D,1,VIIRS_NOAA20_SP,2018-09-03 05:51:00,2018-09-03 12:51:00
-6.10689,105.42553,310.37,0.52,0.42,2018-09-03,1835,N20,VIIRS,n,2,292.93,4.63,N,1,VIIRS_NOAA20_SP,2018-09-03 18:35:00,2018-09-04 01:35:00
-6.10618,105.42078,306.33,0.52,0.42,2018-09-03,1835,N20,VIIRS,n,2,293.04,4.75,N,1,VIIRS_NOAA20_SP,2018-09-03 18:35:00,2018-09-04 01:35:00
-6.10872,105.41463,350.38,0.77,0.77,2018-09-04,532,N20,VIIRS,n,2,290.89,14.65,D,3,VIIRS_NOAA20_SP,2018-09-04 05:32:00,2018-09-04 12:32:00
-6.10764,105.42254,342.75,0.76,0.77,2018-09-04,532,N20,VIIRS,n,2,292.39,14.65,D,1,VIIRS_NOAA20_SP,2018-09-04 05:32:00,2018-09-04 12:32:00
-6.10563,105.41486,352.05,0.77,0.77,2018-09-04,532,N20,VIIRS,n,2,291.9,21.82,D,3,VIIRS_NOAA20_SP,2018-09-04 05:32:00,2018-09-04 12:32:00
-6.10454,105.42326,343.56,0.77,0.77,2018-09-04,532,N20,VIIRS,n,2,293.28,25.79,D,1,VIIRS_NOAA20_SP,2018-09-04 05:32:00,2018-09-04 12:32:00
-6.10591,105.42164,331.18,0.55,0.68,2018-09-04,712,N20,VIIRS,n,2,295.0,12.16,D,1,VIIRS_NOAA20_SP,2018-09-04 07:12:00,2018-09-04 14:12:00
-6.10498,105.42681,355.38,0.55,0.68,2018-09-04,712,N20,VIIRS,n,2,299.54,17.83,D,1,VIIRS_NOAA20_SP,2018-09-04 07:12:00,2018-09-04 14:12:00
-6.10389,105.4328,342.74,0.55,0.68,2018-09-04,712,N20,VIIRS,n,2,291.24,17.83,D,3,VIIRS_NOAA20_SP,2018-09-04 07:12:00,2018-09-04 14:12:00
-6.10543,105.42433,326.42,0.39,0.36,2018-09-04,1816,N20,VIIRS,n,2,295.17,10.11,N,1,VIIRS_NOAA20_SP,2018-09-04 18:16:00,2018-09-05 01:16:00
-6.10211,105.42485,321.12,0.39,0.36,2018-09-04,1816,N20,VIIRS,n,2,292.85,12.16,N,1,VIIRS_NOAA20_SP,2018-09-04 18:16:00,2018-09-05 01:16:00
-6.10452,105.42257,342.51,0.53,0.5,2018-09-05,654,N20,VIIRS,n,2,276.93,22.67,D,1,VIIRS_NOAA20_SP,2018-09-05 06:54:00,2018-09-05 13:54:00
-6.10369,105.42748,344.06,0.53,0.5,2018-09-05,654,N20,VIIRS,n,2,278.78,22.67,D,1,VIIRS_NOAA20_SP,2018-09-05 06:54:00,2018-09-05 13:54:00
-6.10568,105.42339,311.22,0.41,0.45,2018-09-05,1757,N20,VIIRS,n,2,269.53,3.04,N,1,VIIRS_NOAA20_SP,2018-09-05 17:57:00,2018-09-06 00:57:00
-6.10504,105.4197,337.36,0.41,0.45,2018-09-05,1757,N20,VIIRS,n,2,270.42,2.61,N,1,VIIRS_NOAA20_SP,2018-09-05 17:57:00,2018-09-06 00:57:00
-6.10434,105.41555,300.25,0.41,0.45,2018-09-05,1757,N20,VIIRS,n,2,267.29,2.61,N,1,VIIRS_NOAA20_SP,2018-09-05 17:57:00,2018-09-06 00:57:00
-6.10279,105.42333,323.42,0.41,0.45,2018-09-05,1757,N20,VIIRS,n,2,267.74,3.05,N,1,VIIRS_NOAA20_SP,2018-09-05 17:57:00,2018-09-06 00:57:00
-6.10218,105.41961,346.43,0.41,0.45,2018-09-05,1757,N20,VIIRS,n,2,271.33,3.62,N,1,VIIRS_NOAA20_SP,2018-09-05 17:57:00,2018-09-06 00:57:00
-6.10156,105.42404,313.58,0.41,0.45,2018-09-05,1757,N20,VIIRS,n,2,267.38,4.78,N,1,VIIRS_NOAA20_SP,2018-09-05 17:57:00,2018-09-06 00:57:00
-6.10151,105.41544,305.78,0.41,0.45,2018-09-05,1757,N20,VIIRS,n,2,266.31,3.62,N,1,VIIRS_NOAA20_SP,2018-09-05 17:57:00,2018-09-06 00:57:00
-6.10093,105.42034,347.57,0.41,0.45,2018-09-05,1757,N20,VIIRS,n,2,270.72,6.66,N,1,VIIRS_NOAA20_SP,2018-09-05 17:57:00,2018-09-06 00:57:00
-6.10023,105.41624,307.71,0.41,0.45,2018-09-05,1757,N20,VIIRS,n,2,265.89,6.66,N,1,VIIRS_NOAA20_SP,2018-09-05 17:57:00,2018-09-06 00:57:00
-6.09866,105.4239,295.34,0.41,0.45,2018-09-05,1757,N20,VIIRS,n,2,266.15,3.05,N,1,VIIRS_NOAA20_SP,2018-09-05 17:57:00,2018-09-06 00:57:00
-6.09805,105.42017,301.53,0.41,0.45,2018-09-05,1757,N20,VIIRS,n,2,266.72,3.62,N,1,VIIRS_NOAA20_SP,2018-09-05 17:57:00,2018-09-06 00:57:00
-6.0974,105.41614,295.45,0.41,0.45,2018-09-05,1757,N20,VIIRS,n,2,266.55,3.62,N,1,VIIRS_NOAA20_SP,2018-09-05 17:57:00,2018-09-06 00:57:00
-6.10637,105.42358,315.09,0.43,0.62,2018-09-06,1738,N20,VIIRS,n,2,284.42,3.25,N,1,VIIRS_NOAA20_SP,2018-09-06 17:38:00,2018-09-07 00:38:00
-6.10378,105.42439,313.12,0.43,0.62,2018-09-06,1738,N20,VIIRS,n,2,283.9,7.86,N,1,VIIRS_NOAA20_SP,2018-09-06 17:38:00,2018-09-07 00:38:00
-6.10311,105.42056,352.76,0.43,0.62,2018-09-06,1738,N20,VIIRS,n,2,291.33,22.61,N,1,VIIRS_NOAA20_SP,2018-09-06 17:38:00,2018-09-07 00:38:00
-6.10227,105.41573,367.0,0.43,0.62,2018-09-06,1738,N20,VIIRS,h,2,287.5,22.61,N,1,VIIRS_NOAA20_SP,2018-09-06 17:38:00,2018-09-07 00:38:00
-6.10072,105.42466,304.46,0.43,0.62,2018-09-06,1738,N20,VIIRS,n,2,283.83,7.56,N,1,VIIRS_NOAA20_SP,2018-09-06 17:38:00,2018-09-07 00:38:00
-6.10003,105.42086,351.48,0.43,0.62,2018-09-06,1738,N20,VIIRS,n,2,289.72,20.43,N,1,VIIRS_NOAA20_SP,2018-09-06 17:38:00,2018-09-07 00:38:00
-6.09919,105.4162,367.0,0.43,0.62,2018-09-06,1738,N20,VIIRS,h,2,286.35,20.43,N,1,VIIRS_NOAA20_SP,2018-09-06 17:38:00,2018-09-07 00:38:00
-6.10517,105.42317,348.45,0.43,0.38,2018-09-07,616,N20,VIIRS,n,2,296.32,25.59,D,1,VIIRS_NOAA20_SP,2018-09-07 06:16:00,2018-09-07 13:16:00
-6.11111,105.42469,308.72,0.52,0.5,2018-09-08,1752,N,VIIRS,n,2,292.41,9.41,N,3,VIIRS_SNPP_SP,2018-09-08 17:52:00,2018-09-09 00:52:00
-6.11032,105.42017,367.0,0.52,0.5,2018-09-08,1752,N,VIIRS,h,2,293.66,9.41,N,3,VIIRS_SNPP_SP,2018-09-08 17:52:00,2018-09-09 00:52:00
-6.10956,105.40751,312.04,0.53,0.5,2018-09-08,1752,N,VIIRS,n,2,292.64,8.16,N,3,VIIRS_SNPP_SP,2018-09-08 17:52:00,2018-09-09 00:52:00
-6.10944,105.41516,312.64,0.53,0.5,2018-09-08,1752,N,VIIRS,n,2,292.78,4.56,N,3,VIIRS_SNPP_SP,2018-09-08 17:52:00,2018-09-09 00:52:00
-6.10876,105.40272,314.49,0.53,0.5,2018-09-08,1752,N,VIIRS,n,2,291.31,3.49,N,3,VIIRS_SNPP_SP,2018-09-08 17:52:00,2018-09-09 00:52:00
-6.1086,105.41037,314.34,0.53,0.5,2018-09-08,1752,N,VIIRS,n,2,292.47,4.56,N,3,VIIRS_SNPP_SP,2018-09-08 17:52:00,2018-09-09 00:52:00
-6.10814,105.42746,309.69,0.52,0.5,2018-09-08,1752,N,VIIRS,n,2,292.24,6.36,N,3,VIIRS_SNPP_SP,2018-09-08 17:52:00,2018-09-09 00:52:00
-6.10777,105.40559,323.84,0.53,0.5,2018-09-08,1752,N,VIIRS,n,2,292.05,3.39,N,3,VIIRS_SNPP_SP,2018-09-08 17:52:00,2018-09-09 00:52:00
-6.10693,105.40081,308.51,0.53,0.5,2018-09-08,1752,N,VIIRS,n,2,291.0,3.39,N,3,VIIRS_SNPP_SP,2018-09-08 17:52:00,2018-09-09 00:52:00
-6.10574,105.41312,353.01,0.53,0.5,2018-09-08,1752,N,VIIRS,n,2,293.2,8.16,N,3,VIIRS_SNPP_SP,2018-09-08 17:52:00,2018-09-09 00:52:00
-6.10493,105.40832,338.93,0.53,0.5,2018-09-08,1752,N,VIIRS,n,2,292.39,8.16,N,3,VIIRS_SNPP_SP,2018-09-08 17:52:00,2018-09-09 00:52:00
-6.10413,105.40353,314.97,0.53,0.5,2018-09-08,1752,N,VIIRS,n,2,290.93,3.49,N,3,VIIRS_SNPP_SP,2018-09-08 17:52:00,2018-09-09 00:52:00
-6.1036,105.42872,307.91,0.52,0.5,2018-09-08,1752,N,VIIRS,n,2,292.18,7.66,N,1,VIIRS_SNPP_SP,2018-09-08 17:52:00,2018-09-09 00:52:00
-6.11333,105.42081,334.05,0.39,0.36,2018-09-09,629,N,VIIRS,n,2,291.37,6.77,D,3,VIIRS_SNPP_SP,2018-09-09 06:29:00,2018-09-09 13:29:00
-6.10667,105.41976,340.29,0.39,0.36,2018-09-09,629,N,VIIRS,n,2,290.32,10.14,D,1,VIIRS_SNPP_SP,2018-09-09 06:29:00,2018-09-09 13:29:00
-6.10614,105.42325,344.88,0.39,0.36,2018-09-09,629,N,VIIRS,n,2,292.67,14.31,D,1,VIIRS_SNPP_SP,2018-09-09 06:29:00,2018-09-09 13:29:00
-6.11103,105.42467,318.9,0.55,0.68,2018-09-09,1733,N,VIIRS,n,2,280.23,6.51,N,3,VIIRS_SNPP_SP,2018-09-09 17:33:00,2018-09-10 00:33:00
-6.11019,105.42006,338.05,0.55,0.68,2018-09-09,1733,N,VIIRS,n,2,281.81,6.51,N,3,VIIRS_SNPP_SP,2018-09-09 17:33:00,2018-09-10 00:33:00
-6.1092,105.41457,313.93,0.55,0.68,2018-09-09,1733,N,VIIRS,n,2,281.22,4.22,N,3,VIIRS_SNPP_SP,2018-09-09 17:33:00,2018-09-10 00:33:00
-6.10828,105.40948,308.62,0.55,0.68,2018-09-09,1733,N,VIIRS,n,2,281.69,4.22,N,3,VIIRS_SNPP_SP,2018-09-09 17:33:00,2018-09-10 00:33:00
-6.10736,105.40441,308.21,0.55,0.68,2018-09-09,1733,N,VIIRS,n,2,282.48,2.09,N,3,VIIRS_SNPP_SP,2018-09-09 17:33:00,2018-09-10 00:33:00
-6.10655,105.43595,310.33,0.55,0.68,2018-09-09,1733,N,VIIRS,n,2,282.55,4.44,N,3,VIIRS_SNPP_SP,2018-09-09 17:33:00,2018-09-10 00:33:00
-6.10644,105.39934,305.94,0.55,0.68,2018-09-09,1733,N,VIIRS,n,2,281.52,2.09,N,3,VIIRS_SNPP_SP,2018-09-09 17:33:00,2018-09-10 00:33:00
-6.10571,105.43131,313.94,0.55,0.68,2018-09-09,1733,N,VIIRS,n,2,282.87,4.44,N,3,VIIRS_SNPP_SP,2018-09-09 17:33:00,2018-09-10 00:33:00
-6.10104,105.40559,322.71,0.55,0.68,2018-09-09,1733,N,VIIRS,n,2,282.86,3.65,N,3,VIIRS_SNPP_SP,2018-09-09 17:33:00,2018-09-10 00:33:00
-6.10013,105.40055,306.88,0.55,0.68,2018-09-09,1733,N,VIIRS,n,2,281.98,3.65,N,3,VIIRS_SNPP_SP,2018-09-09 17:33:00,2018-09-10 00:33:00
-6.09473,105.40678,303.05,0.55,0.68,2018-09-09,1733,N,VIIRS,n,2,282.48,3.65,N,3,VIIRS_SNPP_SP,2018-09-09 17:33:00,2018-09-10 00:33:00
-6.10565,105.4295,354.98,0.73,0.76,2018-09-09,1913,N,VIIRS,n,2,275.65,7.75,N,3,VIIRS_SNPP_SP,2018-09-09 19:13:00,2018-09-10 02:13:00
-6.10464,105.42192,303.86,0.73,0.76,2018-09-09,1913,N,VIIRS,n,2,273.41,4.47,N,1,VIIRS_SNPP_SP,2018-09-09 19:13:00,2018-09-10 02:13:00
-6.10386,105.41607,298.21,0.73,0.76,2018-09-09,1913,N,VIIRS,n,2,273.48,4.47,N,1,VIIRS_SNPP_SP,2018-09-09 19:13:00,2018-09-10 02:13:00
-6.1034,105.43618,299.12,0.73,0.76,2018-09-09,1913,N,VIIRS,n,2,275.91,4.92,N,3,VIIRS_SNPP_SP,2018-09-09 19:13:00,2018-09-10 02:13:00
-6.1023,105.42828,356.47,0.73,0.76,2018-09-09,1913,N,VIIRS,n,2,277.01,9.3,N,1,VIIRS_SNPP_SP,2018-09-09 19:13:00,2018-09-10 02:13:00
-6.10128,105.42098,305.9,0.73,0.76,2018-09-09,1913,N,VIIRS,n,2,274.93,9.3,N,1,VIIRS_SNPP_SP,2018-09-09 19:13:00,2018-09-10 02:13:00
-6.09859,105.43082,300.08,0.73,0.76,2018-09-09,1913,N,VIIRS,n,2,276.64,7.75,N,3,VIIRS_SNPP_SP,2018-09-09 19:13:00,2018-09-10 02:13:00
-6.09761,105.4234,298.87,0.73,0.76,2018-09-09,1913,N,VIIRS,n,2,276.22,4.47,N,1,VIIRS_SNPP_SP,2018-09-09 19:13:00,2018-09-10 02:13:00
-6.10963,105.42141,341.26,0.52,0.42,2018-09-10,610,N,VIIRS,n,2,300.15,12.75,D,1,VIIRS_SNPP_SP,2018-09-10 06:10:00,2018-09-10 13:10:00
-6.10894,105.42615,347.51,0.52,0.42,2018-09-10,610,N,VIIRS,n,2,303.82,12.75,D,3,VIIRS_SNPP_SP,2018-09-10 06:10:00,2018-09-10 13:10:00
-6.11133,105.42242,295.57,0.35,0.57,2018-09-10,1855,N,VIIRS,n,2,267.71,1.24,N,1,VIIRS_SNPP_SP,2018-09-10 18:55:00,2018-09-11 01:55:00
-6.10692,105.42923,302.23,0.35,0.57,2018-09-10,1855,N,VIIRS,n,2,269.4,1.41,N,3,VIIRS_SNPP_SP,2018-09-10 18:55:00,2018-09-11 01:55:00
-6.10645,105.4259,311.67,0.35,0.57,2018-09-10,1855,N,VIIRS,n,2,269.65,1.41,N,1,VIIRS_SNPP_SP,2018-09-10 18:55:00,2018-09-11 01:55:00
-6.10599,105.4226,311.09,0.35,0.57,2018-09-10,1855,N,VIIRS,n,2,269.76,1.24,N,1,VIIRS_SNPP_SP,2018-09-10 18:55:00,2018-09-11 01:55:00
-6.10553,105.4193,301.96,0.35,0.57,2018-09-10,1855,N,VIIRS,n,2,267.97,1.24,N,1,VIIRS_SNPP_SP,2018-09-10 18:55:00,2018-09-11 01:55:00
-6.10347,105.42464,318.48,0.52,0.41,2018-09-11,1836,N,VIIRS,n,2,292.37,4.36,N,1,VIIRS_SNPP_SP,2018-09-11 18:36:00,2018-09-12 01:36:00
-6.10277,105.42,307.2,0.52,0.41,2018-09-11,1836,N,VIIRS,n,2,289.55,2.8,N,1,VIIRS_SNPP_SP,2018-09-11 18:36:00,2018-09-12 01:36:00
-6.10541,105.41468,367.0,0.75,0.77,2018-09-12,533,N,VIIRS,h,2,296.82,28.0,D,3,VIIRS_SNPP_SP,2018-09-12 05:33:00,2018-09-12 12:33:00
-6.10429,105.42322,337.64,0.75,0.77,2018-09-12,533,N,VIIRS,n,2,294.99,28.0,D,1,VIIRS_SNPP_SP,2018-09-12 05:33:00,2018-09-12 12:33:00
-6.10471,105.42288,334.28,0.54,0.68,2018-09-12,713,N,VIIRS,n,2,302.17,13.18,D,1,VIIRS_SNPP_SP,2018-09-12 07:13:00,2018-09-12 14:13:00
-6.10376,105.4282,367.0,0.54,0.68,2018-09-12,713,N,VIIRS,h,2,305.68,25.65,D,1,VIIRS_SNPP_SP,2018-09-12 07:13:00,2018-09-12 14:13:00
-6.1085,105.42478,339.25,0.39,0.36,2018-09-12,1817,N,VIIRS,n,2,303.98,6.27,N,1,VIIRS_SNPP_SP,2018-09-12 18:17:00,2018-09-13 01:17:00
-6.10794,105.4213,342.09,0.39,0.36,2018-09-12,1817,N,VIIRS,n,2,307.71,4.51,N,1,VIIRS_SNPP_SP,2018-09-12 18:17:00,2018-09-13 01:17:00
-6.10738,105.41778,311.69,0.39,0.36,2018-09-12,1817,N,VIIRS,n,2,299.19,4.51,N,3,VIIRS_SNPP_SP,2018-09-12 18:17:00,2018-09-13 01:17:00
-6.12393,105.4202,332.36,0.56,0.51,2018-09-08,557,N20,VIIRS,n,2,285.91,13.94,D,3,VIIRS_NOAA20_SP,2018-09-08 05:57:00,2018-09-08 12:57:00
-6.122,105.39955,339.2,0.56,0.51,2018-09-08,557,N20,VIIRS,n,2,284.82,8.22,D,3,VIIRS_NOAA20_SP,2018-09-08 05:57:00,2018-09-08 12:57:00
-6.1213,105.40456,345.34,0.56,0.51,2018-09-08,557,N20,VIIRS,n,2,282.86,8.22,D,3,VIIRS_NOAA20_SP,2018-09-08 05:57:00,2018-09-08 12:57:00
-6.12061,105.40956,344.37,0.56,0.51,2018-09-08,557,N20,VIIRS,n,2,284.92,9.58,D,3,VIIRS_NOAA20_SP,2018-09-08 05:57:00,2018-09-08 12:57:00
-6.11991,105.41455,345.71,0.56,0.51,2018-09-08,557,N20,VIIRS,n,2,284.19,9.58,D,3,VIIRS_NOAA20_SP,2018-09-08 05:57:00,2018-09-08 12:57:00
-6.11922,105.41954,342.91,0.56,0.51,2018-09-08,557,N20,VIIRS,n,2,285.74,7.94,D,3,VIIRS_NOAA20_SP,2018-09-08 05:57:00,2018-09-08 12:57:00
-6.11853,105.42454,338.83,0.55,0.51,2018-09-08,557,N20,VIIRS,n,2,285.16,7.94,D,3,VIIRS_NOAA20_SP,2018-09-08 05:57:00,2018-09-08 12:57:00
-6.11783,105.42952,332.0,0.55,0.51,2018-09-08,557,N20,VIIRS,n,2,285.26,6.0,D,3,VIIRS_NOAA20_SP,2018-09-08 05:57:00,2018-09-08 12:57:00
-6.11729,105.3989,346.91,0.56,0.51,2018-09-08,557,N20,VIIRS,n,2,283.09,8.22,D,3,VIIRS_NOAA20_SP,2018-09-08 05:57:00,2018-09-08 12:57:00
-6.11659,105.4039,350.8,0.56,0.51,2018-09-08,557,N20,VIIRS,n,2,282.96,8.22,D,3,VIIRS_NOAA20_SP,2018-09-08 05:57:00,2018-09-08 12:57:00
-6.1159,105.40891,352.88,0.56,0.51,2018-09-08,557,N20,VIIRS,n,2,283.72,9.58,D,3,VIIRS_NOAA20_SP,2018-09-08 05:57:00,2018-09-08 12:57:00
-6.1152,105.41389,348.71,0.56,0.51,2018-09-08,557,N20,VIIRS,n,2,283.05,9.58,D,3,VIIRS_NOAA20_SP,2018-09-08 05:57:00,2018-09-08 12:57:00
-6.11451,105.41889,348.48,0.56,0.51,2018-09-08,557,N20,VIIRS,n,2,283.76,7.94,D,3,VIIRS_NOAA20_SP,2018-09-08 05:57:00,2018-09-08 12:57:00
-6.11382,105.42389,343.95,0.55,0.51,2018-09-08,557,N20,VIIRS,n,2,284.74,7.94,D,3,VIIRS_NOAA20_SP,2018-09-08 05:57:00,2018-09-08 12:57:00
-6.11313,105.42886,341.05,0.55,0.51,2018-09-08,557,N20,VIIRS,n,2,285.7,6.0,D,3,VIIRS_NOAA20_SP,2018-09-08 05:57:00,2018-09-08 12:57:00
-6.11257,105.39824,335.87,0.56,0.51,2018-09-08,557,N20,VIIRS,n,2,282.57,9.99,D,3,VIIRS_NOAA20_SP,2018-09-08 05:57:00,2018-09-08 12:57:00
-6.11244,105.43385,331.44,0.55,0.51,2018-09-08,557,N20,VIIRS,n,2,284.25,6.0,D,3,VIIRS_NOAA20_SP,2018-09-08 05:57:00,2018-09-08 12:57:00
-6.11188,105.40324,353.91,0.56,0.51,2018-09-08,557,N20,VIIRS,n,2,283.24,9.99,D,3,VIIRS_NOAA20_SP,2018-09-08 05:57:00,2018-09-08 12:57:00
-6.11119,105.40824,356.32,0.56,0.51,2018-09-08,557,N20,VIIRS,l,2,283.67,16.11,D,3,VIIRS_NOAA20_SP,2018-09-08 05:57:00,2018-09-08 12:57:00
-6.1105,105.41324,353.74,0.56,0.51,2018-09-08,557,N20,VIIRS,n,2,282.66,16.11,D,3,VIIRS_NOAA20_SP,2018-09-08 05:57:00,2018-09-08 12:57:00
-6.10842,105.42822,352.31,0.55,0.51,2018-09-08,557,N20,VIIRS,n,2,287.06,10.58,D,3,VIIRS_NOAA20_SP,2018-09-08 05:57:00,2018-09-08 12:57:00
-6.10773,105.43319,340.64,0.55,0.51,2018-09-08,557,N20,VIIRS,n,2,287.06,10.58,D,3,VIIRS_NOAA20_SP,2018-09-08 05:57:00,2018-09-08 12:57:00
-6.10717,105.40259,344.16,0.56,0.51,2018-09-08,557,N20,VIIRS,n,2,283.31,9.99,D,3,VIIRS_NOAA20_SP,2018-09-08 05:57:00,2018-09-08 12:57:00
-6.10704,105.43817,329.48,0.55,0.51,2018-09-08,557,N20,VIIRS,n,2,285.66,12.8,D,3,VIIRS_NOAA20_SP,2018-09-08 05:57:00,2018-09-08 12:57:00
-6.10648,105.40759,356.44,0.56,0.51,2018-09-08,557,N20,VIIRS,l,2,283.98,16.11,D,3,VIIRS_NOAA20_SP,2018-09-08 05:57:00,2018-09-08 12:57:00
-6.10579,105.41258,356.44,0.56,0.51,2018-09-08,557,N20,VIIRS,l,2,283.54,16.11,D,3,VIIRS_NOAA20_SP,2018-09-08 05:57:00,2018-09-08 12:57:00
-6.10365,105.42811,354.02,0.55,0.51,2018-09-08,557,N20,VIIRS,n,2,290.23,10.58,D,1,VIIRS_NOAA20_SP,2018-09-08 05:57:00,2018-09-08 12:57:00
-6.10299,105.43281,339.33,0.55,0.51,2018-09-08,557,N20,VIIRS,n,2,288.16,10.58,D,3,VIIRS_NOAA20_SP,2018-09-08 05:57:00,2018-09-08 12:57:00
-6.10177,105.40693,349.9,0.56,0.51,2018-09-08,557,N20,VIIRS,n,2,284.49,9.07,D,3,VIIRS_NOAA20_SP,2018-09-08 05:57:00,2018-09-08 12:57:00
-6.10108,105.41192,352.97,0.56,0.51,2018-09-08,557,N20,VIIRS,n,2,283.5,9.07,D,1,VIIRS_NOAA20_SP,2018-09-08 05:57:00,2018-09-08 12:57:00
-6.10039,105.41695,354.87,0.56,0.51,2018-09-08,557,N20,VIIRS,n,2,284.53,9.67,D,1,VIIRS_NOAA20_SP,2018-09-08 05:57:00,2018-09-08 12:57:00
-6.09962,105.42254,353.26,0.55,0.51,2018-09-08,557,N20,VIIRS,n,2,287.08,9.67,D,1,VIIRS_NOAA20_SP,2018-09-08 05:57:00,2018-09-08 12:57:00
-6.09896,105.42731,347.38,0.55,0.51,2018-09-08,557,N20,VIIRS,n,2,288.63,7.9,D,1,VIIRS_NOAA20_SP,2018-09-08 05:57:00,2018-09-08 12:57:00
-6.0983,105.43208,335.86,0.55,0.51,2018-09-08,557,N20,VIIRS,n,2,286.3,7.9,D,3,VIIRS_NOAA20_SP,2018-09-08 05:57:00,2018-09-08 12:57:00
-6.09706,105.40627,335.06,0.56,0.51,2018-09-08,557,N20,VIIRS,n,2,285.08,9.07,D,3,VIIRS_NOAA20_SP,2018-09-08 05:57:00,2018-09-08 12:57:00
-6.09637,105.41126,340.15,0.56,0.51,2018-09-08,557,N20,VIIRS,n,2,285.12,9.07,D,3,VIIRS_NOAA20_SP,2018-09-08 05:57:00,2018-09-08 12:57:00
-6.09568,105.41628,341.2,0.56,0.51,2018-09-08,557,N20,VIIRS,n,2,286.05,9.67,D,3,VIIRS_NOAA20_SP,2018-09-08 05:57:00,2018-09-08 12:57:00
-6.09494,105.42169,340.17,0.55,0.51,2018-09-08,557,N20,VIIRS,n,2,288.68,9.67,D,1,VIIRS_NOAA20_SP,2018-09-08 05:57:00,2018-09-08 12:57:00
-6.09428,105.4265,333.17,0.55,0.51,2018-09-08,557,N20,VIIRS,n,2,287.17,7.9,D,3,VIIRS_NOAA20_SP,2018-09-08 05:57:00,2018-09-08 12:57:00
-6.11041,105.40991,308.49,0.44,0.46,2018-09-08,1841,N20,VIIRS,n,2,281.95,1.92,N,3,VIIRS_NOAA20_SP,2018-09-08 18:41:00,2018-09-09 01:41:00
-6.10618,105.41053,313.94,0.44,0.46,2018-09-08,1841,N20,VIIRS,n,2,283.24,2.28,N,3,VIIRS_NOAA20_SP,2018-09-08 18:41:00,2018-09-09 01:41:00
-6.10195,105.41115,309.56,0.44,0.46,2018-09-08,1841,N20,VIIRS,n,2,283.85,2.28,N,1,VIIRS_NOAA20_SP,2018-09-08 18:41:00,2018-09-09 01:41:00
-6.09998,105.42715,325.48,0.44,0.46,2018-09-08,1841,N20,VIIRS,n,2,291.16,10.75,N,1,VIIRS_NOAA20_SP,2018-09-08 18:41:00,2018-09-09 01:41:00
-6.09939,105.42313,367.0,0.44,0.46,2018-09-08,1841,N20,VIIRS,h,2,294.08,10.75,N,1,VIIRS_NOAA20_SP,2018-09-08 18:41:00,2018-09-09 01:41:00
-6.09882,105.41925,336.01,0.44,0.46,2018-09-08,1841,N20,VIIRS,n,2,289.87,3.72,N,1,VIIRS_NOAA20_SP,2018-09-08 18:41:00,2018-09-09 01:41:00
-6.0983,105.4157,307.2,0.44,0.46,2018-09-08,1841,N20,VIIRS,n,2,285.8,3.72,N,1,VIIRS_NOAA20_SP,2018-09-08 18:41:00,2018-09-09 01:41:00
-6.11129,105.42241,367.0,0.59,0.7,2018-09-09,538,N20,VIIRS,h,2,294.5,19.73,D,1,VIIRS_NOAA20_SP,2018-09-09 05:38:00,2018-09-09 12:38:00
-6.11024,105.42173,351.63,0.59,0.7,2018-09-09,538,N20,VIIRS,n,2,299.98,52.26,D,1,VIIRS_NOAA20_SP,2018-09-09 05:38:00,2018-09-09 12:38:00
-6.10958,105.42657,347.49,0.59,0.7,2018-09-09,538,N20,VIIRS,n,2,291.7,31.22,D,3,VIIRS_NOAA20_SP,2018-09-09 05:38:00,2018-09-09 12:38:00
-6.10531,105.40974,336.4,0.6,0.7,2018-09-09,538,N20,VIIRS,n,2,290.31,47.04,D,3,VIIRS_NOAA20_SP,2018-09-09 05:38:00,2018-09-09 12:38:00
-6.10299,105.42679,337.46,0.59,0.7,2018-09-09,538,N20,VIIRS,n,2,294.78,52.38,D,1,VIIRS_NOAA20_SP,2018-09-09 05:38:00,2018-09-09 12:38:00
-6.11045,105.41993,332.45,0.34,0.56,2018-09-10,700,N20,VIIRS,n,2,294.59,9.59,D,3,VIIRS_NOAA20_SP,2018-09-10 07:00:00,2018-09-10 14:00:00
-6.10994,105.42293,352.08,0.34,0.56,2018-09-10,700,N20,VIIRS,n,2,298.53,9.59,D,1,VIIRS_NOAA20_SP,2018-09-10 07:00:00,2018-09-10 14:00:00
-6.10937,105.42629,367.0,0.34,0.56,2018-09-10,700,N20,VIIRS,h,2,302.97,27.32,D,3,VIIRS_NOAA20_SP,2018-09-10 07:00:00,2018-09-10 14:00:00
-6.10439,105.42461,342.28,0.34,0.56,2018-09-10,700,N20,VIIRS,n,2,301.1,26.59,D,1,VIIRS_NOAA20_SP,2018-09-10 07:00:00,2018-09-10 14:00:00
-6.10383,105.42786,367.0,0.34,0.56,2018-09-10,700,N20,VIIRS,h,2,291.04,26.59,D,1,VIIRS_NOAA20_SP,2018-09-10 07:00:00,2018-09-10 14:00:00
-6.11494,105.42275,296.05,0.5,0.41,2018-09-10,1803,N20,VIIRS,n,2,276.14,0.87,N,3,VIIRS_NOAA20_SP,2018-09-10 18:03:00,2018-09-11 01:03:00
-6.11122,105.42339,302.19,0.5,0.41,2018-09-10,1803,N20,VIIRS,n,2,275.84,0.87,N,1,VIIRS_NOAA20_SP,2018-09-10 18:03:00,2018-09-11 01:03:00
-6.11052,105.41902,299.17,0.5,0.41,2018-09-10,1803,N20,VIIRS,n,2,275.58,0.87,N,3,VIIRS_NOAA20_SP,2018-09-10 18:03:00,2018-09-11 01:03:00
-6.10978,105.41443,303.12,0.5,0.41,2018-09-10,1803,N20,VIIRS,n,2,275.95,1.23,N,3,VIIRS_NOAA20_SP,2018-09-10 18:03:00,2018-09-11 01:03:00
-6.10906,105.40996,301.24,0.5,0.41,2018-09-10,1803,N20,VIIRS,n,2,275.74,1.23,N,3,VIIRS_NOAA20_SP,2018-09-10 18:03:00,2018-09-11 01:03:00
-6.10753,105.42421,308.43,0.5,0.41,2018-09-10,1803,N20,VIIRS,n,2,277.19,1.2,N,1,VIIRS_NOAA20_SP,2018-09-10 18:03:00,2018-09-11 01:03:00
-6.10681,105.41976,305.46,0.5,0.41,2018-09-10,1803,N20,VIIRS,n,2,275.63,1.2,N,1,VIIRS_NOAA20_SP,2018-09-10 18:03:00,2018-09-11 01:03:00
-6.10606,105.41505,310.19,0.5,0.41,2018-09-10,1803,N20,VIIRS,n,2,275.34,1.25,N,3,VIIRS_NOAA20_SP,2018-09-10 18:03:00,2018-09-11 01:03:00
-6.10534,105.41058,305.43,0.5,0.41,2018-09-10,1803,N20,VIIRS,n,2,274.57,1.25,N,3,VIIRS_NOAA20_SP,2018-09-10 18:03:00,2018-09-11 01:03:00
-6.10382,105.42493,302.09,0.5,0.41,2018-09-10,1803,N20,VIIRS,n,2,275.76,1.2,N,1,VIIRS_NOAA20_SP,2018-09-10 18:03:00,2018-09-11 01:03:00
-6.1031,105.42048,307.23,0.5,0.41,2018-09-10,1803,N20,VIIRS,n,2,277.11,1.2,N,1,VIIRS_NOAA20_SP,2018-09-10 18:03:00,2018-09-11 01:03:00
-6.10236,105.41588,309.5,0.5,0.41,2018-09-10,1803,N20,VIIRS,n,2,274.47,1.25,N,1,VIIRS_NOAA20_SP,2018-09-10 18:03:00,2018-09-11 01:03:00
-6.10161,105.41119,302.32,0.5,0.41,2018-09-10,1803,N20,VIIRS,n,2,274.44,1.25,N,1,VIIRS_NOAA20_SP,2018-09-10 18:03:00,2018-09-11 01:03:00
-6.11683,105.42404,295.03,0.5,0.41,2018-09-10,1804,N20,VIIRS,n,2,275.87,0.76,N,3,VIIRS_NOAA20_SP,2018-09-10 18:04:00,2018-09-11 01:04:00
-6.1131,105.42466,299.51,0.5,0.41,2018-09-10,1804,N20,VIIRS,n,2,276.46,0.76,N,3,VIIRS_NOAA20_SP,2018-09-10 18:04:00,2018-09-11 01:04:00
-6.11236,105.42022,298.85,0.5,0.41,2018-09-10,1804,N20,VIIRS,n,2,275.51,0.76,N,3,VIIRS_NOAA20_SP,2018-09-10 18:04:00,2018-09-11 01:04:00
-6.11161,105.41575,300.56,0.5,0.41,2018-09-10,1804,N20,VIIRS,n,2,275.44,1.3,N,3,VIIRS_NOAA20_SP,2018-09-10 18:04:00,2018-09-11 01:04:00
-6.11087,105.41129,300.15,0.5,0.41,2018-09-10,1804,N20,VIIRS,n,2,275.34,1.3,N,3,VIIRS_NOAA20_SP,2018-09-10 18:04:00,2018-09-11 01:04:00
-6.1094,105.4254,302.14,0.5,0.41,2018-09-10,1804,N20,VIIRS,n,2,275.88,1.47,N,1,VIIRS_NOAA20_SP,2018-09-10 18:04:00,2018-09-11 01:04:00
-6.10866,105.42096,309.21,0.5,0.41,2018-09-10,1804,N20,VIIRS,n,2,276.29,1.47,N,1,VIIRS_NOAA20_SP,2018-09-10 18:04:00,2018-09-11 01:04:00
-6.10792,105.41651,307.46,0.5,0.41,2018-09-10,1804,N20,VIIRS,n,2,275.71,1.74,N,3,VIIRS_NOAA20_SP,2018-09-10 18:04:00,2018-09-11 01:04:00
-6.10714,105.4119,310.91,0.5,0.41,2018-09-10,1804,N20,VIIRS,n,2,275.96,1.74,N,3,VIIRS_NOAA20_SP,2018-09-10 18:04:00,2018-09-11 01:04:00
-6.10639,105.40743,299.41,0.5,0.41,2018-09-10,1804,N20,VIIRS,n,2,275.1,0.78,N,3,VIIRS_NOAA20_SP,2018-09-10 18:04:00,2018-09-11 01:04:00
-6.1057,105.42611,303.65,0.5,0.41,2018-09-10,1804,N20,VIIRS,n,2,275.92,1.47,N,1,VIIRS_NOAA20_SP,2018-09-10 18:04:00,2018-09-11 01:04:00
-6.10498,105.4218,316.81,0.5,0.41,2018-09-10,1804,N20,VIIRS,n,2,277.52,1.47,N,1,VIIRS_NOAA20_SP,2018-09-10 18:04:00,2018-09-11 01:04:00
-6.10421,105.4172,316.59,0.5,0.41,2018-09-10,1804,N20,VIIRS,n,2,275.92,1.74,N,1,VIIRS_NOAA20_SP,2018-09-10 18:04:00,2018-09-11 01:04:00
-6.10342,105.41251,312.12,0.5,0.41,2018-09-10,1804,N20,VIIRS,n,2,274.98,1.74,N,1,VIIRS_NOAA20_SP,2018-09-10 18:04:00,2018-09-11 01:04:00
-6.10267,105.40805,296.57,0.5,0.41,2018-09-10,1804,N20,VIIRS,n,2,274.6,0.78,N,3,VIIRS_NOAA20_SP,2018-09-10 18:04:00,2018-09-11 01:04:00
-6.10635,105.42487,330.83,0.33,0.55,2018-09-11,1745,N20,VIIRS,n,2,293.99,6.86,N,1,VIIRS_NOAA20_SP,2018-09-11 17:45:00,2018-09-12 00:45:00
-6.10588,105.42215,345.6,0.33,0.55,2018-09-11,1745,N20,VIIRS,n,2,297.42,6.86,N,1,VIIRS_NOAA20_SP,2018-09-11 17:45:00,2018-09-12 00:45:00
-6.10532,105.41889,354.03,0.33,0.56,2018-09-11,1745,N20,VIIRS,n,2,295.72,6.11,N,1,VIIRS_NOAA20_SP,2018-09-11 17:45:00,2018-09-12 00:45:00
-6.10471,105.41532,309.68,0.33,0.56,2018-09-11,1745,N20,VIIRS,n,2,290.77,6.11,N,3,VIIRS_NOAA20_SP,2018-09-11 17:45:00,2018-09-12 00:45:00
-6.10367,105.40926,307.23,0.33,0.56,2018-09-11,1745,N20,VIIRS,n,2,290.54,3.86,N,3,VIIRS_NOAA20_SP,2018-09-11 17:45:00,2018-09-12 00:45:00
-6.10078,105.42298,331.81,0.33,0.55,2018-09-11,1745,N20,VIIRS,n,2,293.03,16.52,N,1,VIIRS_NOAA20_SP,2018-09-11 17:45:00,2018-09-12 00:45:00
-6.10025,105.41993,339.81,0.33,0.56,2018-09-11,1745,N20,VIIRS,n,2,309.68,26.02,N,1,VIIRS_NOAA20_SP,2018-09-11 17:45:00,2018-09-12 00:45:00
-6.09962,105.41624,367.0,0.33,0.56,2018-09-11,1745,N20,VIIRS,h,2,291.2,26.02,N,1,VIIRS_NOAA20_SP,2018-09-11 17:45:00,2018-09-12 00:45:00
-6.09909,105.41319,314.7,0.33,0.56,2018-09-11,1745,N20,VIIRS,n,2,290.02,2.59,N,1,VIIRS_NOAA20_SP,2018-09-11 17:45:00,2018-09-12 00:45:00
-6.09857,105.41018,306.63,0.33,0.56,2018-09-11,1745,N20,VIIRS,n,2,289.21,2.59,N,1,VIIRS_NOAA20_SP,2018-09-11 17:45:00,2018-09-12 00:45:00
-6.10959,105.4202,340.96,0.39,0.36,2018-09-12,622,N20,VIIRS,l,2,311.55,6.34,D,3,VIIRS_NOAA20_SP,2018-09-12 06:22:00,2018-09-12 13:22:00
-6.10906,105.42371,349.33,0.39,0.36,2018-09-12,622,N20,VIIRS,n,2,318.2,6.34,D,1,VIIRS_NOAA20_SP,2018-09-12 06:22:00,2018-09-12 13:22:00
-6.10687,105.42366,309.82,0.7,0.75,2018-09-12,1726,N20,VIIRS,n,2,294.72,4.04,N,1,VIIRS_NOAA20_SP,2018-09-12 17:26:00,2018-09-13 00:26:00
-6.10572,105.41945,347.06,0.7,0.75,2018-09-12,1726,N20,VIIRS,n,2,297.07,12.83,N,1,VIIRS_NOAA20_SP,2018-09-12 17:26:00,2018-09-13 00:26:00
-6.10566,105.41727,325.48,0.7,0.75,2018-09-12,1726,N20,VIIRS,n,2,294.57,4.04,N,1,VIIRS_NOAA20_SP,2018-09-12 17:26:00,2018-09-13 00:26:00
-6.10436,105.41195,315.22,0.7,0.75,2018-09-12,1726,N20,VIIRS,n,2,293.41,12.83,N,3,VIIRS_NOAA20_SP,2018-09-12 17:26:00,2018-09-13 00:26:00
-6.09888,105.42081,343.33,0.7,0.75,2018-09-12,1726,N20,VIIRS,n,2,294.39,12.83,N,1,VIIRS_NOAA20_SP,2018-09-12 17:26:00,2018-09-13 00:26:00
-6.09866,105.41777,355.92,0.7,0.75,2018-09-12,1726,N20,VIIRS,n,2,299.01,36.81,N,1,VIIRS_NOAA20_SP,2018-09-12 17:26:00,2018-09-13 00:26:00
-6.09751,105.41328,367.0,0.7,0.75,2018-09-12,1726,N20,VIIRS,h,2,295.95,12.83,N,1,VIIRS_NOAA20_SP,2018-09-12 17:26:00,2018-09-13 00:26:00
-6.09742,105.41122,331.68,0.7,0.75,2018-09-12,1726,N20,VIIRS,n,2,293.41,21.08,N,1,VIIRS_NOAA20_SP,2018-09-12 17:26:00,2018-09-13 00:26:00
-6.10748,105.42297,327.62,0.6,0.71,2018-09-12,1906,N20,VIIRS,n,2,296.44,6.8,N,1,VIIRS_NOAA20_SP,2018-09-12 19:06:00,2018-09-13 02:06:00
-6.10678,105.4178,311.71,0.6,0.71,2018-09-12,1906,N20,VIIRS,n,2,295.19,6.8,N,1,VIIRS_NOAA20_SP,2018-09-12 19:06:00,2018-09-13 02:06:00
-6.10177,105.42951,326.26,0.6,0.71,2018-09-12,1906,N20,VIIRS,n,2,294.69,14.08,N,1,VIIRS_NOAA20_SP,2018-09-12 19:06:00,2018-09-13 02:06:00
-6.10097,105.42356,349.72,0.6,0.71,2018-09-12,1906,N20,VIIRS,n,2,296.53,6.8,N,1,VIIRS_NOAA20_SP,2018-09-12 19:06:00,2018-09-13 02:06:00
-6.10784,105.42592,334.68,0.52,0.5,2018-09-13,654,N,VIIRS,n,2,274.66,16.27,D,1,VIIRS_SNPP_SP,2018-09-13 06:54:00,2018-09-13 13:54:00
-6.10329,105.42496,355.76,0.52,0.5,2018-09-13,654,N,VIIRS,n,2,279.91,16.27,D,1,VIIRS_SNPP_SP,2018-09-13 06:54:00,2018-09-13 13:54:00
-6.11052,105.42523,307.43,0.41,0.45,2018-09-13,1758,N,VIIRS,n,2,273.71,2.08,N,3,VIIRS_SNPP_SP,2018-09-13 17:58:00,2018-09-14 00:58:00
-6.10988,105.42152,313.13,0.41,0.45,2018-09-13,1758,N,VIIRS,n,2,274.08,2.08,N,1,VIIRS_SNPP_SP,2018-09-13 17:58:00,2018-09-14 00:58:00
-6.10923,105.41769,310.43,0.41,0.45,2018-09-13,1758,N,VIIRS,n,2,271.24,1.61,N,3,VIIRS_SNPP_SP,2018-09-13 17:58:00,2018-09-14 00:58:00
-6.10857,105.4138,299.37,0.41,0.45,2018-09-13,1758,N,VIIRS,n,2,272.24,1.61,N,3,VIIRS_SNPP_SP,2018-09-13 17:58:00,2018-09-14 00:58:00
-6.10512,105.41862,343.41,0.41,0.45,2018-09-13,1758,N,VIIRS,n,2,271.67,5.19,N,1,VIIRS_SNPP_SP,2018-09-13 17:58:00,2018-09-14 00:58:00
-6.10442,105.41452,310.37,0.41,0.45,2018-09-13,1758,N,VIIRS,n,2,270.97,5.19,N,3,VIIRS_SNPP_SP,2018-09-13 17:58:00,2018-09-14 00:58:00
-6.10098,105.41939,341.81,0.41,0.45,2018-09-13,1758,N,VIIRS,n,2,272.3,5.19,N,1,VIIRS_SNPP_SP,2018-09-13 17:58:00,2018-09-14 00:58:00
-6.10059,105.42649,302.18,0.41,0.45,2018-09-13,1758,N,VIIRS,n,2,271.61,1.29,N,1,VIIRS_SNPP_SP,2018-09-13 17:58:00,2018-09-14 00:58:00
-6.10027,105.41521,307.33,0.41,0.45,2018-09-13,1758,N,VIIRS,n,2,269.69,5.19,N,1,VIIRS_SNPP_SP,2018-09-13 17:58:00,2018-09-14 00:58:00
-6.1,105.42287,310.28,0.41,0.45,2018-09-13,1758,N,VIIRS,n,2,271.06,1.29,N,1,VIIRS_SNPP_SP,2018-09-13 17:58:00,2018-09-14 00:58:00
-6.09938,105.41906,308.01,0.41,0.45,2018-09-13,1758,N,VIIRS,n,2,268.78,1.09,N,1,VIIRS_SNPP_SP,2018-09-13 17:58:00,2018-09-14 00:58:00
-6.0987,105.41489,300.41,0.41,0.45,2018-09-13,1758,N,VIIRS,n,2,269.62,1.09,N,3,VIIRS_SNPP_SP,2018-09-13 17:58:00,2018-09-14 00:58:00
-6.10707,105.42384,353.29,0.43,0.62,2018-09-14,1739,N,VIIRS,n,2,294.11,17.38,N,1,VIIRS_SNPP_SP,2018-09-14 17:39:00,2018-09-15 00:39:00
-6.10638,105.41993,367.0,0.43,0.62,2018-09-14,1739,N,VIIRS,h,2,296.3,22.4,N,1,VIIRS_SNPP_SP,2018-09-14 17:39:00,2018-09-15 00:39:00
-6.10556,105.41528,329.63,0.43,0.62,2018-09-14,1739,N,VIIRS,n,2,289.62,22.4,N,3,VIIRS_SNPP_SP,2018-09-14 17:39:00,2018-09-15 00:39:00
-6.10485,105.41126,306.06,0.43,0.62,2018-09-14,1739,N,VIIRS,n,2,289.21,4.38,N,3,VIIRS_SNPP_SP,2018-09-14 17:39:00,2018-09-15 00:39:00
-6.10139,105.42503,305.96,0.43,0.62,2018-09-14,1739,N,VIIRS,n,2,288.63,5.4,N,1,VIIRS_SNPP_SP,2018-09-14 17:39:00,2018-09-15 00:39:00
-6.1007,105.42116,353.95,0.43,0.62,2018-09-14,1739,N,VIIRS,n,2,294.21,17.3,N,1,VIIRS_SNPP_SP,2018-09-14 17:39:00,2018-09-15 00:39:00
-6.09984,105.41631,367.0,0.43,0.62,2018-09-14,1739,N,VIIRS,h,2,292.92,17.3,N,1,VIIRS_SNPP_SP,2018-09-14 17:39:00,2018-09-15 00:39:00
-6.09913,105.41231,304.8,0.43,0.62,2018-09-14,1739,N,VIIRS,n,2,289.7,7.8,N,3,VIIRS_SNPP_SP,2018-09-14 17:39:00,2018-09-15 00:39:00
-6.13252,105.44321,311.1,0.45,0.63,2018-09-15,1901,N,VIIRS,n,2,277.56,2.22,N,3,VIIRS_SNPP_SP,2018-09-15 19:01:00,2018-09-16 02:01:00
-6.13193,105.43907,311.61,0.45,0.63,2018-09-15,1901,N,VIIRS,n,2,276.59,2.22,N,3,VIIRS_SNPP_SP,2018-09-15 19:01:00,2018-09-16 02:01:00
-6.13188,105.44526,306.39,0.45,0.63,2018-09-15,1901,N,VIIRS,n,2,278.45,1.67,N,3,VIIRS_SNPP_SP,2018-09-15 19:01:00,2018-09-16 02:01:00
-6.13132,105.44111,314.42,0.45,0.63,2018-09-15,1901,N,VIIRS,n,2,276.95,1.67,N,3,VIIRS_SNPP_SP,2018-09-15 19:01:00,2018-09-16 02:01:00
-6.12726,105.44818,308.99,0.45,0.63,2018-09-15,1901,N,VIIRS,n,2,278.48,3.41,N,3,VIIRS_SNPP_SP,2018-09-15 19:01:00,2018-09-16 02:01:00
-6.12659,105.45025,309.53,0.45,0.63,2018-09-15,1901,N,VIIRS,n,2,278.56,3.61,N,3,VIIRS_SNPP_SP,2018-09-15 19:01:00,2018-09-16 02:01:00
-6.12602,105.44609,307.78,0.45,0.63,2018-09-15,1901,N,VIIRS,n,2,276.55,1.67,N,3,VIIRS_SNPP_SP,2018-09-15 19:01:00,2018-09-16 02:01:00
-6.09705,105.40803,309.49,0.45,0.63,2018-09-15,1901,N,VIIRS,n,2,280.29,1.73,N,3,VIIRS_SNPP_SP,2018-09-15 19:01:00,2018-09-16 02:01:00
-6.0965,105.40389,303.24,0.45,0.63,2018-09-15,1901,N,VIIRS,n,2,278.77,1.73,N,3,VIIRS_SNPP_SP,2018-09-15 19:01:00,2018-09-16 02:01:00
-6.09622,105.43985,307.0,0.45,0.63,2018-09-15,1901,N,VIIRS,n,2,278.37,1.67,N,3,VIIRS_SNPP_SP,2018-09-15 19:01:00,2018-09-16 02:01:00
-6.09564,105.43571,308.03,0.45,0.63,2018-09-15,1901,N,VIIRS,n,2,278.79,1.67,N,3,VIIRS_SNPP_SP,2018-09-15 19:01:00,2018-09-16 02:01:00
-6.11564,105.41422,341.22,0.56,0.51,2018-09-16,558,N,VIIRS,n,2,283.48,12.94,D,3,VIIRS_SNPP_SP,2018-09-16 05:58:00,2018-09-16 12:58:00
-6.11088,105.41357,355.15,0.56,0.51,2018-09-16,558,N,VIIRS,n,2,284.8,12.94,D,3,VIIRS_SNPP_SP,2018-09-16 05:58:00,2018-09-16 12:58:00
-6.10612,105.41291,356.22,0.56,0.51,2018-09-16,558,N,VIIRS,l,2,285.67,13.98,D,3,VIIRS_SNPP_SP,2018-09-16 05:58:00,2018-09-16 12:58:00
-6.10388,105.42871,334.36,0.56,0.51,2018-09-16,558,N,VIIRS,n,2,281.7,9.58,D,1,VIIRS_SNPP_SP,2018-09-16 05:58:00,2018-09-16 12:58:00
-6.10135,105.41225,341.53,0.56,0.51,2018-09-16,558,N,VIIRS,n,2,286.44,13.98,D,3,VIIRS_SNPP_SP,2018-09-16 05:58:00,2018-09-16 12:58:00
-6.09914,105.42792,331.72,0.56,0.51,2018-09-16,558,N,VIIRS,n,2,285.59,9.58,D,1,VIIRS_SNPP_SP,2018-09-16 05:58:00,2018-09-16 12:58:00
-6.0951,105.42221,328.96,0.56,0.51,2018-09-16,558,N,VIIRS,n,2,291.28,9.78,D,1,VIIRS_SNPP_SP,2018-09-16 05:58:00,2018-09-16 12:58:00
-6.1164,105.43094,297.79,0.43,0.46,2018-09-16,1842,N,VIIRS,n,2,262.38,1.01,N,3,VIIRS_SNPP_SP,2018-09-16 18:42:00,2018-09-17 01:42:00
-6.11584,105.42703,303.96,0.43,0.46,2018-09-16,1842,N,VIIRS,n,2,264.45,1.01,N,3,VIIRS_SNPP_SP,2018-09-16 18:42:00,2018-09-17 01:42:00
-6.11528,105.42312,307.67,0.43,0.46,2018-09-16,1842,N,VIIRS,n,2,265.43,1.55,N,3,VIIRS_SNPP_SP,2018-09-16 18:42:00,2018-09-17 01:42:00
-6.11472,105.41922,305.18,0.43,0.46,2018-09-16,1842,N,VIIRS,n,2,268.51,1.55,N,3,VIIRS_SNPP_SP,2018-09-16 18:42:00,2018-09-17 01:42:00
-6.11416,105.41534,298.68,0.43,0.46,2018-09-16,1842,N,VIIRS,n,2,268.89,1.53,N,3,VIIRS_SNPP_SP,2018-09-16 18:42:00,2018-09-17 01:42:00
-6.11273,105.43547,298.09,0.43,0.46,2018-09-16,1842,N,VIIRS,n,2,261.44,1.0,N,3,VIIRS_SNPP_SP,2018-09-16 18:42:00,2018-09-17 01:42:00
-6.10993,105.41595,308.83,0.43,0.46,2018-09-16,1842,N,VIIRS,n,2,267.43,1.55,N,3,VIIRS_SNPP_SP,2018-09-16 18:42:00,2018-09-17 01:42:00
-6.10937,105.41206,297.36,0.43,0.46,2018-09-16,1842,N,VIIRS,n,2,266.65,1.55,N,3,VIIRS_SNPP_SP,2018-09-16 18:42:00,2018-09-17 01:42:00
-6.1085,105.4361,301.45,0.43,0.46,2018-09-16,1842,N,VIIRS,n,2,259.89,1.0,N,3,VIIRS_SNPP_SP,2018-09-16 18:42:00,2018-09-17 01:42:00
-6.10567,105.41632,312.37,0.43,0.46,2018-09-16,1842,N,VIIRS,n,2,263.38,1.55,N,3,VIIRS_SNPP_SP,2018-09-16 18:42:00,2018-09-17 01:42:00
-6.11293,105.42315,331.31,0.59,0.7,2018-09-17,539,N,VIIRS,n,2,281.8,31.48,D,3,VIIRS_SNPP_SP,2018-09-17 05:39:00,2018-09-17 12:39:00
-6.10817,105.41764,354.07,0.59,0.7,2018-09-17,539,N,VIIRS,n,2,282.46,37.97,D,3,VIIRS_SNPP_SP,2018-09-17 05:39:00,2018-09-17 12:39:00
-6.10739,105.42337,356.69,0.59,0.7,2018-09-17,539,N,VIIRS,l,2,289.44,37.97,D,1,VIIRS_SNPP_SP,2018-09-17 05:39:00,2018-09-17 12:39:00
-6.10704,105.41744,347.4,0.59,0.7,2018-09-17,539,N,VIIRS,n,2,287.03,65.15,D,3,VIIRS_SNPP_SP,2018-09-17 05:39:00,2018-09-17 12:39:00
-6.10668,105.42857,331.17,0.59,0.7,2018-09-17,539,N,VIIRS,n,2,279.07,32.94,D,3,VIIRS_SNPP_SP,2018-09-17 05:39:00,2018-09-17 12:39:00
-6.1063,105.42323,367.0,0.59,0.7,2018-09-17,539,N,VIIRS,h,2,290.6,31.48,D,1,VIIRS_SNPP_SP,2018-09-17 05:39:00,2018-09-17 12:39:00
-6.10563,105.42841,332.14,0.59,0.7,2018-09-17,539,N,VIIRS,n,2,280.24,31.48,D,1,VIIRS_SNPP_SP,2018-09-17 05:39:00,2018-09-17 12:39:00
-6.10247,105.41073,334.73,0.59,0.7,2018-09-17,539,N,VIIRS,n,2,275.72,25.63,D,3,VIIRS_SNPP_SP,2018-09-17 05:39:00,2018-09-17 12:39:00
-6.10162,105.41702,356.15,0.59,0.7,2018-09-17,539,N,VIIRS,l,2,283.52,38.98,D,1,VIIRS_SNPP_SP,2018-09-17 05:39:00,2018-09-17 12:39:00
-6.10083,105.42287,341.59,0.59,0.7,2018-09-17,539,N,VIIRS,n,2,279.47,38.98,D,1,VIIRS_SNPP_SP,2018-09-17 05:39:00,2018-09-17 12:39:00
-6.11254,105.42489,336.45,0.39,0.36,2018-09-17,1823,N,VIIRS,n,2,288.28,6.65,N,3,VIIRS_SNPP_SP,2018-09-17 18:23:00,2018-09-18 01:23:00
-6.11199,105.42136,334.94,0.39,0.36,2018-09-17,1823,N,VIIRS,n,2,288.47,6.85,N,3,VIIRS_SNPP_SP,2018-09-17 18:23:00,2018-09-18 01:23:00
-6.1042,105.41536,308.23,0.39,0.36,2018-09-17,1823,N,VIIRS,n,2,283.46,2.06,N,1,VIIRS_SNPP_SP,2018-09-17 18:23:00,2018-09-18 01:23:00
-6.10303,105.42992,306.2,0.39,0.36,2018-09-17,1823,N,VIIRS,n,2,283.55,1.63,N,1,VIIRS_SNPP_SP,2018-09-17 18:23:00,2018-09-18 01:23:00
-6.10248,105.42639,328.67,0.39,0.36,2018-09-17,1823,N,VIIRS,n,2,284.18,1.63,N,1,VIIRS_SNPP_SP,2018-09-17 18:23:00,2018-09-18 01:23:00
-6.10085,105.41588,302.5,0.39,0.36,2018-09-17,1823,N,VIIRS,n,2,280.53,1.21,N,1,VIIRS_SNPP_SP,2018-09-17 18:23:00,2018-09-18 01:23:00
-6.09914,105.42693,307.67,0.39,0.36,2018-09-17,1823,N,VIIRS,n,2,281.91,1.63,N,1,VIIRS_SNPP_SP,2018-09-17 18:23:00,2018-09-18 01:23:00
-6.10836,105.41968,328.69,0.43,0.46,2018-09-13,603,N20,VIIRS,n,2,272.41,8.44,D,1,VIIRS_NOAA20_SP,2018-09-13 06:03:00,2018-09-13 13:03:00
-6.10412,105.41925,341.08,0.43,0.46,2018-09-13,603,N20,VIIRS,n,2,273.78,8.44,D,1,VIIRS_NOAA20_SP,2018-09-13 06:03:00,2018-09-13 13:03:00
-6.10372,105.41902,340.29,0.43,0.46,2018-09-13,603,N20,VIIRS,n,2,273.64,9.91,D,1,VIIRS_NOAA20_SP,2018-09-13 06:03:00,2018-09-13 13:03:00
-6.10314,105.42295,344.85,0.43,0.46,2018-09-13,603,N20,VIIRS,n,2,274.1,11.76,D,1,VIIRS_NOAA20_SP,2018-09-13 06:03:00,2018-09-13 13:03:00
-6.10342,105.42971,300.32,0.56,0.52,2018-09-13,1847,N20,VIIRS,n,2,273.03,1.73,N,1,VIIRS_NOAA20_SP,2018-09-13 18:47:00,2018-09-14 01:47:00
-6.10266,105.42451,304.06,0.56,0.52,2018-09-13,1847,N20,VIIRS,n,2,278.41,1.73,N,1,VIIRS_NOAA20_SP,2018-09-13 18:47:00,2018-09-14 01:47:00
-6.10506,105.41833,342.1,0.46,0.64,2018-09-14,545,N20,VIIRS,n,2,271.57,9.05,D,1,VIIRS_NOAA20_SP,2018-09-14 05:45:00,2018-09-14 12:45:00
-6.10445,105.42278,356.36,0.46,0.64,2018-09-14,545,N20,VIIRS,l,2,276.01,9.05,D,1,VIIRS_NOAA20_SP,2018-09-14 05:45:00,2018-09-14 12:45:00
-6.10628,105.41979,323.02,0.44,0.38,2018-09-14,1829,N20,VIIRS,n,2,298.37,6.35,N,1,VIIRS_NOAA20_SP,2018-09-14 18:29:00,2018-09-15 01:29:00
-6.10276,105.42026,317.65,0.44,0.38,2018-09-14,1829,N20,VIIRS,n,2,294.01,6.35,N,1,VIIRS_NOAA20_SP,2018-09-14 18:29:00,2018-09-15 01:29:00
-6.10715,105.426,350.51,0.43,0.62,2018-09-15,706,N20,VIIRS,n,2,303.05,21.75,D,1,VIIRS_NOAA20_SP,2018-09-15 07:06:00,2018-09-15 14:06:00
-6.10646,105.43004,355.36,0.43,0.62,2018-09-15,706,N20,VIIRS,n,2,292.32,16.36,D,3,VIIRS_NOAA20_SP,2018-09-15 07:06:00,2018-09-15 14:06:00
-6.10151,105.42479,337.82,0.43,0.62,2018-09-15,706,N20,VIIRS,n,2,291.97,21.75,D,1,VIIRS_NOAA20_SP,2018-09-15 07:06:00,2018-09-15 14:06:00
-6.10079,105.42895,352.86,0.43,0.62,2018-09-15,706,N20,VIIRS,n,2,288.18,16.36,D,1,VIIRS_NOAA20_SP,2018-09-15 07:06:00,2018-09-15 14:06:00
-6.13703,105.43068,305.81,0.42,0.38,2018-09-15,1810,N20,VIIRS,n,2,284.18,3.34,N,3,VIIRS_NOAA20_SP,2018-09-15 18:10:00,2018-09-16 01:10:00
-6.1358,105.42313,306.75,0.42,0.38,2018-09-15,1810,N20,VIIRS,n,2,282.67,1.88,N,3,VIIRS_NOAA20_SP,2018-09-15 18:10:00,2018-09-16 01:10:00
-6.13518,105.41934,307.69,0.42,0.38,2018-09-15,1810,N20,VIIRS,n,2,282.39,1.88,N,3,VIIRS_NOAA20_SP,2018-09-15 18:10:00,2018-09-16 01:10:00
-6.1342,105.43502,307.06,0.42,0.38,2018-09-15,1810,N20,VIIRS,n,2,285.39,1.43,N,3,VIIRS_NOAA20_SP,2018-09-15 18:10:00,2018-09-16 01:10:00
-6.13075,105.43558,308.4,0.42,0.38,2018-09-15,1810,N20,VIIRS,n,2,286.61,1.43,N,3,VIIRS_NOAA20_SP,2018-09-15 18:10:00,2018-09-16 01:10:00
-6.12545,105.4248,316.48,0.42,0.38,2018-09-15,1810,N20,VIIRS,n,2,283.45,2.27,N,3,VIIRS_NOAA20_SP,2018-09-15 18:10:00,2018-09-16 01:10:00
-6.122,105.42535,323.84,0.42,0.38,2018-09-15,1810,N20,VIIRS,n,2,282.57,2.27,N,3,VIIRS_NOAA20_SP,2018-09-15 18:10:00,2018-09-16 01:10:00
-6.12177,105.41699,313.23,0.42,0.38,2018-09-15,1810,N20,VIIRS,n,2,288.2,1.81,N,3,VIIRS_NOAA20_SP,2018-09-15 18:10:00,2018-09-16 01:10:00
-6.12138,105.42157,316.0,0.42,0.38,2018-09-15,1810,N20,VIIRS,n,2,287.54,2.27,N,3,VIIRS_NOAA20_SP,2018-09-15 18:10:00,2018-09-16 01:10:00
-6.12117,105.4132,310.06,0.42,0.38,2018-09-15,1810,N20,VIIRS,n,2,288.22,1.81,N,3,VIIRS_NOAA20_SP,2018-09-15 18:10:00,2018-09-16 01:10:00
-6.12076,105.41779,316.72,0.42,0.38,2018-09-15,1810,N20,VIIRS,n,2,288.18,2.87,N,3,VIIRS_NOAA20_SP,2018-09-15 18:10:00,2018-09-16 01:10:00
-6.12056,105.40942,311.54,0.42,0.38,2018-09-15,1810,N20,VIIRS,n,2,287.67,1.57,N,3,VIIRS_NOAA20_SP,2018-09-15 18:10:00,2018-09-16 01:10:00
-6.12014,105.414,311.53,0.42,0.38,2018-09-15,1810,N20,VIIRS,n,2,288.14,2.87,N,3,VIIRS_NOAA20_SP,2018-09-15 18:10:00,2018-09-16 01:10:00
-6.11996,105.40562,318.02,0.42,0.38,2018-09-15,1810,N20,VIIRS,n,2,285.35,1.57,N,3,VIIRS_NOAA20_SP,2018-09-15 18:10:00,2018-09-16 01:10:00
-6.11953,105.41022,312.28,0.42,0.38,2018-09-15,1810,N20,VIIRS,n,2,287.63,2.96,N,3,VIIRS_NOAA20_SP,2018-09-15 18:10:00,2018-09-16 01:10:00
-6.11891,105.40643,319.17,0.42,0.38,2018-09-15,1810,N20,VIIRS,n,2,285.49,2.96,N,3,VIIRS_NOAA20_SP,2018-09-15 18:10:00,2018-09-16 01:10:00
-6.11832,105.41755,321.28,0.42,0.38,2018-09-15,1810,N20,VIIRS,n,2,288.07,1.81,N,3,VIIRS_NOAA20_SP,2018-09-15 18:10:00,2018-09-16 01:10:00
-6.11772,105.41376,316.88,0.42,0.38,2018-09-15,1810,N20,VIIRS,n,2,287.77,1.81,N,3,VIIRS_NOAA20_SP,2018-09-15 18:10:00,2018-09-16 01:10:00
-6.11728,105.43325,312.59,0.42,0.38,2018-09-15,1810,N20,VIIRS,n,2,288.51,2.88,N,3,VIIRS_NOAA20_SP,2018-09-15 18:10:00,2018-09-16 01:10:00
-6.11711,105.40997,315.84,0.42,0.38,2018-09-15,1810,N20,VIIRS,n,2,287.04,1.57,N,3,VIIRS_NOAA20_SP,2018-09-15 18:10:00,2018-09-16 01:10:00
-6.11668,105.42947,319.1,0.42,0.38,2018-09-15,1810,N20,VIIRS,n,2,288.39,2.88,N,3,VIIRS_NOAA20_SP,2018-09-15 18:10:00,2018-09-16 01:10:00
-6.11651,105.40618,312.58,0.42,0.38,2018-09-15,1810,N20,VIIRS,n,2,281.09,1.57,N,3,VIIRS_NOAA20_SP,2018-09-15 18:10:00,2018-09-16 01:10:00
-6.11444,105.43759,309.76,0.42,0.38,2018-09-15,1810,N20,VIIRS,n,2,288.62,6.23,N,3,VIIRS_NOAA20_SP,2018-09-15 18:10:00,2018-09-16 01:10:00
-6.11383,105.43381,316.57,0.42,0.38,2018-09-15,1810,N20,VIIRS,n,2,288.89,2.88,N,3,VIIRS_NOAA20_SP,2018-09-15 18:10:00,2018-09-16 01:10:00
-6.11366,105.41054,321.0,0.42,0.38,2018-09-15,1810,N20,VIIRS,n,2,284.61,2.3,N,3,VIIRS_NOAA20_SP,2018-09-15 18:10:00,2018-09-16 01:10:00
-6.11323,105.43003,328.59,0.42,0.38,2018-09-15,1810,N20,VIIRS,n,2,288.94,2.88,N,3,VIIRS_NOAA20_SP,2018-09-15 18:10:00,2018-09-16 01:10:00
-6.11099,105.43815,311.21,0.42,0.38,2018-09-15,1810,N20,VIIRS,n,2,288.51,3.93,N,3,VIIRS_NOAA20_SP,2018-09-15 18:10:00,2018-09-16 01:10:00
-6.11021,105.41109,314.64,0.42,0.38,2018-09-15,1810,N20,VIIRS,n,2,278.5,2.3,N,3,VIIRS_NOAA20_SP,2018-09-15 18:10:00,2018-09-16 01:10:00
-6.10754,105.43871,310.61,0.42,0.38,2018-09-15,1810,N20,VIIRS,n,2,288.4,3.93,N,3,VIIRS_NOAA20_SP,2018-09-15 18:10:00,2018-09-16 01:10:00
-6.10676,105.41165,320.0,0.42,0.38,2018-09-15,1810,N20,VIIRS,n,2,276.93,2.28,N,3,VIIRS_NOAA20_SP,2018-09-15 18:10:00,2018-09-16 01:10:00
-6.10349,105.43549,317.02,0.42,0.38,2018-09-15,1810,N20,VIIRS,n,2,287.98,3.02,N,3,VIIRS_NOAA20_SP,2018-09-15 18:10:00,2018-09-16 01:10:00
-6.1033,105.41221,320.07,0.42,0.38,2018-09-15,1810,N20,VIIRS,n,2,277.2,2.28,N,1,VIIRS_NOAA20_SP,2018-09-15 18:10:00,2018-09-16 01:10:00
-6.10289,105.43179,335.12,0.42,0.38,2018-09-15,1810,N20,VIIRS,n,2,287.46,3.02,N,1,VIIRS_NOAA20_SP,2018-09-15 18:10:00,2018-09-16 01:10:00
-6.10004,105.43604,311.69,0.42,0.38,2018-09-15,1810,N20,VIIRS,n,2,288.34,3.02,N,3,VIIRS_NOAA20_SP,2018-09-15 18:10:00,2018-09-16 01:10:00
-6.09985,105.41277,328.78,0.42,0.38,2018-09-15,1810,N20,VIIRS,n,2,279.49,4.65,N,1,VIIRS_NOAA20_SP,2018-09-15 18:10:00,2018-09-16 01:10:00
-6.09944,105.43232,326.04,0.42,0.38,2018-09-15,1810,N20,VIIRS,n,2,287.76,3.02,N,3,VIIRS_NOAA20_SP,2018-09-15 18:10:00,2018-09-16 01:10:00
-6.0964,105.41333,335.81,0.42,0.38,2018-09-15,1810,N20,VIIRS,n,2,281.14,4.65,N,3,VIIRS_NOAA20_SP,2018-09-15 18:10:00,2018-09-16 01:10:00
-6.09598,105.43282,317.8,0.42,0.38,2018-09-15,1810,N20,VIIRS,n,2,287.7,5.42,N,3,VIIRS_NOAA20_SP,2018-09-15 18:10:00,2018-09-16 01:10:00
-6.09538,105.42909,343.88,0.42,0.38,2018-09-15,1810,N20,VIIRS,n,2,286.39,4.71,N,3,VIIRS_NOAA20_SP,2018-09-15 18:10:00,2018-09-16 01:10:00
-6.09478,105.42534,367.0,0.42,0.38,2018-09-15,1810,N20,VIIRS,h,2,285.32,4.71,N,1,VIIRS_NOAA20_SP,2018-09-15 18:10:00,2018-09-16 01:10:00
-6.09295,105.41389,332.81,0.42,0.38,2018-09-15,1810,N20,VIIRS,n,2,281.3,2.44,N,3,VIIRS_NOAA20_SP,2018-09-15 18:10:00,2018-09-16 01:10:00
-6.09234,105.4101,316.13,0.42,0.38,2018-09-15,1810,N20,VIIRS,n,2,277.36,2.44,N,3,VIIRS_NOAA20_SP,2018-09-15 18:10:00,2018-09-16 01:10:00
-6.09193,105.4296,314.53,0.42,0.38,2018-09-15,1810,N20,VIIRS,n,2,288.22,4.71,N,3,VIIRS_NOAA20_SP,2018-09-15 18:10:00,2018-09-16 01:10:00
-6.09132,105.42587,323.64,0.42,0.38,2018-09-15,1810,N20,VIIRS,n,2,287.75,4.71,N,3,VIIRS_NOAA20_SP,2018-09-15 18:10:00,2018-09-16 01:10:00
-6.0895,105.41445,331.16,0.42,0.38,2018-09-15,1810,N20,VIIRS,n,2,281.53,2.44,N,3,VIIRS_NOAA20_SP,2018-09-15 18:10:00,2018-09-16 01:10:00
-6.08889,105.41066,317.76,0.42,0.38,2018-09-15,1810,N20,VIIRS,n,2,279.53,2.44,N,3,VIIRS_NOAA20_SP,2018-09-15 18:10:00,2018-09-16 01:10:00
-6.08848,105.43015,308.64,0.42,0.38,2018-09-15,1810,N20,VIIRS,n,2,287.87,1.26,N,3,VIIRS_NOAA20_SP,2018-09-15 18:10:00,2018-09-16 01:10:00
-6.08787,105.42637,312.9,0.42,0.38,2018-09-15,1810,N20,VIIRS,n,2,287.72,1.26,N,3,VIIRS_NOAA20_SP,2018-09-15 18:10:00,2018-09-16 01:10:00
-6.08726,105.42258,313.92,0.42,0.38,2018-09-15,1810,N20,VIIRS,n,2,287.78,2.03,N,3,VIIRS_NOAA20_SP,2018-09-15 18:10:00,2018-09-16 01:10:00
-6.08665,105.4188,319.15,0.42,0.38,2018-09-15,1810,N20,VIIRS,n,2,285.49,2.03,N,3,VIIRS_NOAA20_SP,2018-09-15 18:10:00,2018-09-16 01:10:00
-6.08604,105.41501,322.34,0.42,0.38,2018-09-15,1810,N20,VIIRS,n,2,283.13,2.1,N,3,VIIRS_NOAA20_SP,2018-09-15 18:10:00,2018-09-16 01:10:00
-6.08543,105.41122,316.13,0.42,0.38,2018-09-15,1810,N20,VIIRS,n,2,279.64,2.1,N,3,VIIRS_NOAA20_SP,2018-09-15 18:10:00,2018-09-16 01:10:00
-6.08502,105.43071,307.87,0.42,0.38,2018-09-15,1810,N20,VIIRS,n,2,287.11,1.26,N,3,VIIRS_NOAA20_SP,2018-09-15 18:10:00,2018-09-16 01:10:00
-6.08442,105.42693,307.43,0.42,0.38,2018-09-15,1810,N20,VIIRS,n,2,287.79,1.26,N,3,VIIRS_NOAA20_SP,2018-09-15 18:10:00,2018-09-16 01:10:00
-6.0832,105.41935,310.88,0.42,0.38,2018-09-15,1810,N20,VIIRS,n,2,285.73,2.03,N,3,VIIRS_NOAA20_SP,2018-09-15 18:10:00,2018-09-16 01:10:00
-6.08259,105.41557,313.88,0.42,0.38,2018-09-15,1810,N20,VIIRS,n,2,280.46,2.1,N,3,VIIRS_NOAA20_SP,2018-09-15 18:10:00,2018-09-16 01:10:00
-6.10909,105.41525,312.03,0.52,0.5,2018-09-16,1751,N20,VIIRS,n,2,260.1,3.5,N,3,VIIRS_NOAA20_SP,2018-09-16 17:51:00,2018-09-17 00:51:00
-6.10829,105.41055,300.62,0.52,0.5,2018-09-16,1751,N20,VIIRS,n,2,259.97,3.5,N,3,VIIRS_NOAA20_SP,2018-09-16 17:51:00,2018-09-17 00:51:00
-6.10459,105.41646,342.12,0.52,0.5,2018-09-16,1751,N20,VIIRS,n,2,259.48,3.5,N,1,VIIRS_NOAA20_SP,2018-09-16 17:51:00,2018-09-17 00:51:00
-6.10372,105.41135,311.78,0.52,0.5,2018-09-16,1751,N20,VIIRS,n,2,259.8,3.5,N,1,VIIRS_NOAA20_SP,2018-09-16 17:51:00,2018-09-17 00:51:00
-6.09924,105.42376,337.69,0.39,0.36,2018-09-17,628,N20,VIIRS,n,2,293.45,6.65,D,1,VIIRS_NOAA20_SP,2018-09-17 06:28:00,2018-09-17 13:28:00
-6.10913,105.42726,302.26,0.55,0.68,2018-09-17,1732,N20,VIIRS,n,2,260.57,3.83,N,3,VIIRS_NOAA20_SP,2018-09-17 17:32:00,2018-09-18 00:32:00
-6.10379,105.43339,298.64,0.55,0.68,2018-09-17,1732,N20,VIIRS,n,2,264.45,2.77,N,3,VIIRS_NOAA20_SP,2018-09-17 17:32:00,2018-09-18 00:32:00
-6.10304,105.42924,304.06,0.55,0.68,2018-09-17,1732,N20,VIIRS,n,2,264.85,2.77,N,1,VIIRS_NOAA20_SP,2018-09-17 17:32:00,2018-09-18 00:32:00
-6.1099,105.40983,334.13,0.46,0.63,2018-09-22,545,N,VIIRS,n,2,284.81,11.08,D,3,VIIRS_SNPP_SP,2018-09-22 05:45:00,2018-09-22 12:45:00
-6.10513,105.40057,328.16,0.46,0.64,2018-09-22,545,N,VIIRS,n,2,285.08,11.39,D,3,VIIRS_SNPP_SP,2018-09-22 05:45:00,2018-09-22 12:45:00
-6.10456,105.40482,336.6,0.46,0.63,2018-09-22,545,N,VIIRS,n,2,287.12,11.08,D,3,VIIRS_SNPP_SP,2018-09-22 05:45:00,2018-09-22 12:45:00
-6.10399,105.40905,356.56,0.46,0.63,2018-09-22,545,N,VIIRS,l,2,289.22,11.08,D,3,VIIRS_SNPP_SP,2018-09-22 05:45:00,2018-09-22 12:45:00
-6.1011,105.43072,329.1,0.46,0.63,2018-09-22,545,N,VIIRS,n,2,286.69,12.69,D,1,VIIRS_SNPP_SP,2018-09-22 05:45:00,2018-09-22 12:45:00
-6.10061,105.43439,330.53,0.46,0.63,2018-09-22,545,N,VIIRS,n,2,285.32,12.69,D,3,VIIRS_SNPP_SP,2018-09-22 05:45:00,2018-09-22 12:45:00
-6.09995,105.41299,339.02,0.46,0.63,2018-09-22,545,N,VIIRS,n,2,285.49,13.83,D,3,VIIRS_SNPP_SP,2018-09-22 05:45:00,2018-09-22 12:45:00
-6.09934,105.41732,356.75,0.46,0.63,2018-09-22,545,N,VIIRS,l,2,289.71,13.83,D,1,VIIRS_SNPP_SP,2018-09-22 05:45:00,2018-09-22 12:45:00
-6.09863,105.42235,344.98,0.46,0.63,2018-09-22,545,N,VIIRS,n,2,291.8,12.6,D,1,VIIRS_SNPP_SP,2018-09-22 05:45:00,2018-09-22 12:45:00
-6.09808,105.42627,328.63,0.46,0.63,2018-09-22,545,N,VIIRS,n,2,288.16,12.6,D,1,VIIRS_SNPP_SP,2018-09-22 05:45:00,2018-09-22 12:45:00
-6.09695,105.41679,328.88,0.46,0.63,2018-09-22,545,N,VIIRS,n,2,288.17,8.86,D,3,VIIRS_SNPP_SP,2018-09-22 05:45:00,2018-09-22 12:45:00
-6.09629,105.42176,332.52,0.46,0.63,2018-09-22,545,N,VIIRS,n,2,291.46,11.81,D,1,VIIRS_SNPP_SP,2018-09-22 05:45:00,2018-09-22 12:45:00
-6.12619,105.42342,317.65,0.43,0.38,2018-09-22,1830,N,VIIRS,n,2,288.31,3.47,N,3,VIIRS_SNPP_SP,2018-09-22 18:30:00,2018-09-23 01:30:00
-6.12558,105.41951,310.17,0.43,0.38,2018-09-22,1830,N,VIIRS,n,2,288.53,2.06,N,3,VIIRS_SNPP_SP,2018-09-22 18:30:00,2018-09-23 01:30:00
-6.12388,105.43178,317.93,0.43,0.38,2018-09-22,1830,N,VIIRS,n,2,288.05,4.86,N,3,VIIRS_SNPP_SP,2018-09-22 18:30:00,2018-09-23 01:30:00
-6.12328,105.42786,324.77,0.43,0.38,2018-09-22,1830,N,VIIRS,n,2,286.87,3.47,N,3,VIIRS_SNPP_SP,2018-09-22 18:30:00,2018-09-23 01:30:00
-6.12207,105.42004,315.9,0.43,0.38,2018-09-22,1830,N,VIIRS,n,2,288.63,2.06,N,3,VIIRS_SNPP_SP,2018-09-22 18:30:00,2018-09-23 01:30:00
-6.12146,105.41614,315.59,0.43,0.38,2018-09-22,1830,N,VIIRS,n,2,288.68,2.06,N,3,VIIRS_SNPP_SP,2018-09-22 18:30:00,2018-09-23 01:30:00
-6.12086,105.41223,316.06,0.43,0.38,2018-09-22,1830,N,VIIRS,n,2,288.54,2.54,N,3,VIIRS_SNPP_SP,2018-09-22 18:30:00,2018-09-23 01:30:00
-6.12037,105.43232,322.29,0.43,0.38,2018-09-22,1830,N,VIIRS,n,2,287.51,3.4,N,3,VIIRS_SNPP_SP,2018-09-22 18:30:00,2018-09-23 01:30:00
-6.12025,105.40833,309.41,0.43,0.38,2018-09-22,1830,N,VIIRS,n,2,288.87,2.54,N,3,VIIRS_SNPP_SP,2018-09-22 18:30:00,2018-09-23 01:30:00
-6.11976,105.42841,322.99,0.43,0.38,2018-09-22,1830,N,VIIRS,n,2,288.2,5.25,N,3,VIIRS_SNPP_SP,2018-09-22 18:30:00,2018-09-23 01:30:00
-6.11855,105.42058,340.31,0.43,0.38,2018-09-22,1830,N,VIIRS,n,2,287.03,4.12,N,3,VIIRS_SNPP_SP,2018-09-22 18:30:00,2018-09-23 01:30:00
-6.11795,105.41667,322.09,0.43,0.38,2018-09-22,1830,N,VIIRS,n,2,288.58,4.12,N,3,VIIRS_SNPP_SP,2018-09-22 18:30:00,2018-09-23 01:30:00
-6.11734,105.41276,324.86,0.43,0.38,2018-09-22,1830,N,VIIRS,n,2,287.13,1.94,N,3,VIIRS_SNPP_SP,2018-09-22 18:30:00,2018-09-23 01:30:00
-6.11685,105.43285,314.98,0.43,0.38,2018-09-22,1830,N,VIIRS,n,2,289.31,3.4,N,3,VIIRS_SNPP_SP,2018-09-22 18:30:00,2018-09-23 01:30:00
-6.11674,105.40885,314.32,0.43,0.38,2018-09-22,1830,N,VIIRS,n,2,287.28,1.94,N,3,VIIRS_SNPP_SP,2018-09-22 18:30:00,2018-09-23 01:30:00
-6.11624,105.42893,341.29,0.43,0.38,2018-09-22,1830,N,VIIRS,n,2,288.27,5.25,N,3,VIIRS_SNPP_SP,2018-09-22 18:30:00,2018-09-23 01:30:00
-6.11564,105.42502,347.12,0.43,0.38,2018-09-22,1830,N,VIIRS,n,2,288.26,5.25,N,3,VIIRS_SNPP_SP,2018-09-22 18:30:00,2018-09-23 01:30:00
-6.11514,105.44514,313.69,0.43,0.38,2018-09-22,1830,N,VIIRS,n,2,286.96,2.97,N,3,VIIRS_SNPP_SP,2018-09-22 18:30:00,2018-09-23 01:30:00
-6.11504,105.42111,344.88,0.43,0.38,2018-09-22,1830,N,VIIRS,n,2,287.35,4.12,N,3,VIIRS_SNPP_SP,2018-09-22 18:30:00,2018-09-23 01:30:00
-6.11443,105.41721,321.24,0.43,0.38,2018-09-22,1830,N,VIIRS,n,2,286.25,4.12,N,3,VIIRS_SNPP_SP,2018-09-22 18:30:00,2018-09-23 01:30:00
-6.11393,105.4373,325.63,0.43,0.38,2018-09-22,1830,N,VIIRS,n,2,288.34,2.65,N,3,VIIRS_SNPP_SP,2018-09-22 18:30:00,2018-09-23 01:30:00
-6.11383,105.41329,315.07,0.43,0.38,2018-09-22,1830,N,VIIRS,n,2,287.4,1.94,N,3,VIIRS_SNPP_SP,2018-09-22 18:30:00,2018-09-23 01:30:00
-6.11333,105.43339,328.75,0.43,0.38,2018-09-22,1830,N,VIIRS,n,2,288.66,2.65,N,3,VIIRS_SNPP_SP,2018-09-22 18:30:00,2018-09-23 01:30:00
-6.11322,105.40939,317.56,0.43,0.38,2018-09-22,1830,N,VIIRS,n,2,286.06,1.94,N,3,VIIRS_SNPP_SP,2018-09-22 18:30:00,2018-09-23 01:30:00
-6.11273,105.42947,321.1,0.43,0.38,2018-09-22,1830,N,VIIRS,n,2,287.51,2.06,N,3,VIIRS_SNPP_SP,2018-09-22 18:30:00,2018-09-23 01:30:00
-6.11162,105.44567,316.68,0.43,0.38,2018-09-22,1830,N,VIIRS,n,2,285.63,2.97,N,3,VIIRS_SNPP_SP,2018-09-22 18:30:00,2018-09-23 01:30:00
-6.11042,105.43784,330.9,0.43,0.38,2018-09-22,1830,N,VIIRS,n,2,288.0,2.65,N,3,VIIRS_SNPP_SP,2018-09-22 18:30:00,2018-09-23 01:30:00
-6.10981,105.43392,313.58,0.43,0.38,2018-09-22,1830,N,VIIRS,n,2,288.47,2.65,N,3,VIIRS_SNPP_SP,2018-09-22 18:30:00,2018-09-23 01:30:00
-6.1081,105.44621,313.66,0.43,0.38,2018-09-22,1830,N,VIIRS,n,2,284.85,1.51,N,3,VIIRS_SNPP_SP,2018-09-22 18:30:00,2018-09-23 01:30:00
-6.1075,105.44229,315.0,0.43,0.38,2018-09-22,1830,N,VIIRS,n,2,287.87,1.51,N,3,VIIRS_SNPP_SP,2018-09-22 18:30:00,2018-09-23 01:30:00
-6.1069,105.43838,339.94,0.43,0.38,2018-09-22,1830,N,VIIRS,n,2,286.77,5.18,N,3,VIIRS_SNPP_SP,2018-09-22 18:30:00,2018-09-23 01:30:00
-6.10458,105.44674,309.17,0.43,0.38,2018-09-22,1830,N,VIIRS,n,2,287.67,1.51,N,3,VIIRS_SNPP_SP,2018-09-22 18:30:00,2018-09-23 01:30:00
-6.10398,105.44283,314.6,0.43,0.38,2018-09-22,1830,N,VIIRS,n,2,288.01,1.51,N,3,VIIRS_SNPP_SP,2018-09-22 18:30:00,2018-09-23 01:30:00
-6.10338,105.4389,330.31,0.43,0.38,2018-09-22,1830,N,VIIRS,n,2,287.67,5.18,N,3,VIIRS_SNPP_SP,2018-09-22 18:30:00,2018-09-23 01:30:00
-6.10046,105.44336,321.36,0.43,0.38,2018-09-22,1830,N,VIIRS,n,2,284.84,2.54,N,3,VIIRS_SNPP_SP,2018-09-22 18:30:00,2018-09-23 01:30:00
-6.09986,105.43945,315.27,0.43,0.38,2018-09-22,1830,N,VIIRS,n,2,288.25,2.05,N,3,VIIRS_SNPP_SP,2018-09-22 18:30:00,2018-09-23 01:30:00
-6.09926,105.43553,322.85,0.43,0.38,2018-09-22,1830,N,VIIRS,n,2,288.02,2.05,N,3,VIIRS_SNPP_SP,2018-09-22 18:30:00,2018-09-23 01:30:00
-6.09694,105.4439,310.22,0.43,0.38,2018-09-22,1830,N,VIIRS,n,2,283.86,2.54,N,3,VIIRS_SNPP_SP,2018-09-22 18:30:00,2018-09-23 01:30:00
-6.09634,105.43998,316.37,0.43,0.38,2018-09-22,1830,N,VIIRS,n,2,287.68,2.05,N,3,VIIRS_SNPP_SP,2018-09-22 18:30:00,2018-09-23 01:30:00
-6.09574,105.43607,325.22,0.43,0.38,2018-09-22,1830,N,VIIRS,n,2,285.86,2.05,N,3,VIIRS_SNPP_SP,2018-09-22 18:30:00,2018-09-23 01:30:00
-6.11716,105.41891,330.97,0.42,0.38,2018-09-22,635,N20,VIIRS,n,2,290.63,3.39,D,3,VIIRS_NOAA20_SP,2018-09-22 06:35:00,2018-09-22 13:35:00
-6.11657,105.42273,339.33,0.42,0.38,2018-09-22,635,N20,VIIRS,n,2,290.79,3.39,D,3,VIIRS_NOAA20_SP,2018-09-22 06:35:00,2018-09-22 13:35:00
-6.11599,105.41853,330.96,0.42,0.38,2018-09-22,635,N20,VIIRS,n,2,290.28,4.38,D,3,VIIRS_NOAA20_SP,2018-09-22 06:35:00,2018-09-22 13:35:00
-6.11539,105.42234,350.95,0.42,0.38,2018-09-22,635,N20,VIIRS,n,2,289.72,4.38,D,3,VIIRS_NOAA20_SP,2018-09-22 06:35:00,2018-09-22 13:35:00
-6.11311,105.42216,334.01,0.42,0.38,2018-09-22,635,N20,VIIRS,n,2,284.74,3.39,D,3,VIIRS_NOAA20_SP,2018-09-22 06:35:00,2018-09-22 13:35:00
-6.13002,105.4165,297.85,0.43,0.62,2018-09-22,1738,N20,VIIRS,n,2,283.24,1.16,N,3,VIIRS_NOAA20_SP,2018-09-22 17:38:00,2018-09-23 00:38:00
-6.12933,105.41264,300.99,0.43,0.62,2018-09-22,1738,N20,VIIRS,n,2,283.42,1.16,N,3,VIIRS_NOAA20_SP,2018-09-22 17:38:00,2018-09-23 00:38:00
-6.12864,105.40878,303.97,0.43,0.62,2018-09-22,1738,N20,VIIRS,n,2,283.24,1.67,N,3,VIIRS_NOAA20_SP,2018-09-22 17:38:00,2018-09-23 00:38:00
-6.12795,105.40491,302.52,0.43,0.62,2018-09-22,1738,N20,VIIRS,n,2,282.55,1.67,N,3,VIIRS_NOAA20_SP,2018-09-22 17:38:00,2018-09-23 00:38:00
-6.12517,105.38942,300.25,0.43,0.62,2018-09-22,1738,N20,VIIRS,n,2,281.97,1.55,N,3,VIIRS_NOAA20_SP,2018-09-22 17:38:00,2018-09-23 00:38:00
-6.12448,105.38554,298.58,0.43,0.62,2018-09-22,1738,N20,VIIRS,n,2,281.92,1.2,N,3,VIIRS_NOAA20_SP,2018-09-22 17:38:00,2018-09-23 00:38:00
-6.12438,105.41753,302.11,0.43,0.62,2018-09-22,1738,N20,VIIRS,n,2,283.53,1.16,N,3,VIIRS_NOAA20_SP,2018-09-22 17:38:00,2018-09-23 00:38:00
-6.12378,105.38166,297.97,0.43,0.62,2018-09-22,1738,N20,VIIRS,n,2,281.88,1.2,N,3,VIIRS_NOAA20_SP,2018-09-22 17:38:00,2018-09-23 00:38:00
-6.12368,105.41367,306.29,0.43,0.62,2018-09-22,1738,N20,VIIRS,n,2,283.77,1.16,N,3,VIIRS_NOAA20_SP,2018-09-22 17:38:00,2018-09-23 00:38:00
-6.12299,105.40981,312.83,0.43,0.62,2018-09-22,1738,N20,VIIRS,n,2,284.05,1.67,N,3,VIIRS_NOAA20_SP,2018-09-22 17:38:00,2018-09-23 00:38:00
-6.1223,105.40594,314.01,0.43,0.62,2018-09-22,1738,N20,VIIRS,n,2,283.73,1.67,N,3,VIIRS_NOAA20_SP,2018-09-22 17:38:00,2018-09-23 00:38:00
-6.1216,105.40207,312.12,0.43,0.62,2018-09-22,1738,N20,VIIRS,n,2,283.05,2.49,N,3,VIIRS_NOAA20_SP,2018-09-22 17:38:00,2018-09-23 00:38:00
-6.12091,105.3982,309.82,0.43,0.62,2018-09-22,1738,N20,VIIRS,n,2,282.45,2.49,N,3,VIIRS_NOAA20_SP,2018-09-22 17:38:00,2018-09-23 00:38:00
-6.12021,105.39433,308.42,0.43,0.62,2018-09-22,1738,N20,VIIRS,n,2,282.09,1.55,N,3,VIIRS_NOAA20_SP,2018-09-22 17:38:00,2018-09-23 00:38:00
-6.11951,105.39045,307.92,0.43,0.62,2018-09-22,1738,N20,VIIRS,n,2,282.28,1.55,N,3,VIIRS_NOAA20_SP,2018-09-22 17:38:00,2018-09-23 00:38:00
-6.11942,105.42242,300.89,0.43,0.62,2018-09-22,1738,N20,VIIRS,n,2,282.61,2.0,N,3,VIIRS_NOAA20_SP,2018-09-22 17:38:00,2018-09-23 00:38:00
-6.11882,105.38657,310.86,0.43,0.62,2018-09-22,1738,N20,VIIRS,n,2,282.73,1.2,N,3,VIIRS_NOAA20_SP,2018-09-22 17:38:00,2018-09-23 00:38:00
-6.11812,105.3827,309.76,0.43,0.62,2018-09-22,1738,N20,VIIRS,n,2,282.5,1.2,N,3,VIIRS_NOAA20_SP,2018-09-22 17:38:00,2018-09-23 00:38:00
-6.11742,105.37881,304.11,0.43,0.62,2018-09-22,1738,N20,VIIRS,n,2,282.04,1.3,N,3,VIIRS_NOAA20_SP,2018-09-22 17:38:00,2018-09-23 00:38:00
-6.11675,105.42169,310.4,0.43,0.62,2018-09-22,1738,N20,VIIRS,n,2,283.26,2.32,N,3,VIIRS_NOAA20_SP,2018-09-22 17:38:00,2018-09-23 00:38:00
-6.11672,105.37492,298.93,0.43,0.62,2018-09-22,1738,N20,VIIRS,n,2,281.75,1.3,N,3,VIIRS_NOAA20_SP,2018-09-22 17:38:00,2018-09-23 00:38:00
-6.11378,105.42345,308.38,0.43,0.62,2018-09-22,1738,N20,VIIRS,n,2,282.85,2.0,N,3,VIIRS_NOAA20_SP,2018-09-22 17:38:00,2018-09-23 00:38:00
-6.11177,105.4266,297.46,0.43,0.62,2018-09-22,1738,N20,VIIRS,n,2,282.2,2.32,N,3,VIIRS_NOAA20_SP,2018-09-22 17:38:00,2018-09-23 00:38:00
-6.11176,105.37984,317.31,0.43,0.62,2018-09-22,1738,N20,VIIRS,n,2,282.38,2.61,N,3,VIIRS_NOAA20_SP,2018-09-22 17:38:00,2018-09-23 00:38:00
-6.11112,105.42281,316.29,0.43,0.62,2018-09-22,1738,N20,VIIRS,n,2,282.71,2.32,N,1,VIIRS_NOAA20_SP,2018-09-22 17:38:00,2018-09-23 00:38:00
-6.11106,105.37596,310.23,0.43,0.62,2018-09-22,1738,N20,VIIRS,n,2,282.47,2.61,N,3,VIIRS_NOAA20_SP,2018-09-22 17:38:00,2018-09-23 00:38:00
-6.11042,105.3724,304.91,0.43,0.62,2018-09-22,1738,N20,VIIRS,n,2,283.12,1.2,N,3,VIIRS_NOAA20_SP,2018-09-22 17:38:00,2018-09-23 00:38:00
-6.10973,105.36855,300.14,0.43,0.62,2018-09-22,1738,N20,VIIRS,n,2,282.96,1.2,N,3,VIIRS_NOAA20_SP,2018-09-22 17:38:00,2018-09-23 00:38:00
-6.10939,105.37901,319.55,0.43,0.62,2018-09-22,1738,N20,VIIRS,n,2,282.72,2.14,N,3,VIIRS_NOAA20_SP,2018-09-22 17:38:00,2018-09-23 00:38:00
-6.10905,105.36475,296.86,0.43,0.62,2018-09-22,1738,N20,VIIRS,n,2,282.03,1.08,N,0,VIIRS_NOAA20_SP,2018-09-22 17:38:00,2018-09-23 00:38:00
-6.10872,105.37511,311.81,0.43,0.62,2018-09-22,1738,N20,VIIRS,n,2,283.22,2.14,N,3,VIIRS_NOAA20_SP,2018-09-22 17:38:00,2018-09-23 00:38:00
-6.10819,105.42483,318.01,0.43,0.62,2018-09-22,1738,N20,VIIRS,n,2,283.67,6.96,N,1,VIIRS_NOAA20_SP,2018-09-22 17:38:00,2018-09-23 00:38:00
-6.10814,105.3718,304.61,0.43,0.62,2018-09-22,1738,N20,VIIRS,n,2,284.02,3.97,N,3,VIIRS_NOAA20_SP,2018-09-22 17:38:00,2018-09-23 00:38:00
-6.10622,105.42821,305.13,0.43,0.62,2018-09-22,1738,N20,VIIRS,n,2,282.75,5.58,N,1,VIIRS_NOAA20_SP,2018-09-22 17:38:00,2018-09-23 00:38:00
-6.10616,105.38119,324.17,0.43,0.62,2018-09-22,1738,N20,VIIRS,n,2,282.97,2.61,N,3,VIIRS_NOAA20_SP,2018-09-22 17:38:00,2018-09-23 00:38:00
-6.10561,105.42469,331.25,0.43,0.62,2018-09-22,1738,N20,VIIRS,n,2,286.47,5.58,N,1,VIIRS_NOAA20_SP,2018-09-22 17:38:00,2018-09-23 00:38:00
-6.10548,105.37743,311.72,0.43,0.62,2018-09-22,1738,N20,VIIRS,n,2,284.37,2.61,N,3,VIIRS_NOAA20_SP,2018-09-22 17:38:00,2018-09-23 00:38:00
-6.10484,105.3739,301.98,0.43,0.62,2018-09-22,1738,N20,VIIRS,n,2,284.94,1.2,N,3,VIIRS_NOAA20_SP,2018-09-22 17:38:00,2018-09-23 00:38:00
-6.10417,105.37016,301.16,0.43,0.62,2018-09-22,1738,N20,VIIRS,n,2,284.32,1.2,N,0,VIIRS_NOAA20_SP,2018-09-22 17:38:00,2018-09-23 00:38:00
-6.10381,105.38055,315.1,0.43,0.62,2018-09-22,1738,N20,VIIRS,n,2,284.78,2.14,N,3,VIIRS_NOAA20_SP,2018-09-22 17:38:00,2018-09-23 00:38:00
-6.10343,105.36607,299.08,0.43,0.62,2018-09-22,1738,N20,VIIRS,n,2,283.23,1.08,N,0,VIIRS_NOAA20_SP,2018-09-22 17:38:00,2018-09-23 00:38:00
-6.1033,105.42999,308.98,0.43,0.62,2018-09-22,1738,N20,VIIRS,n,2,282.71,6.96,N,1,VIIRS_NOAA20_SP,2018-09-22 17:38:00,2018-09-23 00:38:00
-6.10318,105.3769,303.39,0.43,0.62,2018-09-22,1738,N20,VIIRS,n,2,285.72,2.14,N,0,VIIRS_NOAA20_SP,2018-09-22 17:38:00,2018-09-23 00:38:00
-6.10264,105.42638,330.57,0.43,0.62,2018-09-22,1738,N20,VIIRS,n,2,284.33,6.96,N,1,VIIRS_NOAA20_SP,2018-09-22 17:38:00,2018-09-23 00:38:00
-6.10058,105.42925,312.87,0.43,0.62,2018-09-22,1738,N20,VIIRS,n,2,283.0,5.58,N,1,VIIRS_NOAA20_SP,2018-09-22 17:38:00,2018-09-23 00:38:00
-6.10055,105.38251,315.57,0.43,0.62,2018-09-22,1738,N20,VIIRS,n,2,284.87,1.99,N,3,VIIRS_NOAA20_SP,2018-09-22 17:38:00,2018-09-23 00:38:00
-6.09994,105.37917,308.81,0.43,0.62,2018-09-22,1738,N20,VIIRS,n,2,284.07,1.99,N,0,VIIRS_NOAA20_SP,2018-09-22 17:38:00,2018-09-23 00:38:00
-6.09994,105.42558,330.06,0.43,0.62,2018-09-22,1738,N20,VIIRS,n,2,283.73,5.58,N,1,VIIRS_NOAA20_SP,2018-09-22 17:38:00,2018-09-23 00:38:00
-6.09825,105.3822,315.77,0.43,0.62,2018-09-22,1738,N20,VIIRS,n,2,282.71,1.96,N,0,VIIRS_NOAA20_SP,2018-09-22 17:38:00,2018-09-23 00:38:00
-6.09763,105.37868,306.26,0.43,0.62,2018-09-22,1738,N20,VIIRS,n,2,280.76,1.96,N,0,VIIRS_NOAA20_SP,2018-09-22 17:38:00,2018-09-23 00:38:00
-6.09758,105.43062,300.12,0.43,0.62,2018-09-22,1738,N20,VIIRS,n,2,282.45,1.78,N,3,VIIRS_NOAA20_SP,2018-09-22 17:38:00,2018-09-23 00:38:00
-6.09693,105.42703,315.41,0.43,0.62,2018-09-22,1738,N20,VIIRS,n,2,283.2,1.78,N,1,VIIRS_NOAA20_SP,2018-09-22 17:38:00,2018-09-23 00:38:00
-6.09565,105.38773,309.96,0.43,0.62,2018-09-22,1738,N20,VIIRS,n,2,282.55,11.91,N,0,VIIRS_NOAA20_SP,2018-09-22 17:38:00,2018-09-23 00:38:00
-6.09501,105.38424,302.92,0.43,0.62,2018-09-22,1738,N20,VIIRS,n,2,281.92,1.99,N,0,VIIRS_NOAA20_SP,2018-09-22 17:38:00,2018-09-23 00:38:00
-6.09488,105.42998,300.99,0.43,0.62,2018-09-22,1738,N20,VIIRS,n,2,282.47,1.23,N,3,VIIRS_NOAA20_SP,2018-09-22 17:38:00,2018-09-23 00:38:00
-6.09423,105.42625,310.77,0.43,0.62,2018-09-22,1738,N20,VIIRS,n,2,282.71,1.23,N,3,VIIRS_NOAA20_SP,2018-09-22 17:38:00,2018-09-23 00:38:00
-6.0939,105.39083,300.74,0.43,0.62,2018-09-22,1738,N20,VIIRS,n,2,282.95,8.93,N,0,VIIRS_NOAA20_SP,2018-09-22 17:38:00,2018-09-23 00:38:00
-6.09357,105.42245,318.14,0.43,0.62,2018-09-22,1738,N20,VIIRS,n,2,282.37,1.87,N,1,VIIRS_NOAA20_SP,2018-09-22 17:38:00,2018-09-23 00:38:00
-6.09288,105.4185,316.97,0.43,0.62,2018-09-22,1738,N20,VIIRS,n,2,282.38,1.87,N,3,VIIRS_NOAA20_SP,2018-09-22 17:38:00,2018-09-23 00:38:00
-6.09189,105.4314,302.75,0.43,0.62,2018-09-22,1738,N20,VIIRS,n,2,282.57,1.78,N,3,VIIRS_NOAA20_SP,2018-09-22 17:38:00,2018-09-23 00:38:00
-6.09123,105.42773,308.48,0.43,0.62,2018-09-22,1738,N20,VIIRS,n,2,282.81,1.78,N,3,VIIRS_NOAA20_SP,2018-09-22 17:38:00,2018-09-23 00:38:00
-6.08953,105.39925,338.64,0.43,0.62,2018-09-22,1738,N20,VIIRS,n,2,284.32,4.1,N,3,VIIRS_NOAA20_SP,2018-09-22 17:38:00,2018-09-23 00:38:00
-6.08919,105.43076,300.37,0.43,0.62,2018-09-22,1738,N20,VIIRS,n,2,282.95,1.23,N,3,VIIRS_NOAA20_SP,2018-09-22 17:38:00,2018-09-23 00:38:00
-6.08896,105.39602,327.3,0.43,0.62,2018-09-22,1738,N20,VIIRS,n,2,284.42,4.1,N,3,VIIRS_NOAA20_SP,2018-09-22 17:38:00,2018-09-23 00:38:00
-6.08852,105.4269,302.29,0.43,0.62,2018-09-22,1738,N20,VIIRS,n,2,282.59,1.23,N,3,VIIRS_NOAA20_SP,2018-09-22 17:38:00,2018-09-23 00:38:00
-6.08834,105.39245,305.73,0.43,0.62,2018-09-22,1738,N20,VIIRS,n,2,285.2,1.55,N,0,VIIRS_NOAA20_SP,2018-09-22 17:38:00,2018-09-23 00:38:00
-6.08784,105.42303,304.76,0.43,0.62,2018-09-22,1738,N20,VIIRS,n,2,282.65,1.87,N,3,VIIRS_NOAA20_SP,2018-09-22 17:38:00,2018-09-23 00:38:00
-6.0877,105.38876,303.16,0.43,0.62,2018-09-22,1738,N20,VIIRS,n,2,284.28,1.55,N,0,VIIRS_NOAA20_SP,2018-09-22 17:38:00,2018-09-23 00:38:00
-6.08717,105.41917,298.7,0.43,0.62,2018-09-22,1738,N20,VIIRS,n,2,282.29,1.87,N,3,VIIRS_NOAA20_SP,2018-09-22 17:38:00,2018-09-23 00:38:00
-6.08698,105.3846,300.99,0.43,0.62,2018-09-22,1738,N20,VIIRS,n,2,282.32,1.52,N,0,VIIRS_NOAA20_SP,2018-09-22 17:38:00,2018-09-23 00:38:00
-6.08575,105.39762,326.94,0.43,0.62,2018-09-22,1738,N20,VIIRS,n,2,282.97,25.83,N,0,VIIRS_NOAA20_SP,2018-09-22 17:38:00,2018-09-23 00:38:00
-6.08512,105.39413,315.9,0.43,0.62,2018-09-22,1738,N20,VIIRS,n,2,283.47,3.78,N,0,VIIRS_NOAA20_SP,2018-09-22 17:38:00,2018-09-23 00:38:00
-6.08441,105.39024,305.87,0.43,0.62,2018-09-22,1738,N20,VIIRS,n,2,284.45,3.78,N,0,VIIRS_NOAA20_SP,2018-09-22 17:38:00,2018-09-23 00:38:00
-6.08379,105.3998,321.84,0.43,0.62,2018-09-22,1738,N20,VIIRS,n,2,283.09,4.1,N,0,VIIRS_NOAA20_SP,2018-09-22 17:38:00,2018-09-23 00:38:00
-6.08367,105.38618,304.58,0.43,0.62,2018-09-22,1738,N20,VIIRS,n,2,283.84,3.24,N,0,VIIRS_NOAA20_SP,2018-09-22 17:38:00,2018-09-23 00:38:00
-6.0833,105.39702,317.94,0.43,0.62,2018-09-22,1738,N20,VIIRS,n,2,282.98,4.1,N,0,VIIRS_NOAA20_SP,2018-09-22 17:38:00,2018-09-23 00:38:00
-6.08265,105.39327,311.45,0.43,0.62,2018-09-22,1738,N20,VIIRS,n,2,283.29,1.55,N,0,VIIRS_NOAA20_SP,2018-09-22 17:38:00,2018-09-23 00:38:00
-6.08193,105.38918,304.75,0.43,0.62,2018-09-22,1738,N20,VIIRS,n,2,284.46,1.55,N,0,VIIRS_NOAA20_SP,2018-09-22 17:38:00,2018-09-23 00:38:00
-6.08121,105.38505,302.17,0.43,0.62,2018-09-22,1738,N20,VIIRS,n,2,284.17,1.52,N,0,VIIRS_NOAA20_SP,2018-09-22 17:38:00,2018-09-23 00:38:00
-6.08084,105.41634,295.75,0.43,0.62,2018-09-22,1738,N20,VIIRS,n,2,281.95,1.12,N,3,VIIRS_NOAA20_SP,2018-09-22 17:38:00,2018-09-23 00:38:00
-6.08016,105.41246,301.2,0.43,0.62,2018-09-22,1738,N20,VIIRS,n,2,282.37,1.12,N,3,VIIRS_NOAA20_SP,2018-09-22 17:38:00,2018-09-23 00:38:00
-6.07949,105.4086,305.01,0.43,0.62,2018-09-22,1738,N20,VIIRS,n,2,282.74,1.41,N,3,VIIRS_NOAA20_SP,2018-09-22 17:38:00,2018-09-23 00:38:00
-6.07881,105.40474,302.06,0.43,0.62,2018-09-22,1738,N20,VIIRS,n,2,282.0,1.41,N,3,VIIRS_NOAA20_SP,2018-09-22 17:38:00,2018-09-23 00:38:00
-6.07758,105.39771,299.25,0.43,0.62,2018-09-22,1738,N20,VIIRS,n,2,282.05,2.17,N,0,VIIRS_NOAA20_SP,2018-09-22 17:38:00,2018-09-23 00:38:00
-6.11119,105.42255,345.98,0.42,0.61,2018-09-23,707,N,VIIRS,n,2,292.84,10.75,D,1,VIIRS_SNPP_SP,2018-09-23 07:07:00,2018-09-23 14:07:00
-6.11051,105.42651,332.52,0.42,0.61,2018-09-23,707,N,VIIRS,n,2,291.89,10.75,D,3,VIIRS_SNPP_SP,2018-09-23 07:07:00,2018-09-23 14:07:00
-6.1083,105.41806,329.37,0.42,0.61,2018-09-23,707,N,VIIRS,n,2,289.23,7.63,D,3,VIIRS_SNPP_SP,2018-09-23 07:07:00,2018-09-23 14:07:00
-6.10764,105.42176,367.0,0.42,0.61,2018-09-23,707,N,VIIRS,h,2,293.39,17.83,D,1,VIIRS_SNPP_SP,2018-09-23 07:07:00,2018-09-23 14:07:00
-6.10693,105.42571,367.0,0.42,0.61,2018-09-23,707,N,VIIRS,h,2,295.96,17.83,D,1,VIIRS_SNPP_SP,2018-09-23 07:07:00,2018-09-23 14:07:00
-6.10622,105.42969,340.25,0.42,0.61,2018-09-23,707,N,VIIRS,n,2,288.33,17.48,D,3,VIIRS_SNPP_SP,2018-09-23 07:07:00,2018-09-23 14:07:00
-6.10566,105.42068,352.65,0.42,0.61,2018-09-23,707,N,VIIRS,n,2,290.94,10.75,D,1,VIIRS_SNPP_SP,2018-09-23 07:07:00,2018-09-23 14:07:00
-6.10499,105.42462,367.0,0.42,0.61,2018-09-23,707,N,VIIRS,h,2,294.64,10.75,D,1,VIIRS_SNPP_SP,2018-09-23 07:07:00,2018-09-23 14:07:00
-6.10201,105.42052,330.95,0.42,0.61,2018-09-23,707,N,VIIRS,n,2,287.54,7.04,D,1,VIIRS_SNPP_SP,2018-09-23 07:07:00,2018-09-23 14:07:00
-6.10129,105.42453,356.19,0.42,0.61,2018-09-23,707,N,VIIRS,n,2,287.54,7.04,D,1,VIIRS_SNPP_SP,2018-09-23 07:07:00,2018-09-23 14:07:00
-6.10056,105.42861,329.23,0.42,0.61,2018-09-23,707,N,VIIRS,n,2,283.7,7.83,D,1,VIIRS_SNPP_SP,2018-09-23 07:07:00,2018-09-23 14:07:00
-6.11117,105.41576,315.96,0.42,0.38,2018-09-23,1811,N,VIIRS,n,2,294.69,2.43,N,3,VIIRS_SNPP_SP,2018-09-23 18:11:00,2018-09-24 01:11:00
-6.11055,105.41193,311.36,0.42,0.38,2018-09-23,1811,N,VIIRS,n,2,293.24,2.43,N,3,VIIRS_SNPP_SP,2018-09-23 18:11:00,2018-09-24 01:11:00
-6.10955,105.42782,321.62,0.42,0.38,2018-09-23,1811,N,VIIRS,n,2,295.18,5.4,N,3,VIIRS_SNPP_SP,2018-09-23 18:11:00,2018-09-24 01:11:00
-6.1077,105.41642,335.99,0.42,0.38,2018-09-23,1811,N,VIIRS,n,2,294.41,2.43,N,3,VIIRS_SNPP_SP,2018-09-23 18:11:00,2018-09-24 01:11:00
-6.10707,105.4125,315.77,0.42,0.38,2018-09-23,1811,N,VIIRS,n,2,291.43,2.43,N,3,VIIRS_SNPP_SP,2018-09-23 18:11:00,2018-09-24 01:11:00
-6.10609,105.42849,314.11,0.42,0.38,2018-09-23,1811,N,VIIRS,n,2,295.01,4.14,N,1,VIIRS_SNPP_SP,2018-09-23 18:11:00,2018-09-24 01:11:00
-6.10423,105.41702,340.95,0.42,0.38,2018-09-23,1811,N,VIIRS,n,2,292.25,6.3,N,1,VIIRS_SNPP_SP,2018-09-23 18:11:00,2018-09-24 01:11:00
-6.10073,105.41747,322.6,0.42,0.38,2018-09-23,1811,N,VIIRS,n,2,291.14,6.3,N,1,VIIRS_SNPP_SP,2018-09-23 18:11:00,2018-09-24 01:11:00
-6.09852,105.4258,307.08,0.42,0.38,2018-09-23,1811,N,VIIRS,n,2,293.02,1.6,N,1,VIIRS_SNPP_SP,2018-09-23 18:11:00,2018-09-24 01:11:00
-6.0979,105.42202,311.66,0.42,0.38,2018-09-23,1811,N,VIIRS,n,2,292.94,1.6,N,1,VIIRS_SNPP_SP,2018-09-23 18:11:00,2018-09-24 01:11:00
-6.11179,105.41947,310.69,0.52,0.5,2018-09-24,1752,N,VIIRS,n,2,295.4,9.78,N,3,VIIRS_SNPP_SP,2018-09-24 17:52:00,2018-09-25 00:52:00
-6.10805,105.42538,343.18,0.52,0.5,2018-09-24,1752,N,VIIRS,n,2,301.88,9.78,N,1,VIIRS_SNPP_SP,2018-09-24 17:52:00,2018-09-25 00:52:00
-6.10725,105.42069,352.6,0.52,0.5,2018-09-24,1752,N,VIIRS,n,2,307.74,9.78,N,1,VIIRS_SNPP_SP,2018-09-24 17:52:00,2018-09-25 00:52:00
-6.10636,105.41547,307.2,0.53,0.5,2018-09-24,1752,N,VIIRS,n,2,294.78,6.3,N,3,VIIRS_SNPP_SP,2018-09-24 17:52:00,2018-09-25 00:52:00
-6.10416,105.4213,352.7,0.39,0.36,2018-09-25,629,N,VIIRS,n,2,298.42,12.75,D,1,VIIRS_SNPP_SP,2018-09-25 06:29:00,2018-09-25 13:29:00
-6.10362,105.4248,355.87,0.39,0.36,2018-09-25,629,N,VIIRS,n,2,310.49,12.75,D,1,VIIRS_SNPP_SP,2018-09-25 06:29:00,2018-09-25 13:29:00
-6.10934,105.42561,302.89,0.55,0.68,2018-09-25,1733,N,VIIRS,n,2,281.6,4.17,N,1,VIIRS_SNPP_SP,2018-09-25 17:33:00,2018-09-26 00:33:00
-6.10849,105.42096,318.96,0.55,0.68,2018-09-25,1733,N,VIIRS,n,2,282.28,9.13,N,1,VIIRS_SNPP_SP,2018-09-25 17:33:00,2018-09-26 00:33:00
-6.10742,105.41518,303.31,0.55,0.68,2018-09-25,1733,N,VIIRS,n,2,278.58,9.13,N,3,VIIRS_SNPP_SP,2018-09-25 17:33:00,2018-09-26 00:33:00
-6.1074,105.42676,302.28,0.55,0.68,2018-09-25,1733,N,VIIRS,n,2,280.7,3.65,N,1,VIIRS_SNPP_SP,2018-09-25 17:33:00,2018-09-26 00:33:00
-6.10655,105.42194,324.5,0.55,0.68,2018-09-25,1733,N,VIIRS,n,2,283.56,3.65,N,1,VIIRS_SNPP_SP,2018-09-25 17:33:00,2018-09-26 00:33:00
-6.10648,105.41007,298.15,0.55,0.68,2018-09-25,1733,N,VIIRS,n,2,277.1,7.96,N,3,VIIRS_SNPP_SP,2018-09-25 17:33:00,2018-09-26 00:33:00
-6.10551,105.41607,354.68,0.55,0.68,2018-09-25,1733,N,VIIRS,n,2,279.83,12.73,N,3,VIIRS_SNPP_SP,2018-09-25 17:33:00,2018-09-26 00:33:00
-6.10459,105.41088,318.39,0.55,0.68,2018-09-25,1733,N,VIIRS,n,2,276.73,12.73,N,3,VIIRS_SNPP_SP,2018-09-25 17:33:00,2018-09-26 00:33:00
-6.10369,105.40581,300.03,0.55,0.68,2018-09-25,1733,N,VIIRS,n,2,276.63,2.56,N,3,VIIRS_SNPP_SP,2018-09-25 17:33:00,2018-09-26 00:33:00
-6.10279,105.40073,300.0,0.55,0.68,2018-09-25,1733,N,VIIRS,n,2,277.14,2.56,N,3,VIIRS_SNPP_SP,2018-09-25 17:33:00,2018-09-26 00:33:00
-6.10228,105.42264,318.53,0.55,0.68,2018-09-25,1733,N,VIIRS,n,2,281.33,9.13,N,1,VIIRS_SNPP_SP,2018-09-25 17:33:00,2018-09-26 00:33:00
-6.10113,105.41641,367.0,0.55,0.68,2018-09-25,1733,N,VIIRS,h,2,285.74,9.13,N,1,VIIRS_SNPP_SP,2018-09-25 17:33:00,2018-09-26 00:33:00
-6.10028,105.42332,304.83,0.55,0.68,2018-09-25,1733,N,VIIRS,n,2,278.5,3.65,N,1,VIIRS_SNPP_SP,2018-09-25 17:33:00,2018-09-26 00:33:00
-6.10017,105.41125,325.58,0.55,0.68,2018-09-25,1733,N,VIIRS,n,2,277.68,7.96,N,3,VIIRS_SNPP_SP,2018-09-25 17:33:00,2018-09-26 00:33:00
-6.09924,105.40619,299.76,0.55,0.68,2018-09-25,1733,N,VIIRS,n,2,276.88,7.96,N,3,VIIRS_SNPP_SP,2018-09-25 17:33:00,2018-09-26 00:33:00
-6.09921,105.4173,367.0,0.55,0.68,2018-09-25,1733,N,VIIRS,h,2,282.86,12.73,N,1,VIIRS_SNPP_SP,2018-09-25 17:33:00,2018-09-26 00:33:00
-6.09828,105.41208,345.13,0.55,0.68,2018-09-25,1733,N,VIIRS,n,2,278.23,12.73,N,3,VIIRS_SNPP_SP,2018-09-25 17:33:00,2018-09-26 00:33:00
-6.09738,105.40701,300.76,0.55,0.68,2018-09-25,1733,N,VIIRS,n,2,277.11,2.56,N,3,VIIRS_SNPP_SP,2018-09-25 17:33:00,2018-09-26 00:33:00
-6.1027,105.42564,310.31,0.73,0.76,2018-09-25,1913,N,VIIRS,n,2,274.59,4.26,N,1,VIIRS_SNPP_SP,2018-09-25 19:13:00,2018-09-26 02:13:00
-6.10703,105.43498,301.53,0.74,0.76,2018-09-25,1914,N,VIIRS,n,2,272.1,2.75,N,3,VIIRS_SNPP_SP,2018-09-25 19:14:00,2018-09-26 02:14:00
-6.10601,105.42717,311.11,0.73,0.76,2018-09-25,1914,N,VIIRS,n,2,273.54,2.75,N,1,VIIRS_SNPP_SP,2018-09-25 19:14:00,2018-09-26 02:14:00
-6.10505,105.41978,298.6,0.73,0.76,2018-09-25,1914,N,VIIRS,n,2,274.82,3.23,N,1,VIIRS_SNPP_SP,2018-09-25 19:14:00,2018-09-26 02:14:00
-6.10681,105.41972,340.15,0.52,0.42,2018-09-26,611,N,VIIRS,l,2,290.93,9.91,D,1,VIIRS_SNPP_SP,2018-09-26 06:11:00,2018-09-26 13:11:00
-6.10611,105.42446,344.65,0.52,0.42,2018-09-26,611,N,VIIRS,n,2,294.96,9.91,D,1,VIIRS_SNPP_SP,2018-09-26 06:11:00,2018-09-26 13:11:00
-6.10573,105.41955,355.12,0.36,0.57,2018-09-27,552,N,VIIRS,n,2,300.18,17.53,D,1,VIIRS_SNPP_SP,2018-09-27 05:52:00,2018-09-27 12:52:00
-6.10526,105.42288,367.0,0.36,0.57,2018-09-27,552,N,VIIRS,h,2,300.33,18.34,D,1,VIIRS_SNPP_SP,2018-09-27 05:52:00,2018-09-27 12:52:00
-6.10053,105.41804,367.0,0.36,0.57,2018-09-27,552,N,VIIRS,h,2,293.79,17.53,D,1,VIIRS_SNPP_SP,2018-09-27 05:52:00,2018-09-27 12:52:00
-6.09997,105.42205,331.82,0.36,0.57,2018-09-27,552,N,VIIRS,n,2,293.04,18.34,D,1,VIIRS_SNPP_SP,2018-09-27 05:52:00,2018-09-27 12:52:00
-6.11047,105.43063,306.69,0.52,0.41,2018-09-27,1836,N,VIIRS,n,2,289.92,2.09,N,3,VIIRS_SNPP_SP,2018-09-27 18:36:00,2018-09-28 01:36:00
-6.10663,105.43107,310.08,0.52,0.41,2018-09-27,1836,N,VIIRS,n,2,290.56,2.09,N,3,VIIRS_SNPP_SP,2018-09-27 18:36:00,2018-09-28 01:36:00
-6.10413,105.42854,309.83,0.52,0.41,2018-09-27,1836,N,VIIRS,n,2,290.25,1.94,N,1,VIIRS_SNPP_SP,2018-09-27 18:36:00,2018-09-28 01:36:00
-6.10032,105.42916,306.69,0.52,0.41,2018-09-27,1836,N,VIIRS,n,2,291.42,1.94,N,1,VIIRS_SNPP_SP,2018-09-27 18:36:00,2018-09-28 01:36:00
-6.11519,105.43177,306.23,0.47,0.64,2018-09-23,1900,N20,VIIRS,n,2,290.5,4.12,N,3,VIIRS_NOAA20_SP,2018-09-23 19:00:00,2018-09-24 02:00:00
-6.11462,105.42757,307.03,0.47,0.64,2018-09-23,1900,N20,VIIRS,n,2,290.36,4.12,N,3,VIIRS_NOAA20_SP,2018-09-23 19:00:00,2018-09-24 02:00:00
-6.11405,105.42337,306.23,0.47,0.64,2018-09-23,1900,N20,VIIRS,n,2,290.41,7.97,N,3,VIIRS_NOAA20_SP,2018-09-23 19:00:00,2018-09-24 02:00:00
-6.11348,105.41918,303.47,0.47,0.64,2018-09-23,1900,N20,VIIRS,n,2,290.41,7.97,N,3,VIIRS_NOAA20_SP,2018-09-23 19:00:00,2018-09-24 02:00:00
-6.11144,105.43922,304.92,0.47,0.64,2018-09-23,1900,N20,VIIRS,n,2,290.72,3.03,N,3,VIIRS_NOAA20_SP,2018-09-23 19:00:00,2018-09-24 02:00:00
-6.11085,105.43503,317.3,0.47,0.64,2018-09-23,1900,N20,VIIRS,n,2,290.84,3.03,N,3,VIIRS_NOAA20_SP,2018-09-23 19:00:00,2018-09-24 02:00:00
-6.11046,105.44099,303.49,0.47,0.64,2018-09-23,1900,N20,VIIRS,n,2,290.78,2.7,N,3,VIIRS_NOAA20_SP,2018-09-23 19:00:00,2018-09-24 02:00:00
-6.10989,105.43679,317.62,0.47,0.64,2018-09-23,1900,N20,VIIRS,n,2,290.26,2.7,N,3,VIIRS_NOAA20_SP,2018-09-23 19:00:00,2018-09-24 02:00:00
-6.10933,105.43259,330.91,0.47,0.64,2018-09-23,1900,N20,VIIRS,n,2,290.73,4.12,N,3,VIIRS_NOAA20_SP,2018-09-23 19:00:00,2018-09-24 02:00:00
-6.10875,105.42838,334.78,0.47,0.64,2018-09-23,1900,N20,VIIRS,n,2,291.46,4.12,N,3,VIIRS_NOAA20_SP,2018-09-23 19:00:00,2018-09-24 02:00:00
-6.10812,105.42368,367.0,0.47,0.64,2018-09-23,1900,N20,VIIRS,h,2,296.04,7.97,N,1,VIIRS_NOAA20_SP,2018-09-23 19:00:00,2018-09-24 02:00:00
-6.10786,105.41412,305.3,0.47,0.64,2018-09-23,1900,N20,VIIRS,n,2,290.59,4.19,N,3,VIIRS_NOAA20_SP,2018-09-23 19:00:00,2018-09-24 02:00:00
-6.10753,105.41934,356.21,0.47,0.64,2018-09-23,1900,N20,VIIRS,n,2,295.43,7.97,N,1,VIIRS_NOAA20_SP,2018-09-23 19:00:00,2018-09-24 02:00:00
-6.10705,105.41584,309.51,0.47,0.64,2018-09-23,1900,N20,VIIRS,n,2,290.83,6.61,N,3,VIIRS_NOAA20_SP,2018-09-23 19:00:00,2018-09-24 02:00:00
-6.10498,105.43583,317.55,0.47,0.64,2018-09-23,1900,N20,VIIRS,n,2,288.23,3.42,N,3,VIIRS_NOAA20_SP,2018-09-23 19:00:00,2018-09-24 02:00:00
-6.1043,105.43105,347.14,0.47,0.64,2018-09-23,1900,N20,VIIRS,n,2,289.9,14.76,N,3,VIIRS_NOAA20_SP,2018-09-23 19:00:00,2018-09-24 02:00:00
-6.10365,105.42649,346.32,0.47,0.64,2018-09-23,1900,N20,VIIRS,n,2,296.72,14.76,N,1,VIIRS_NOAA20_SP,2018-09-23 19:00:00,2018-09-24 02:00:00
-6.10346,105.43336,331.16,0.47,0.64,2018-09-23,1900,N20,VIIRS,n,2,288.68,14.73,N,3,VIIRS_NOAA20_SP,2018-09-23 19:00:00,2018-09-24 02:00:00
-6.10303,105.42215,367.0,0.47,0.64,2018-09-23,1900,N20,VIIRS,h,2,300.93,15.19,N,1,VIIRS_NOAA20_SP,2018-09-23 19:00:00,2018-09-24 02:00:00
-6.10279,105.42843,353.69,0.47,0.64,2018-09-23,1900,N20,VIIRS,n,2,292.72,14.73,N,1,VIIRS_NOAA20_SP,2018-09-23 19:00:00,2018-09-24 02:00:00
-6.10248,105.41825,329.57,0.47,0.64,2018-09-23,1900,N20,VIIRS,n,2,292.3,15.19,N,1,VIIRS_NOAA20_SP,2018-09-23 19:00:00,2018-09-24 02:00:00
-6.10219,105.42397,367.0,0.47,0.64,2018-09-23,1900,N20,VIIRS,h,2,302.72,19.75,N,1,VIIRS_NOAA20_SP,2018-09-23 19:00:00,2018-09-24 02:00:00
-6.102,105.41492,308.14,0.47,0.64,2018-09-23,1900,N20,VIIRS,n,2,290.44,2.24,N,1,VIIRS_NOAA20_SP,2018-09-23 19:00:00,2018-09-24 02:00:00
-6.10163,105.41981,333.98,0.47,0.64,2018-09-23,1900,N20,VIIRS,n,2,292.54,19.75,N,1,VIIRS_NOAA20_SP,2018-09-23 19:00:00,2018-09-24 02:00:00
-6.10141,105.41075,304.75,0.46,0.64,2018-09-23,1900,N20,VIIRS,n,2,290.53,2.24,N,1,VIIRS_NOAA20_SP,2018-09-23 19:00:00,2018-09-24 02:00:00
-6.1012,105.41666,309.77,0.47,0.64,2018-09-23,1900,N20,VIIRS,n,2,290.46,2.21,N,1,VIIRS_NOAA20_SP,2018-09-23 19:00:00,2018-09-24 02:00:00
-6.10063,105.41248,305.84,0.47,0.64,2018-09-23,1900,N20,VIIRS,n,2,290.38,2.21,N,1,VIIRS_NOAA20_SP,2018-09-23 19:00:00,2018-09-24 02:00:00
-6.09852,105.43241,302.86,0.47,0.64,2018-09-23,1900,N20,VIIRS,n,2,287.62,14.76,N,3,VIIRS_NOAA20_SP,2018-09-23 19:00:00,2018-09-24 02:00:00
-6.09785,105.42771,313.75,0.47,0.64,2018-09-23,1900,N20,VIIRS,n,2,288.63,14.76,N,1,VIIRS_NOAA20_SP,2018-09-23 19:00:00,2018-09-24 02:00:00
-6.09722,105.42331,310.77,0.47,0.64,2018-09-23,1900,N20,VIIRS,n,2,289.42,15.19,N,1,VIIRS_NOAA20_SP,2018-09-23 19:00:00,2018-09-24 02:00:00
-6.09699,105.42971,303.42,0.47,0.64,2018-09-23,1900,N20,VIIRS,n,2,287.65,14.73,N,3,VIIRS_NOAA20_SP,2018-09-23 19:00:00,2018-09-24 02:00:00
-6.09664,105.4192,302.76,0.47,0.64,2018-09-23,1900,N20,VIIRS,n,2,289.75,15.19,N,1,VIIRS_NOAA20_SP,2018-09-23 19:00:00,2018-09-24 02:00:00
-6.09639,105.42525,306.45,0.47,0.64,2018-09-23,1900,N20,VIIRS,n,2,288.51,19.75,N,1,VIIRS_NOAA20_SP,2018-09-23 19:00:00,2018-09-24 02:00:00
-6.10974,105.41512,335.75,0.55,0.51,2018-09-24,557,N20,VIIRS,n,2,292.65,16.96,D,3,VIIRS_NOAA20_SP,2018-09-24 05:57:00,2018-09-24 12:57:00
-6.10608,105.42624,335.14,0.44,0.46,2018-09-24,1841,N20,VIIRS,n,2,295.88,9.24,N,1,VIIRS_NOAA20_SP,2018-09-24 18:41:00,2018-09-25 01:41:00
-6.10546,105.42208,367.0,0.44,0.46,2018-09-24,1841,N20,VIIRS,h,2,296.88,9.24,N,1,VIIRS_NOAA20_SP,2018-09-24 18:41:00,2018-09-25 01:41:00
-6.1049,105.41825,339.04,0.44,0.46,2018-09-24,1841,N20,VIIRS,n,2,294.31,6.24,N,1,VIIRS_NOAA20_SP,2018-09-24 18:41:00,2018-09-25 01:41:00
-6.10183,105.42679,325.34,0.44,0.46,2018-09-24,1841,N20,VIIRS,n,2,295.23,9.24,N,1,VIIRS_NOAA20_SP,2018-09-24 18:41:00,2018-09-25 01:41:00
-6.10123,105.42275,356.08,0.44,0.46,2018-09-24,1841,N20,VIIRS,n,2,298.92,9.24,N,1,VIIRS_NOAA20_SP,2018-09-24 18:41:00,2018-09-25 01:41:00
-6.10068,105.41896,327.81,0.44,0.46,2018-09-24,1841,N20,VIIRS,n,2,295.05,6.24,N,1,VIIRS_NOAA20_SP,2018-09-24 18:41:00,2018-09-25 01:41:00
-6.10945,105.41982,346.7,0.59,0.7,2018-09-25,538,N20,VIIRS,n,2,295.26,11.07,D,3,VIIRS_NOAA20_SP,2018-09-25 05:38:00,2018-09-25 12:38:00
-6.10873,105.42506,342.54,0.59,0.7,2018-09-25,538,N20,VIIRS,n,2,296.41,11.07,D,1,VIIRS_NOAA20_SP,2018-09-25 05:38:00,2018-09-25 12:38:00
-6.1038,105.41315,328.85,0.59,0.7,2018-09-25,538,N20,VIIRS,n,2,294.08,95.27,D,1,VIIRS_NOAA20_SP,2018-09-25 05:38:00,2018-09-25 12:38:00
-6.1029,105.41974,367.0,0.59,0.7,2018-09-25,538,N20,VIIRS,h,2,302.17,62.99,D,1,VIIRS_NOAA20_SP,2018-09-25 05:38:00,2018-09-25 12:38:00
-6.10219,105.42491,330.01,0.59,0.7,2018-09-25,538,N20,VIIRS,n,2,295.79,62.99,D,1,VIIRS_NOAA20_SP,2018-09-25 05:38:00,2018-09-25 12:38:00
-6.11042,105.423,323.96,0.39,0.36,2018-09-25,1822,N20,VIIRS,n,2,292.39,3.51,N,1,VIIRS_NOAA20_SP,2018-09-25 18:22:00,2018-09-26 01:22:00
-6.10987,105.41948,318.69,0.39,0.36,2018-09-25,1822,N20,VIIRS,n,2,288.47,2.72,N,3,VIIRS_NOAA20_SP,2018-09-25 18:22:00,2018-09-26 01:22:00
-6.10652,105.41998,329.75,0.39,0.36,2018-09-25,1822,N20,VIIRS,n,2,287.03,3.77,N,1,VIIRS_NOAA20_SP,2018-09-25 18:22:00,2018-09-26 01:22:00
-6.10598,105.41647,303.83,0.39,0.36,2018-09-25,1822,N20,VIIRS,n,2,282.71,3.77,N,3,VIIRS_NOAA20_SP,2018-09-25 18:22:00,2018-09-26 01:22:00
-6.10318,105.42046,331.17,0.39,0.36,2018-09-25,1822,N20,VIIRS,n,2,282.5,3.77,N,1,VIIRS_NOAA20_SP,2018-09-25 18:22:00,2018-09-26 01:22:00
-6.10264,105.41698,302.2,0.39,0.36,2018-09-25,1822,N20,VIIRS,n,2,282.68,3.77,N,1,VIIRS_NOAA20_SP,2018-09-25 18:22:00,2018-09-26 01:22:00
-6.10039,105.42453,319.92,0.39,0.36,2018-09-25,1822,N20,VIIRS,n,2,285.78,2.13,N,1,VIIRS_NOAA20_SP,2018-09-25 18:22:00,2018-09-26 01:22:00
-6.09984,105.42099,308.87,0.39,0.36,2018-09-25,1822,N20,VIIRS,n,2,283.49,0.98,N,1,VIIRS_NOAA20_SP,2018-09-25 18:22:00,2018-09-26 01:22:00
-6.1111,105.4215,310.81,0.5,0.41,2018-09-26,1804,N20,VIIRS,n,2,293.36,3.9,N,3,VIIRS_NOAA20_SP,2018-09-26 18:04:00,2018-09-27 01:04:00
-6.11038,105.41709,308.54,0.5,0.41,2018-09-26,1804,N20,VIIRS,n,2,291.82,1.72,N,3,VIIRS_NOAA20_SP,2018-09-26 18:04:00,2018-09-27 01:04:00
-6.10965,105.41255,304.75,0.5,0.41,2018-09-26,1804,N20,VIIRS,n,2,289.8,1.72,N,3,VIIRS_NOAA20_SP,2018-09-26 18:04:00,2018-09-27 01:04:00
-6.09997,105.42359,335.48,0.5,0.41,2018-09-26,1804,N20,VIIRS,n,2,292.75,3.59,N,1,VIIRS_NOAA20_SP,2018-09-26 18:04:00,2018-09-27 01:04:00
-6.09924,105.41914,339.44,0.5,0.41,2018-09-26,1804,N20,VIIRS,n,2,291.15,5.52,N,1,VIIRS_NOAA20_SP,2018-09-26 18:04:00,2018-09-27 01:04:00
-6.09624,105.42417,303.55,0.5,0.41,2018-09-26,1804,N20,VIIRS,n,2,290.0,3.59,N,1,VIIRS_NOAA20_SP,2018-09-26 18:04:00,2018-09-27 01:04:00
-6.10521,105.42365,322.64,0.33,0.55,2018-09-27,1745,N20,VIIRS,n,2,296.67,5.77,N,1,VIIRS_NOAA20_SP,2018-09-27 17:45:00,2018-09-28 00:45:00
-6.10469,105.42065,333.47,0.33,0.55,2018-09-27,1745,N20,VIIRS,n,2,297.53,4.45,N,1,VIIRS_NOAA20_SP,2018-09-27 17:45:00,2018-09-28 00:45:00
-6.10413,105.41739,327.08,0.33,0.55,2018-09-27,1745,N20,VIIRS,n,2,293.76,4.45,N,1,VIIRS_NOAA20_SP,2018-09-27 17:45:00,2018-09-28 00:45:00
-6.10009,105.42436,306.75,0.33,0.55,2018-09-27,1745,N20,VIIRS,n,2,292.23,3.22,N,1,VIIRS_NOAA20_SP,2018-09-27 17:45:00,2018-09-28 00:45:00
-6.09959,105.42149,332.82,0.33,0.55,2018-09-27,1745,N20,VIIRS,n,2,296.59,12.72,N,1,VIIRS_NOAA20_SP,2018-09-27 17:45:00,2018-09-28 00:45:00
-6.09895,105.41776,367.0,0.33,0.55,2018-09-27,1745,N20,VIIRS,h,2,299.84,12.72,N,1,VIIRS_NOAA20_SP,2018-09-27 17:45:00,2018-09-28 00:45:00
-6.09842,105.41472,306.56,0.33,0.56,2018-09-27,1745,N20,VIIRS,n,2,292.28,7.91,N,1,VIIRS_NOAA20_SP,2018-09-27 17:45:00,2018-09-28 00:45:00
-6.10638,105.41877,339.55,0.75,0.77,2018-09-28,533,N,VIIRS,n,2,295.43,24.18,D,1,VIIRS_SNPP_SP,2018-09-28 05:33:00,2018-09-28 12:33:00
-6.10317,105.41739,346.37,0.75,0.77,2018-09-28,533,N,VIIRS,n,2,295.16,21.48,D,1,VIIRS_SNPP_SP,2018-09-28 05:33:00,2018-09-28 12:33:00
-6.11102,105.42225,314.37,0.39,0.36,2018-09-28,1817,N,VIIRS,n,2,297.63,2.2,N,1,VIIRS_SNPP_SP,2018-09-28 18:17:00,2018-09-29 01:17:00
-6.10823,105.42626,307.2,0.39,0.36,2018-09-28,1817,N,VIIRS,n,2,292.4,2.2,N,1,VIIRS_SNPP_SP,2018-09-28 18:17:00,2018-09-29 01:17:00
-6.10769,105.42281,329.13,0.39,0.36,2018-09-28,1817,N,VIIRS,n,2,304.69,2.2,N,1,VIIRS_SNPP_SP,2018-09-28 18:17:00,2018-09-29 01:17:00
-6.10713,105.41931,316.37,0.39,0.36,2018-09-28,1817,N,VIIRS,n,2,299.08,4.25,N,1,VIIRS_SNPP_SP,2018-09-28 18:17:00,2018-09-29 01:17:00
-6.1038,105.41987,331.68,0.39,0.36,2018-09-28,1817,N,VIIRS,n,2,297.6,7.3,N,1,VIIRS_SNPP_SP,2018-09-28 18:17:00,2018-09-29 01:17:00
-6.10046,105.42039,307.16,0.39,0.36,2018-09-28,1817,N,VIIRS,n,2,294.04,7.3,N,1,VIIRS_SNPP_SP,2018-09-28 18:17:00,2018-09-29 01:17:00
-6.10785,105.42027,340.64,0.52,0.5,2018-09-29,655,N,VIIRS,n,2,299.82,10.6,D,1,VIIRS_SNPP_SP,2018-09-29 06:55:00,2018-09-29 13:55:00
-6.10706,105.42493,347.39,0.52,0.5,2018-09-29,655,N,VIIRS,n,2,309.15,10.6,D,1,VIIRS_SNPP_SP,2018-09-29 06:55:00,2018-09-29 13:55:00
-6.10329,105.41936,343.12,0.52,0.5,2018-09-29,655,N,VIIRS,n,2,295.68,10.6,D,1,VIIRS_SNPP_SP,2018-09-29 06:55:00,2018-09-29 13:55:00
-6.1025,105.424,367.0,0.52,0.5,2018-09-29,655,N,VIIRS,h,2,303.33,10.6,D,1,VIIRS_SNPP_SP,2018-09-29 06:55:00,2018-09-29 13:55:00
-6.10779,105.42538,318.69,0.41,0.45,2018-09-29,1758,N,VIIRS,n,2,295.95,2.39,N,1,VIIRS_SNPP_SP,2018-09-29 17:58:00,2018-09-30 00:58:00
-6.10366,105.42622,311.08,0.41,0.45,2018-09-29,1758,N,VIIRS,n,2,290.89,2.39,N,1,VIIRS_SNPP_SP,2018-09-29 17:58:00,2018-09-30 00:58:00
-6.10078,105.41745,353.5,0.42,0.38,2018-09-30,636,N,VIIRS,n,2,289.25,9.74,D,1,VIIRS_SNPP_SP,2018-09-30 06:36:00,2018-09-30 13:36:00
-6.0979,105.41312,336.58,0.42,0.38,2018-09-30,636,N,VIIRS,n,2,290.45,5.36,D,3,VIIRS_SNPP_SP,2018-09-30 06:36:00,2018-09-30 13:36:00
-6.09731,105.41692,347.13,0.42,0.38,2018-09-30,636,N,VIIRS,n,2,296.71,5.36,D,3,VIIRS_SNPP_SP,2018-09-30 06:36:00,2018-09-30 13:36:00
-6.09674,105.42057,352.58,0.42,0.38,2018-09-30,636,N,VIIRS,n,2,301.82,5.65,D,1,VIIRS_SNPP_SP,2018-09-30 06:36:00,2018-09-30 13:36:00
-6.09615,105.42439,349.52,0.42,0.38,2018-09-30,636,N,VIIRS,n,2,297.86,5.65,D,1,VIIRS_SNPP_SP,2018-09-30 06:36:00,2018-09-30 13:36:00
-6.09326,105.42009,340.41,0.42,0.38,2018-09-30,636,N,VIIRS,n,2,297.09,5.65,D,3,VIIRS_SNPP_SP,2018-09-30 06:36:00,2018-09-30 13:36:00
-6.09267,105.42391,336.03,0.42,0.38,2018-09-30,636,N,VIIRS,n,2,290.64,5.65,D,3,VIIRS_SNPP_SP,2018-09-30 06:36:00,2018-09-30 13:36:00
-6.11454,105.41841,305.75,0.43,0.62,2018-09-30,1739,N,VIIRS,n,2,290.87,12.99,N,3,VIIRS_SNPP_SP,2018-09-30 17:39:00,2018-10-01 00:39:00
-6.11383,105.41447,306.67,0.43,0.62,2018-09-30,1739,N,VIIRS,n,2,290.49,8.82,N,3,VIIRS_SNPP_SP,2018-09-30 17:39:00,2018-10-01 00:39:00
-6.1128,105.41277,307.41,0.43,0.62,2018-09-30,1739,N,VIIRS,n,2,290.42,8.25,N,3,VIIRS_SNPP_SP,2018-09-30 17:39:00,2018-10-01 00:39:00
-6.11212,105.40883,306.86,0.43,0.62,2018-09-30,1739,N,VIIRS,n,2,289.98,8.25,N,3,VIIRS_SNPP_SP,2018-09-30 17:39:00,2018-10-01 00:39:00
-6.11144,105.40488,305.2,0.43,0.62,2018-09-30,1739,N,VIIRS,n,2,290.38,2.36,N,3,VIIRS_SNPP_SP,2018-09-30 17:39:00,2018-10-01 00:39:00
-6.11097,105.43123,309.64,0.43,0.62,2018-09-30,1739,N,VIIRS,n,2,290.36,3.09,N,3,VIIRS_SNPP_SP,2018-09-30 17:39:00,2018-10-01 00:39:00
-6.11026,105.4273,310.84,0.43,0.62,2018-09-30,1739,N,VIIRS,n,2,290.44,3.09,N,3,VIIRS_SNPP_SP,2018-09-30 17:39:00,2018-10-01 00:39:00
-6.10982,105.42958,312.62,0.43,0.62,2018-09-30,1739,N,VIIRS,n,2,290.53,5.65,N,3,VIIRS_SNPP_SP,2018-09-30 17:39:00,2018-10-01 00:39:00
-6.10962,105.42377,329.83,0.43,0.62,2018-09-30,1739,N,VIIRS,n,2,292.25,12.99,N,1,VIIRS_SNPP_SP,2018-09-30 17:39:00,2018-10-01 00:39:00
-6.10919,105.42596,317.77,0.43,0.62,2018-09-30,1739,N,VIIRS,n,2,291.15,5.65,N,3,VIIRS_SNPP_SP,2018-09-30 17:39:00,2018-10-01 00:39:00
-6.10891,105.41987,367.0,0.43,0.62,2018-09-30,1739,N,VIIRS,h,2,298.0,12.99,N,3,VIIRS_SNPP_SP,2018-09-30 17:39:00,2018-10-01 00:39:00
-6.10813,105.41554,333.76,0.43,0.62,2018-09-30,1739,N,VIIRS,n,2,291.04,8.82,N,3,VIIRS_SNPP_SP,2018-09-30 17:39:00,2018-10-01 00:39:00
-6.10741,105.41157,321.76,0.43,0.62,2018-09-30,1739,N,VIIRS,n,2,290.66,8.82,N,3,VIIRS_SNPP_SP,2018-09-30 17:39:00,2018-10-01 00:39:00
-6.10709,105.41383,332.31,0.43,0.62,2018-09-30,1739,N,VIIRS,n,2,290.82,8.25,N,3,VIIRS_SNPP_SP,2018-09-30 17:39:00,2018-10-01 00:39:00
-6.1067,105.40763,315.01,0.43,0.62,2018-09-30,1739,N,VIIRS,n,2,290.41,3.46,N,3,VIIRS_SNPP_SP,2018-09-30 17:39:00,2018-10-01 00:39:00
-6.10641,105.40987,320.96,0.43,0.62,2018-09-30,1739,N,VIIRS,n,2,290.51,8.25,N,3,VIIRS_SNPP_SP,2018-09-30 17:39:00,2018-10-01 00:39:00
-6.10598,105.40369,310.39,0.43,0.62,2018-09-30,1739,N,VIIRS,n,2,290.44,3.46,N,3,VIIRS_SNPP_SP,2018-09-30 17:39:00,2018-10-01 00:39:00
-6.10572,105.40592,313.86,0.43,0.62,2018-09-30,1739,N,VIIRS,n,2,290.28,2.36,N,3,VIIRS_SNPP_SP,2018-09-30 17:39:00,2018-10-01 00:39:00
-6.10531,105.43256,316.18,0.43,0.62,2018-09-30,1739,N,VIIRS,n,2,290.55,2.32,N,3,VIIRS_SNPP_SP,2018-09-30 17:39:00,2018-10-01 00:39:00
-6.10504,105.40198,309.36,0.43,0.62,2018-09-30,1739,N,VIIRS,n,2,290.56,2.36,N,3,VIIRS_SNPP_SP,2018-09-30 17:39:00,2018-10-01 00:39:00
-6.1048,105.43456,310.44,0.43,0.62,2018-09-30,1739,N,VIIRS,n,2,289.87,4.77,N,3,VIIRS_SNPP_SP,2018-09-30 17:39:00,2018-10-01 00:39:00
-6.10467,105.429,316.77,0.43,0.62,2018-09-30,1739,N,VIIRS,n,2,291.21,2.32,N,1,VIIRS_SNPP_SP,2018-09-30 17:39:00,2018-10-01 00:39:00
-6.10435,105.39803,306.11,0.43,0.62,2018-09-30,1739,N,VIIRS,n,2,290.48,2.48,N,3,VIIRS_SNPP_SP,2018-09-30 17:39:00,2018-10-01 00:39:00
-6.10422,105.43121,314.74,0.43,0.62,2018-09-30,1739,N,VIIRS,n,2,290.62,6.25,N,3,VIIRS_SNPP_SP,2018-09-30 17:39:00,2018-10-01 00:39:00
-6.10367,105.39406,304.27,0.43,0.62,2018-09-30,1739,N,VIIRS,n,2,290.36,2.48,N,3,VIIRS_SNPP_SP,2018-09-30 17:39:00,2018-10-01 00:39:00
-6.10358,105.42753,318.82,0.43,0.62,2018-09-30,1739,N,VIIRS,n,2,291.08,6.25,N,1,VIIRS_SNPP_SP,2018-09-30 17:39:00,2018-10-01 00:39:00
-6.10001,105.40697,326.58,0.43,0.62,2018-09-30,1739,N,VIIRS,n,2,290.34,3.48,N,3,VIIRS_SNPP_SP,2018-09-30 17:39:00,2018-10-01 00:39:00
-6.09955,105.40076,318.65,0.43,0.62,2018-09-30,1739,N,VIIRS,n,2,289.8,3.31,N,3,VIIRS_SNPP_SP,2018-09-30 17:39:00,2018-10-01 00:39:00
-6.09932,105.40302,316.87,0.43,0.62,2018-09-30,1739,N,VIIRS,n,2,290.15,3.48,N,3,VIIRS_SNPP_SP,2018-09-30 17:39:00,2018-10-01 00:39:00
-6.09892,105.42982,305.16,0.43,0.62,2018-09-30,1739,N,VIIRS,n,2,289.76,2.32,N,1,VIIRS_SNPP_SP,2018-09-30 17:39:00,2018-10-01 00:39:00
-6.09884,105.39684,312.5,0.43,0.62,2018-09-30,1739,N,VIIRS,n,2,289.42,3.31,N,3,VIIRS_SNPP_SP,2018-09-30 17:39:00,2018-10-01 00:39:00
-6.09864,105.39908,317.93,0.43,0.62,2018-09-30,1739,N,VIIRS,n,2,289.2,2.43,N,3,VIIRS_SNPP_SP,2018-09-30 17:39:00,2018-10-01 00:39:00
-6.09797,105.39526,308.41,0.43,0.62,2018-09-30,1739,N,VIIRS,n,2,288.35,2.43,N,3,VIIRS_SNPP_SP,2018-09-30 17:39:00,2018-10-01 00:39:00
-6.09779,105.42815,304.38,0.43,0.62,2018-09-30,1739,N,VIIRS,n,2,289.93,6.25,N,1,VIIRS_SNPP_SP,2018-09-30 17:39:00,2018-10-01 00:39:00
-6.09429,105.40802,305.57,0.43,0.62,2018-09-30,1739,N,VIIRS,n,2,290.3,3.48,N,3,VIIRS_SNPP_SP,2018-09-30 17:39:00,2018-10-01 00:39:00
-6.10953,105.42838,314.25,0.45,0.63,2018-10-01,1901,N,VIIRS,n,2,285.48,3.41,N,3,VIIRS_SNPP_SP,2018-10-01 19:01:00,2018-10-02 02:01:00
-6.10887,105.42377,325.54,0.45,0.63,2018-10-01,1901,N,VIIRS,n,2,285.56,6.47,N,1,VIIRS_SNPP_SP,2018-10-01 19:01:00,2018-10-02 02:01:00
-6.10826,105.41947,329.83,0.45,0.63,2018-10-01,1901,N,VIIRS,n,2,285.81,6.47,N,1,VIIRS_SNPP_SP,2018-10-01 19:01:00,2018-10-02 02:01:00
-6.10825,105.43091,316.66,0.45,0.63,2018-10-01,1901,N,VIIRS,n,2,284.33,2.84,N,3,VIIRS_SNPP_SP,2018-10-01 19:01:00,2018-10-02 02:01:00
-6.10771,105.41564,302.53,0.45,0.63,2018-10-01,1901,N,VIIRS,n,2,284.71,4.52,N,3,VIIRS_SNPP_SP,2018-10-01 19:01:00,2018-10-02 02:01:00
-6.1076,105.42614,332.65,0.45,0.63,2018-10-01,1901,N,VIIRS,n,2,285.79,6.66,N,1,VIIRS_SNPP_SP,2018-10-01 19:01:00,2018-10-02 02:01:00
-6.10702,105.42181,350.7,0.45,0.63,2018-10-01,1901,N,VIIRS,n,2,287.8,6.66,N,1,VIIRS_SNPP_SP,2018-10-01 19:01:00,2018-10-02 02:01:00
-6.10648,105.41785,313.89,0.45,0.63,2018-10-01,1901,N,VIIRS,n,2,285.34,4.14,N,1,VIIRS_SNPP_SP,2018-10-01 19:01:00,2018-10-02 02:01:00
-6.10426,105.43328,308.01,0.45,0.63,2018-10-01,1901,N,VIIRS,n,2,284.82,3.41,N,3,VIIRS_SNPP_SP,2018-10-01 19:01:00,2018-10-02 02:01:00
-6.10356,105.42839,330.93,0.45,0.63,2018-10-01,1901,N,VIIRS,n,2,285.09,3.41,N,1,VIIRS_SNPP_SP,2018-10-01 19:01:00,2018-10-02 02:01:00
-6.10294,105.42399,367.0,0.45,0.63,2018-10-01,1901,N,VIIRS,h,2,290.25,6.47,N,1,VIIRS_SNPP_SP,2018-10-01 19:01:00,2018-10-02 02:01:00
-6.10235,105.41988,322.12,0.45,0.63,2018-10-01,1901,N,VIIRS,n,2,286.57,6.47,N,1,VIIRS_SNPP_SP,2018-10-01 19:01:00,2018-10-02 02:01:00
-6.10233,105.43126,314.34,0.45,0.63,2018-10-01,1901,N,VIIRS,n,2,285.15,2.84,N,1,VIIRS_SNPP_SP,2018-10-01 19:01:00,2018-10-02 02:01:00
-6.10172,105.42677,343.36,0.45,0.63,2018-10-01,1901,N,VIIRS,n,2,287.41,6.66,N,1,VIIRS_SNPP_SP,2018-10-01 19:01:00,2018-10-02 02:01:00
-6.10113,105.42241,326.06,0.45,0.63,2018-10-01,1901,N,VIIRS,n,2,286.85,6.66,N,1,VIIRS_SNPP_SP,2018-10-01 19:01:00,2018-10-02 02:01:00
-6.10063,105.41866,302.61,0.45,0.63,2018-10-01,1901,N,VIIRS,n,2,284.93,4.14,N,1,VIIRS_SNPP_SP,2018-10-01 19:01:00,2018-10-02 02:01:00
-6.11232,105.42811,315.04,0.43,0.46,2018-10-02,1842,N,VIIRS,n,2,285.88,2.86,N,3,VIIRS_SNPP_SP,2018-10-02 18:42:00,2018-10-03 01:42:00
-6.11174,105.42419,320.98,0.43,0.46,2018-10-02,1842,N,VIIRS,n,2,286.62,3.33,N,3,VIIRS_SNPP_SP,2018-10-02 18:42:00,2018-10-03 01:42:00
-6.11115,105.42027,323.94,0.43,0.46,2018-10-02,1842,N,VIIRS,n,2,287.3,3.33,N,3,VIIRS_SNPP_SP,2018-10-02 18:42:00,2018-10-03 01:42:00
-6.11056,105.41631,305.23,0.43,0.46,2018-10-02,1842,N,VIIRS,n,2,285.98,2.22,N,3,VIIRS_SNPP_SP,2018-10-02 18:42:00,2018-10-03 01:42:00
-6.10867,105.43262,308.5,0.43,0.46,2018-10-02,1842,N,VIIRS,n,2,284.95,2.03,N,3,VIIRS_SNPP_SP,2018-10-02 18:42:00,2018-10-03 01:42:00
-6.10809,105.42871,330.25,0.43,0.46,2018-10-02,1842,N,VIIRS,n,2,285.28,2.03,N,3,VIIRS_SNPP_SP,2018-10-02 18:42:00,2018-10-03 01:42:00
-6.10632,105.41682,311.91,0.43,0.46,2018-10-02,1842,N,VIIRS,n,2,285.57,2.36,N,3,VIIRS_SNPP_SP,2018-10-02 18:42:00,2018-10-03 01:42:00
-6.1038,105.42896,313.55,0.43,0.46,2018-10-02,1842,N,VIIRS,n,2,281.31,2.03,N,1,VIIRS_SNPP_SP,2018-10-02 18:42:00,2018-10-03 01:42:00
-6.10208,105.41737,308.27,0.43,0.46,2018-10-02,1842,N,VIIRS,n,2,285.03,2.36,N,1,VIIRS_SNPP_SP,2018-10-02 18:42:00,2018-10-03 01:42:00
-6.1098,105.4219,340.86,0.39,0.36,2018-09-28,622,N20,VIIRS,n,2,313.15,4.56,D,1,VIIRS_NOAA20_SP,2018-09-28 06:22:00,2018-09-28 13:22:00
-6.10928,105.42541,340.3,0.39,0.36,2018-09-28,622,N20,VIIRS,n,2,312.8,4.56,D,1,VIIRS_NOAA20_SP,2018-09-28 06:22:00,2018-09-28 13:22:00
-6.10646,105.42142,338.64,0.39,0.36,2018-09-28,622,N20,VIIRS,n,2,310.52,4.56,D,1,VIIRS_NOAA20_SP,2018-09-28 06:22:00,2018-09-28 13:22:00
-6.10594,105.42494,339.79,0.39,0.36,2018-09-28,622,N20,VIIRS,n,2,310.2,4.56,D,1,VIIRS_NOAA20_SP,2018-09-28 06:22:00,2018-09-28 13:22:00
-6.10324,105.42496,304.39,0.7,0.75,2018-09-28,1726,N20,VIIRS,n,2,286.34,4.96,N,1,VIIRS_NOAA20_SP,2018-09-28 17:26:00,2018-09-29 00:26:00
-6.10252,105.42216,319.55,0.7,0.75,2018-09-28,1726,N20,VIIRS,n,2,286.51,7.48,N,1,VIIRS_NOAA20_SP,2018-09-28 17:26:00,2018-09-29 00:26:00
-6.10201,105.41849,329.43,0.7,0.75,2018-09-28,1726,N20,VIIRS,n,2,286.61,4.96,N,1,VIIRS_NOAA20_SP,2018-09-28 17:26:00,2018-09-29 00:26:00
-6.10109,105.41436,332.41,0.7,0.75,2018-09-28,1726,N20,VIIRS,n,2,285.02,8.7,N,1,VIIRS_NOAA20_SP,2018-09-28 17:26:00,2018-09-29 00:26:00
-6.10058,105.41094,315.55,0.7,0.75,2018-09-28,1726,N20,VIIRS,n,2,282.67,2.91,N,1,VIIRS_NOAA20_SP,2018-09-28 17:26:00,2018-09-29 00:26:00
-6.10586,105.4214,302.72,0.6,0.71,2018-09-28,1906,N20,VIIRS,n,2,286.96,2.0,N,1,VIIRS_NOAA20_SP,2018-09-28 19:06:00,2018-09-29 02:06:00
-6.1004,105.425,314.97,0.6,0.71,2018-09-28,1906,N20,VIIRS,n,2,289.81,2.2,N,1,VIIRS_NOAA20_SP,2018-09-28 19:06:00,2018-09-29 02:06:00
-6.09968,105.41965,304.34,0.6,0.71,2018-09-28,1906,N20,VIIRS,n,2,288.59,2.2,N,1,VIIRS_NOAA20_SP,2018-09-28 19:06:00,2018-09-29 02:06:00
-6.09939,105.42224,310.6,0.6,0.71,2018-09-28,1906,N20,VIIRS,n,2,289.19,2.0,N,1,VIIRS_NOAA20_SP,2018-09-28 19:06:00,2018-09-29 02:06:00
-6.10817,105.42451,339.52,0.43,0.46,2018-09-29,603,N20,VIIRS,l,2,311.65,14.93,D,1,VIIRS_NOAA20_SP,2018-09-29 06:03:00,2018-09-29 13:03:00
-6.10391,105.42422,342.92,0.43,0.46,2018-09-29,603,N20,VIIRS,n,2,310.16,14.93,D,1,VIIRS_NOAA20_SP,2018-09-29 06:03:00,2018-09-29 13:03:00
-6.10849,105.42207,316.74,0.56,0.52,2018-09-29,1848,N20,VIIRS,n,2,295.54,5.72,N,1,VIIRS_NOAA20_SP,2018-09-29 18:48:00,2018-09-30 01:48:00
-6.10526,105.43311,306.2,0.56,0.52,2018-09-29,1848,N20,VIIRS,n,2,290.85,8.15,N,3,VIIRS_NOAA20_SP,2018-09-29 18:48:00,2018-09-30 01:48:00
-6.10445,105.42756,337.02,0.56,0.52,2018-09-29,1848,N20,VIIRS,n,2,292.89,8.15,N,1,VIIRS_NOAA20_SP,2018-09-29 18:48:00,2018-09-30 01:48:00
-6.1037,105.42235,344.19,0.56,0.52,2018-09-29,1848,N20,VIIRS,n,2,302.06,18.57,N,1,VIIRS_NOAA20_SP,2018-09-29 18:48:00,2018-09-30 01:48:00
-6.09975,105.42841,305.58,0.56,0.52,2018-09-29,1848,N20,VIIRS,n,2,289.96,8.15,N,1,VIIRS_NOAA20_SP,2018-09-29 18:48:00,2018-09-30 01:48:00
-6.099,105.42316,308.2,0.56,0.52,2018-09-29,1848,N20,VIIRS,n,2,290.15,18.57,N,1,VIIRS_NOAA20_SP,2018-09-29 18:48:00,2018-09-30 01:48:00
-6.11625,105.40643,337.22,0.46,0.64,2018-09-30,545,N20,VIIRS,n,2,277.22,15.85,D,3,VIIRS_NOAA20_SP,2018-09-30 05:45:00,2018-09-30 12:45:00
-6.11592,105.40655,338.16,0.46,0.64,2018-09-30,545,N20,VIIRS,n,2,277.27,13.26,D,3,VIIRS_NOAA20_SP,2018-09-30 05:45:00,2018-09-30 12:45:00
-6.11336,105.4271,332.76,0.46,0.64,2018-09-30,545,N20,VIIRS,n,2,274.96,19.94,D,3,VIIRS_NOAA20_SP,2018-09-30 05:45:00,2018-09-30 12:45:00
-6.11318,105.42727,333.41,0.46,0.64,2018-09-30,545,N20,VIIRS,n,2,275.48,22.55,D,3,VIIRS_NOAA20_SP,2018-09-30 05:45:00,2018-09-30 12:45:00
-6.11156,105.39736,335.62,0.46,0.64,2018-09-30,545,N20,VIIRS,n,2,275.28,14.97,D,3,VIIRS_NOAA20_SP,2018-09-30 05:45:00,2018-09-30 12:45:00
-6.11118,105.39745,335.81,0.46,0.64,2018-09-30,545,N20,VIIRS,n,2,275.29,11.62,D,3,VIIRS_NOAA20_SP,2018-09-30 05:45:00,2018-09-30 12:45:00
-6.11098,105.4015,348.66,0.46,0.64,2018-09-30,545,N20,VIIRS,n,2,275.42,15.85,D,3,VIIRS_NOAA20_SP,2018-09-30 05:45:00,2018-09-30 12:45:00
-6.11063,105.4016,347.98,0.46,0.64,2018-09-30,545,N20,VIIRS,n,2,275.51,13.26,D,3,VIIRS_NOAA20_SP,2018-09-30 05:45:00,2018-09-30 12:45:00
-6.11041,105.40565,356.16,0.46,0.64,2018-09-30,545,N20,VIIRS,l,2,276.59,15.85,D,3,VIIRS_NOAA20_SP,2018-09-30 05:45:00,2018-09-30 12:45:00
-6.11008,105.40575,356.56,0.46,0.64,2018-09-30,545,N20,VIIRS,l,2,276.37,13.26,D,3,VIIRS_NOAA20_SP,2018-09-30 05:45:00,2018-09-30 12:45:00
-6.10745,105.42688,356.14,0.46,0.64,2018-09-30,545,N20,VIIRS,l,2,276.26,19.94,D,1,VIIRS_NOAA20_SP,2018-09-30 05:45:00,2018-09-30 12:45:00
-6.10728,105.42705,356.51,0.46,0.64,2018-09-30,545,N20,VIIRS,l,2,277.02,22.55,D,1,VIIRS_NOAA20_SP,2018-09-30 05:45:00,2018-09-30 12:45:00
-6.10689,105.43091,348.56,0.46,0.64,2018-09-30,545,N20,VIIRS,n,2,274.7,19.94,D,3,VIIRS_NOAA20_SP,2018-09-30 05:45:00,2018-09-30 12:45:00
-6.10675,105.43108,349.5,0.46,0.64,2018-09-30,545,N20,VIIRS,n,2,275.34,22.55,D,3,VIIRS_NOAA20_SP,2018-09-30 05:45:00,2018-09-30 12:45:00
-6.10638,105.43457,337.53,0.46,0.63,2018-09-30,545,N20,VIIRS,n,2,274.67,6.75,D,3,VIIRS_NOAA20_SP,2018-09-30 05:45:00,2018-09-30 12:45:00
-6.10626,105.43475,338.1,0.46,0.64,2018-09-30,545,N20,VIIRS,n,2,274.94,6.83,D,3,VIIRS_NOAA20_SP,2018-09-30 05:45:00,2018-09-30 12:45:00
-6.10581,105.4387,330.2,0.46,0.63,2018-09-30,545,N20,VIIRS,n,2,274.06,6.75,D,3,VIIRS_NOAA20_SP,2018-09-30 05:45:00,2018-09-30 12:45:00
-6.10572,105.43888,331.08,0.46,0.64,2018-09-30,545,N20,VIIRS,n,2,274.91,6.83,D,3,VIIRS_NOAA20_SP,2018-09-30 05:45:00,2018-09-30 12:45:00
-6.10514,105.40073,341.29,0.46,0.64,2018-09-30,545,N20,VIIRS,n,2,276.83,9.63,D,3,VIIRS_NOAA20_SP,2018-09-30 05:45:00,2018-09-30 12:45:00
-6.10479,105.40081,340.05,0.46,0.64,2018-09-30,545,N20,VIIRS,n,2,276.39,11.31,D,3,VIIRS_NOAA20_SP,2018-09-30 05:45:00,2018-09-30 12:45:00
-6.10457,105.40487,356.27,0.46,0.64,2018-09-30,545,N20,VIIRS,l,2,278.42,9.63,D,3,VIIRS_NOAA20_SP,2018-09-30 05:45:00,2018-09-30 12:45:00
-6.10424,105.40496,356.9,0.46,0.64,2018-09-30,545,N20,VIIRS,l,2,277.88,11.31,D,3,VIIRS_NOAA20_SP,2018-09-30 05:45:00,2018-09-30 12:45:00
-6.10159,105.42635,356.27,0.46,0.64,2018-09-30,545,N20,VIIRS,l,2,280.58,12.96,D,1,VIIRS_NOAA20_SP,2018-09-30 05:45:00,2018-09-30 12:45:00
-6.10105,105.43024,346.75,0.46,0.64,2018-09-30,545,N20,VIIRS,n,2,276.71,12.96,D,1,VIIRS_NOAA20_SP,2018-09-30 05:45:00,2018-09-30 12:45:00
-6.10055,105.4338,338.86,0.46,0.63,2018-09-30,545,N20,VIIRS,n,2,274.7,6.85,D,3,VIIRS_NOAA20_SP,2018-09-30 05:45:00,2018-09-30 12:45:00
-6.10043,105.43395,338.46,0.46,0.64,2018-09-30,545,N20,VIIRS,n,2,274.64,6.48,D,3,VIIRS_NOAA20_SP,2018-09-30 05:45:00,2018-09-30 12:45:00
-6.09998,105.43793,330.72,0.46,0.63,2018-09-30,545,N20,VIIRS,n,2,273.57,6.85,D,3,VIIRS_NOAA20_SP,2018-09-30 05:45:00,2018-09-30 12:45:00
-6.09989,105.43809,330.49,0.46,0.64,2018-09-30,545,N20,VIIRS,n,2,273.69,6.48,D,3,VIIRS_NOAA20_SP,2018-09-30 05:45:00,2018-09-30 12:45:00
-6.09873,105.40409,334.38,0.46,0.64,2018-09-30,545,N20,VIIRS,n,2,278.31,9.63,D,3,VIIRS_NOAA20_SP,2018-09-30 05:45:00,2018-09-30 12:45:00
-6.0984,105.40417,333.7,0.46,0.64,2018-09-30,545,N20,VIIRS,n,2,277.66,11.31,D,3,VIIRS_NOAA20_SP,2018-09-30 05:45:00,2018-09-30 12:45:00
-6.09578,105.4254,330.28,0.46,0.64,2018-09-30,545,N20,VIIRS,n,2,278.84,12.96,D,1,VIIRS_NOAA20_SP,2018-09-30 05:45:00,2018-09-30 12:45:00
-6.11368,105.42472,314.55,0.44,0.38,2018-09-30,1829,N20,VIIRS,n,2,294.31,3.19,N,3,VIIRS_NOAA20_SP,2018-09-30 18:29:00,2018-10-01 01:29:00
-6.11076,105.42919,308.79,0.44,0.38,2018-09-30,1829,N20,VIIRS,n,2,294.62,3.19,N,3,VIIRS_NOAA20_SP,2018-09-30 18:29:00,2018-10-01 01:29:00
-6.11015,105.42516,341.03,0.44,0.38,2018-09-30,1829,N20,VIIRS,n,2,296.29,3.19,N,3,VIIRS_NOAA20_SP,2018-09-30 18:29:00,2018-10-01 01:29:00
-6.0996,105.42671,322.41,0.44,0.38,2018-09-30,1829,N20,VIIRS,n,2,293.88,2.64,N,1,VIIRS_NOAA20_SP,2018-09-30 18:29:00,2018-10-01 01:29:00
-6.099,105.42274,328.11,0.44,0.38,2018-09-30,1829,N20,VIIRS,n,2,293.74,2.5,N,1,VIIRS_NOAA20_SP,2018-09-30 18:29:00,2018-10-01 01:29:00
-6.09609,105.4273,308.24,0.44,0.38,2018-09-30,1829,N20,VIIRS,n,2,293.71,2.64,N,3,VIIRS_NOAA20_SP,2018-09-30 18:29:00,2018-10-01 01:29:00
-6.09549,105.42333,308.15,0.44,0.38,2018-09-30,1829,N20,VIIRS,n,2,293.15,2.5,N,1,VIIRS_NOAA20_SP,2018-09-30 18:29:00,2018-10-01 01:29:00
-6.10982,105.42171,343.38,0.42,0.38,2018-10-01,1810,N20,VIIRS,n,2,300.9,5.82,N,1,VIIRS_NOAA20_SP,2018-10-01 18:10:00,2018-10-02 01:10:00
-6.1092,105.41789,307.93,0.42,0.38,2018-10-01,1810,N20,VIIRS,n,2,292.51,5.82,N,3,VIIRS_NOAA20_SP,2018-10-01 18:10:00,2018-10-02 01:10:00
-6.10699,105.42608,312.62,0.42,0.38,2018-10-01,1810,N20,VIIRS,n,2,295.03,4.25,N,1,VIIRS_NOAA20_SP,2018-10-01 18:10:00,2018-10-02 01:10:00
-6.10882,105.42361,314.43,0.52,0.5,2018-10-02,1751,N20,VIIRS,n,2,290.57,5.16,N,1,VIIRS_NOAA20_SP,2018-10-02 17:51:00,2018-10-03 00:51:00
-6.10805,105.41897,334.93,0.52,0.5,2018-10-02,1751,N20,VIIRS,n,2,291.84,8.28,N,3,VIIRS_NOAA20_SP,2018-10-02 17:51:00,2018-10-03 00:51:00
-6.10491,105.42645,307.98,0.52,0.5,2018-10-02,1751,N20,VIIRS,n,2,288.43,4.94,N,1,VIIRS_NOAA20_SP,2018-10-02 17:51:00,2018-10-03 00:51:00
-6.10432,105.42477,318.9,0.52,0.5,2018-10-02,1751,N20,VIIRS,n,2,290.76,12.23,N,1,VIIRS_NOAA20_SP,2018-10-02 17:51:00,2018-10-03 00:51:00
-6.10237,105.41189,317.35,0.52,0.5,2018-10-02,1751,N20,VIIRS,n,2,286.8,2.98,N,3,VIIRS_NOAA20_SP,2018-10-02 17:51:00,2018-10-03 00:51:00
-6.10188,105.41009,318.56,0.52,0.5,2018-10-02,1751,N20,VIIRS,n,2,285.19,1.21,N,3,VIIRS_NOAA20_SP,2018-10-02 17:51:00,2018-10-03 00:51:00
-6.10156,105.4072,312.9,0.52,0.5,2018-10-02,1751,N20,VIIRS,n,2,284.06,2.98,N,3,VIIRS_NOAA20_SP,2018-10-02 17:51:00,2018-10-03 00:51:00
-6.1011,105.4054,306.79,0.52,0.5,2018-10-02,1751,N20,VIIRS,n,2,283.24,1.21,N,3,VIIRS_NOAA20_SP,2018-10-02 17:51:00,2018-10-03 00:51:00
-6.09954,105.42262,332.18,0.52,0.5,2018-10-02,1751,N20,VIIRS,n,2,290.2,7.39,N,1,VIIRS_NOAA20_SP,2018-10-02 17:51:00,2018-10-03 00:51:00
-6.09863,105.41739,339.88,0.52,0.5,2018-10-02,1751,N20,VIIRS,n,2,289.42,7.39,N,1,VIIRS_NOAA20_SP,2018-10-02 17:51:00,2018-10-03 00:51:00
-6.09781,105.41267,307.39,0.52,0.5,2018-10-02,1751,N20,VIIRS,n,2,285.65,1.52,N,3,VIIRS_NOAA20_SP,2018-10-02 17:51:00,2018-10-03 00:51:00
-6.09731,105.41088,303.99,0.52,0.5,2018-10-02,1751,N20,VIIRS,n,2,284.6,1.21,N,3,VIIRS_NOAA20_SP,2018-10-02 17:51:00,2018-10-03 00:51:00
-6.10525,105.41276,345.85,0.58,0.7,2018-10-03,539,N,VIIRS,n,2,285.09,19.74,D,3,VIIRS_SNPP_SP,2018-10-03 05:39:00,2018-10-03 12:39:00
-6.10477,105.41541,356.59,0.58,0.7,2018-10-03,539,N,VIIRS,l,2,286.84,27.34,D,3,VIIRS_SNPP_SP,2018-10-03 05:39:00,2018-10-03 12:39:00
-6.10435,105.41927,356.2,0.58,0.7,2018-10-03,539,N,VIIRS,l,2,289.07,19.74,D,1,VIIRS_SNPP_SP,2018-10-03 05:39:00,2018-10-03 12:39:00
-6.1039,105.42208,352.75,0.58,0.7,2018-10-03,539,N,VIIRS,n,2,287.88,33.06,D,1,VIIRS_SNPP_SP,2018-10-03 05:39:00,2018-10-03 12:39:00
-6.10861,105.42416,322.28,0.39,0.36,2018-10-03,1823,N,VIIRS,n,2,293.73,4.54,N,1,VIIRS_SNPP_SP,2018-10-03 18:23:00,2018-10-04 01:23:00
-6.10581,105.42819,308.04,0.39,0.36,2018-10-03,1823,N,VIIRS,n,2,289.04,3.31,N,1,VIIRS_SNPP_SP,2018-10-03 18:23:00,2018-10-04 01:23:00
-6.10525,105.42463,339.24,0.39,0.36,2018-10-03,1823,N,VIIRS,n,2,294.15,3.31,N,1,VIIRS_SNPP_SP,2018-10-03 18:23:00,2018-10-04 01:23:00
-6.1047,105.42109,331.24,0.39,0.36,2018-10-03,1823,N,VIIRS,n,2,292.33,4.02,N,1,VIIRS_SNPP_SP,2018-10-03 18:23:00,2018-10-04 01:23:00
-6.1019,105.42515,334.46,0.39,0.36,2018-10-03,1823,N,VIIRS,n,2,291.43,3.31,N,1,VIIRS_SNPP_SP,2018-10-03 18:23:00,2018-10-04 01:23:00
-6.10135,105.42162,320.7,0.39,0.36,2018-10-03,1823,N,VIIRS,n,2,289.9,4.02,N,1,VIIRS_SNPP_SP,2018-10-03 18:23:00,2018-10-04 01:23:00
-6.10915,105.42571,309.17,0.5,0.41,2018-10-04,1804,N,VIIRS,n,2,286.94,2.04,N,1,VIIRS_SNPP_SP,2018-10-04 18:04:00,2018-10-05 01:04:00
-6.10542,105.42649,311.3,0.5,0.41,2018-10-04,1804,N,VIIRS,n,2,285.43,2.04,N,1,VIIRS_SNPP_SP,2018-10-04 18:04:00,2018-10-05 01:04:00
-6.10093,105.42265,330.57,0.5,0.41,2018-10-04,1804,N,VIIRS,n,2,287.79,3.14,N,1,VIIRS_SNPP_SP,2018-10-04 18:04:00,2018-10-05 01:04:00
-6.10013,105.41781,307.54,0.5,0.41,2018-10-04,1804,N,VIIRS,n,2,285.03,3.14,N,1,VIIRS_SNPP_SP,2018-10-04 18:04:00,2018-10-05 01:04:00
-6.10057,105.42098,343.28,0.34,0.56,2018-10-05,1746,N,VIIRS,n,2,269.06,8.49,N,1,VIIRS_SNPP_SP,2018-10-05 17:46:00,2018-10-06 00:46:00
-6.09992,105.41727,351.32,0.34,0.56,2018-10-05,1746,N,VIIRS,n,2,269.43,8.49,N,1,VIIRS_SNPP_SP,2018-10-05 17:46:00,2018-10-06 00:46:00
-6.10658,105.42258,335.77,0.39,0.36,2018-10-06,623,N,VIIRS,n,2,305.41,10.11,D,1,VIIRS_SNPP_SP,2018-10-06 06:23:00,2018-10-06 13:23:00
-6.10397,105.42146,311.38,0.7,0.75,2018-10-06,1727,N,VIIRS,n,2,272.76,7.67,N,1,VIIRS_SNPP_SP,2018-10-06 17:27:00,2018-10-07 00:27:00
-6.10251,105.41346,336.49,0.7,0.75,2018-10-06,1727,N,VIIRS,n,2,272.96,12.04,N,3,VIIRS_SNPP_SP,2018-10-06 17:27:00,2018-10-07 00:27:00
-6.10512,105.42896,306.23,0.55,0.51,2018-10-07,1848,N,VIIRS,n,2,291.46,9.32,N,1,VIIRS_SNPP_SP,2018-10-07 18:48:00,2018-10-08 01:48:00
-6.09965,105.42448,319.73,0.55,0.51,2018-10-07,1848,N,VIIRS,n,2,291.65,3.45,N,1,VIIRS_SNPP_SP,2018-10-07 18:48:00,2018-10-08 01:48:00
-6.10979,105.42125,349.77,0.39,0.36,2018-10-03,628,N20,VIIRS,n,2,300.72,6.35,D,1,VIIRS_NOAA20_SP,2018-10-03 06:28:00,2018-10-03 13:28:00
-6.10926,105.42474,339.85,0.39,0.36,2018-10-03,628,N20,VIIRS,n,2,299.35,6.35,D,1,VIIRS_NOAA20_SP,2018-10-03 06:28:00,2018-10-03 13:28:00
-6.10647,105.42073,348.69,0.39,0.36,2018-10-03,628,N20,VIIRS,n,2,293.91,6.02,D,1,VIIRS_NOAA20_SP,2018-10-03 06:28:00,2018-10-03 13:28:00
-6.10594,105.42421,339.72,0.39,0.36,2018-10-03,628,N20,VIIRS,n,2,292.45,6.02,D,1,VIIRS_NOAA20_SP,2018-10-03 06:28:00,2018-10-03 13:28:00
-6.10623,105.41879,352.89,0.36,0.57,2018-10-05,551,N20,VIIRS,n,2,279.29,12.93,D,1,VIIRS_NOAA20_SP,2018-10-05 05:51:00,2018-10-05 12:51:00
-6.10617,105.41956,355.65,0.36,0.57,2018-10-05,551,N20,VIIRS,n,2,283.18,21.14,D,1,VIIRS_NOAA20_SP,2018-10-05 05:51:00,2018-10-05 12:51:00
-6.10574,105.42242,356.52,0.36,0.57,2018-10-05,551,N20,VIIRS,l,2,279.95,12.93,D,1,VIIRS_NOAA20_SP,2018-10-05 05:51:00,2018-10-05 12:51:00
-6.10568,105.423,332.77,0.36,0.57,2018-10-05,551,N20,VIIRS,n,2,279.48,14.73,D,1,VIIRS_NOAA20_SP,2018-10-05 05:51:00,2018-10-05 12:51:00
-6.10894,105.42659,305.12,0.53,0.42,2018-10-05,1835,N20,VIIRS,n,2,282.23,2.08,N,3,VIIRS_NOAA20_SP,2018-10-05 18:35:00,2018-10-06 01:35:00
-6.10579,105.43174,301.64,0.53,0.42,2018-10-05,1835,N20,VIIRS,n,2,281.35,2.49,N,3,VIIRS_NOAA20_SP,2018-10-05 18:35:00,2018-10-06 01:35:00
-6.10507,105.42684,313.66,0.53,0.42,2018-10-05,1835,N20,VIIRS,n,2,281.67,2.08,N,1,VIIRS_NOAA20_SP,2018-10-05 18:35:00,2018-10-06 01:35:00
-6.10436,105.42202,310.4,0.53,0.42,2018-10-05,1835,N20,VIIRS,n,2,284.04,2.08,N,1,VIIRS_NOAA20_SP,2018-10-05 18:35:00,2018-10-06 01:35:00
-6.10273,105.42995,304.15,0.53,0.42,2018-10-05,1835,N20,VIIRS,n,2,280.57,2.21,N,1,VIIRS_NOAA20_SP,2018-10-05 18:35:00,2018-10-06 01:35:00
-6.102,105.4252,312.47,0.52,0.42,2018-10-05,1835,N20,VIIRS,n,2,281.14,2.68,N,1,VIIRS_NOAA20_SP,2018-10-05 18:35:00,2018-10-06 01:35:00
-6.10125,105.42745,307.83,0.53,0.42,2018-10-05,1835,N20,VIIRS,n,2,280.54,2.67,N,1,VIIRS_NOAA20_SP,2018-10-05 18:35:00,2018-10-06 01:35:00
-6.10911,105.41491,337.38,0.77,0.77,2018-10-06,532,N20,VIIRS,n,2,287.74,13.6,D,3,VIIRS_NOAA20_SP,2018-10-06 05:32:00,2018-10-06 12:32:00
-6.10811,105.42279,328.15,0.76,0.77,2018-10-06,532,N20,VIIRS,n,2,289.82,13.6,D,1,VIIRS_NOAA20_SP,2018-10-06 05:32:00,2018-10-06 12:32:00
-6.10343,105.43141,337.14,0.55,0.68,2018-10-06,712,N20,VIIRS,n,2,287.2,14.74,D,1,VIIRS_NOAA20_SP,2018-10-06 07:12:00,2018-10-06 14:12:00
-6.10904,105.42284,312.5,0.39,0.36,2018-10-06,1816,N20,VIIRS,n,2,281.03,2.44,N,1,VIIRS_NOAA20_SP,2018-10-06 18:16:00,2018-10-07 01:16:00
-6.10849,105.41937,308.66,0.39,0.36,2018-10-06,1816,N20,VIIRS,n,2,278.81,2.44,N,3,VIIRS_NOAA20_SP,2018-10-06 18:16:00,2018-10-07 01:16:00
-6.10628,105.42684,303.79,0.39,0.36,2018-10-06,1816,N20,VIIRS,n,2,278.16,1.57,N,1,VIIRS_NOAA20_SP,2018-10-06 18:16:00,2018-10-07 01:16:00
-6.10573,105.42339,332.15,0.39,0.36,2018-10-06,1816,N20,VIIRS,n,2,283.9,2.44,N,1,VIIRS_NOAA20_SP,2018-10-06 18:16:00,2018-10-07 01:16:00
-6.10517,105.41991,335.42,0.39,0.36,2018-10-06,1816,N20,VIIRS,n,2,281.2,2.44,N,1,VIIRS_NOAA20_SP,2018-10-06 18:16:00,2018-10-07 01:16:00
-6.10462,105.41642,302.61,0.39,0.36,2018-10-06,1816,N20,VIIRS,n,2,276.25,1.2,N,1,VIIRS_NOAA20_SP,2018-10-06 18:16:00,2018-10-07 01:16:00
-6.10296,105.42738,302.1,0.39,0.36,2018-10-06,1816,N20,VIIRS,n,2,275.9,1.01,N,1,VIIRS_NOAA20_SP,2018-10-06 18:16:00,2018-10-07 01:16:00
-6.10129,105.41692,306.52,0.39,0.36,2018-10-06,1816,N20,VIIRS,n,2,274.68,1.31,N,1,VIIRS_NOAA20_SP,2018-10-06 18:16:00,2018-10-07 01:16:00
-6.10277,105.41707,330.8,0.41,0.45,2018-10-07,1757,N20,VIIRS,n,2,294.32,11.72,N,1,VIIRS_NOAA20_SP,2018-10-07 17:57:00,2018-10-08 00:57:00
-6.1021,105.41306,307.94,0.41,0.45,2018-10-07,1757,N20,VIIRS,n,2,292.9,11.72,N,3,VIIRS_NOAA20_SP,2018-10-07 17:57:00,2018-10-08 00:57:00
-6.10762,105.42016,354.32,0.46,0.63,2018-10-08,545,N,VIIRS,n,2,301.93,29.35,D,1,VIIRS_SNPP_SP,2018-10-08 05:45:00,2018-10-08 12:45:00
-6.10706,105.42433,343.17,0.46,0.63,2018-10-08,545,N,VIIRS,n,2,296.79,29.35,D,1,VIIRS_SNPP_SP,2018-10-08 05:45:00,2018-10-08 12:45:00
-6.10238,105.41445,333.79,0.46,0.63,2018-10-08,545,N,VIIRS,n,2,292.84,53.67,D,1,VIIRS_SNPP_SP,2018-10-08 05:45:00,2018-10-08 12:45:00
-6.11352,105.42775,305.56,0.43,0.38,2018-10-08,1830,N,VIIRS,n,2,286.11,1.72,N,3,VIIRS_SNPP_SP,2018-10-08 18:30:00,2018-10-09 01:30:00
-6.11292,105.42381,307.15,0.43,0.38,2018-10-08,1830,N,VIIRS,n,2,285.71,1.47,N,3,VIIRS_SNPP_SP,2018-10-08 18:30:00,2018-10-09 01:30:00
-6.11,105.42828,311.89,0.43,0.38,2018-10-08,1830,N,VIIRS,n,2,287.02,1.72,N,3,VIIRS_SNPP_SP,2018-10-08 18:30:00,2018-10-09 01:30:00
-6.10939,105.42428,318.31,0.43,0.38,2018-10-08,1830,N,VIIRS,n,2,286.91,1.47,N,1,VIIRS_SNPP_SP,2018-10-08 18:30:00,2018-10-09 01:30:00
-6.10707,105.43266,306.81,0.43,0.38,2018-10-08,1830,N,VIIRS,n,2,287.18,1.65,N,3,VIIRS_SNPP_SP,2018-10-08 18:30:00,2018-10-09 01:30:00
-6.10646,105.4287,320.23,0.43,0.38,2018-10-08,1830,N,VIIRS,n,2,286.63,1.65,N,3,VIIRS_SNPP_SP,2018-10-08 18:30:00,2018-10-09 01:30:00
-6.10356,105.43327,306.54,0.43,0.38,2018-10-08,1830,N,VIIRS,n,2,286.89,1.65,N,3,VIIRS_SNPP_SP,2018-10-08 18:30:00,2018-10-09 01:30:00
-6.10294,105.42919,323.31,0.43,0.38,2018-10-08,1830,N,VIIRS,n,2,286.22,1.65,N,1,VIIRS_SNPP_SP,2018-10-08 18:30:00,2018-10-09 01:30:00
-6.10117,105.4176,346.45,0.43,0.38,2018-10-08,1830,N,VIIRS,n,2,285.23,4.57,N,1,VIIRS_SNPP_SP,2018-10-08 18:30:00,2018-10-09 01:30:00
-6.10058,105.41368,310.12,0.43,0.38,2018-10-08,1830,N,VIIRS,n,2,283.83,4.57,N,3,VIIRS_SNPP_SP,2018-10-08 18:30:00,2018-10-09 01:30:00
-6.09943,105.42978,312.64,0.43,0.38,2018-10-08,1830,N,VIIRS,n,2,286.93,3.4,N,1,VIIRS_SNPP_SP,2018-10-08 18:30:00,2018-10-09 01:30:00
-6.09882,105.42582,331.03,0.43,0.38,2018-10-08,1830,N,VIIRS,n,2,287.04,2.06,N,1,VIIRS_SNPP_SP,2018-10-08 18:30:00,2018-10-09 01:30:00
-6.09822,105.42186,330.09,0.43,0.38,2018-10-08,1830,N,VIIRS,n,2,286.63,2.06,N,1,VIIRS_SNPP_SP,2018-10-08 18:30:00,2018-10-09 01:30:00
-6.09764,105.41801,312.6,0.43,0.38,2018-10-08,1830,N,VIIRS,n,2,286.2,3.36,N,1,VIIRS_SNPP_SP,2018-10-08 18:30:00,2018-10-09 01:30:00
-6.09531,105.42641,309.37,0.43,0.38,2018-10-08,1830,N,VIIRS,n,2,286.88,2.06,N,3,VIIRS_SNPP_SP,2018-10-08 18:30:00,2018-10-09 01:30:00
-6.09472,105.42247,306.7,0.43,0.38,2018-10-08,1830,N,VIIRS,n,2,285.89,2.06,N,1,VIIRS_SNPP_SP,2018-10-08 18:30:00,2018-10-09 01:30:00
-6.11125,105.41954,316.06,0.42,0.38,2018-10-09,1811,N,VIIRS,n,2,297.61,4.06,N,3,VIIRS_SNPP_SP,2018-10-09 18:11:00,2018-10-10 01:11:00
-6.11064,105.4157,315.14,0.42,0.38,2018-10-09,1811,N,VIIRS,n,2,296.95,3.55,N,3,VIIRS_SNPP_SP,2018-10-09 18:11:00,2018-10-10 01:11:00
-6.10718,105.41634,346.88,0.42,0.38,2018-10-09,1811,N,VIIRS,n,2,297.74,4.8,N,3,VIIRS_SNPP_SP,2018-10-09 18:11:00,2018-10-10 01:11:00
-6.10655,105.41244,312.26,0.42,0.38,2018-10-09,1811,N,VIIRS,n,2,291.44,4.8,N,3,VIIRS_SNPP_SP,2018-10-09 18:11:00,2018-10-10 01:11:00
-6.1037,105.41695,325.75,0.42,0.38,2018-10-09,1811,N,VIIRS,n,2,296.01,4.8,N,1,VIIRS_SNPP_SP,2018-10-09 18:11:00,2018-10-10 01:11:00
-6.10308,105.41299,310.87,0.42,0.38,2018-10-09,1811,N,VIIRS,n,2,294.17,4.8,N,3,VIIRS_SNPP_SP,2018-10-09 18:11:00,2018-10-10 01:11:00
-6.10085,105.42141,347.39,0.42,0.38,2018-10-09,1811,N,VIIRS,n,2,300.28,7.24,N,1,VIIRS_SNPP_SP,2018-10-09 18:11:00,2018-10-10 01:11:00
-6.10863,105.4176,340.96,0.41,0.45,2018-10-10,648,N,VIIRS,n,2,297.72,6.96,D,3,VIIRS_SNPP_SP,2018-10-10 06:48:00,2018-10-10 13:48:00
-6.10384,105.41797,328.07,0.52,0.5,2018-10-10,1752,N,VIIRS,n,2,286.04,2.48,N,1,VIIRS_SNPP_SP,2018-10-10 17:52:00,2018-10-11 00:52:00
-6.09924,105.41882,298.95,0.52,0.5,2018-10-10,1752,N,VIIRS,n,2,285.99,2.48,N,1,VIIRS_SNPP_SP,2018-10-10 17:52:00,2018-10-11 00:52:00
-6.10683,105.41963,348.85,0.39,0.36,2018-10-11,629,N,VIIRS,n,2,297.54,9.43,D,1,VIIRS_SNPP_SP,2018-10-11 06:29:00,2018-10-11 13:29:00
-6.10629,105.42313,351.32,0.39,0.36,2018-10-11,629,N,VIIRS,n,2,292.13,9.43,D,1,VIIRS_SNPP_SP,2018-10-11 06:29:00,2018-10-11 13:29:00
-6.10576,105.42662,334.58,0.39,0.36,2018-10-11,629,N,VIIRS,n,2,292.17,5.85,D,1,VIIRS_SNPP_SP,2018-10-11 06:29:00,2018-10-11 13:29:00
-6.10711,105.4226,321.6,0.55,0.68,2018-10-11,1733,N,VIIRS,n,2,291.92,5.95,N,1,VIIRS_SNPP_SP,2018-10-11 17:33:00,2018-10-12 00:33:00
-6.10616,105.41748,336.75,0.55,0.68,2018-10-11,1733,N,VIIRS,n,2,292.01,5.95,N,1,VIIRS_SNPP_SP,2018-10-11 17:33:00,2018-10-12 00:33:00
-6.10503,105.42405,316.11,0.55,0.68,2018-10-11,1733,N,VIIRS,n,2,291.44,6.47,N,1,VIIRS_SNPP_SP,2018-10-11 17:33:00,2018-10-12 00:33:00
-6.1041,105.41883,355.16,0.55,0.68,2018-10-11,1733,N,VIIRS,n,2,296.74,11.36,N,1,VIIRS_SNPP_SP,2018-10-11 17:33:00,2018-10-12 00:33:00
-6.10302,105.41276,325.24,0.55,0.68,2018-10-11,1733,N,VIIRS,n,2,290.2,11.36,N,3,VIIRS_SNPP_SP,2018-10-11 17:33:00,2018-10-12 00:33:00
-6.10411,105.42325,307.32,0.74,0.76,2018-10-11,1913,N,VIIRS,n,2,267.9,1.74,N,1,VIIRS_SNPP_SP,2018-10-11 19:13:00,2018-10-12 02:13:00
-6.10327,105.41703,295.14,0.74,0.76,2018-10-11,1913,N,VIIRS,n,2,266.07,1.74,N,1,VIIRS_SNPP_SP,2018-10-11 19:13:00,2018-10-12 02:13:00
-6.1069,105.42159,308.08,0.74,0.76,2018-10-11,1914,N,VIIRS,n,2,267.01,4.74,N,1,VIIRS_SNPP_SP,2018-10-11 19:14:00,2018-10-12 02:14:00
-6.11012,105.42326,297.18,0.35,0.57,2018-10-12,1855,N,VIIRS,n,2,267.24,2.86,N,1,VIIRS_SNPP_SP,2018-10-12 18:55:00,2018-10-13 01:55:00
-6.10967,105.42006,301.41,0.35,0.57,2018-10-12,1855,N,VIIRS,n,2,266.45,2.86,N,3,VIIRS_SNPP_SP,2018-10-12 18:55:00,2018-10-13 01:55:00
-6.10924,105.41698,295.99,0.35,0.57,2018-10-12,1855,N,VIIRS,n,2,266.69,1.18,N,3,VIIRS_SNPP_SP,2018-10-12 18:55:00,2018-10-13 01:55:00
-6.10574,105.43044,299.29,0.35,0.57,2018-10-12,1855,N,VIIRS,n,2,265.91,3.99,N,3,VIIRS_SNPP_SP,2018-10-12 18:55:00,2018-10-13 01:55:00
-6.10526,105.42698,348.42,0.35,0.57,2018-10-12,1855,N,VIIRS,n,2,267.5,3.99,N,1,VIIRS_SNPP_SP,2018-10-12 18:55:00,2018-10-13 01:55:00
-6.10477,105.42344,338.83,0.35,0.57,2018-10-12,1855,N,VIIRS,n,2,270.5,2.86,N,1,VIIRS_SNPP_SP,2018-10-12 18:55:00,2018-10-13 01:55:00
-6.10432,105.42025,306.5,0.35,0.57,2018-10-12,1855,N,VIIRS,n,2,267.62,2.86,N,1,VIIRS_SNPP_SP,2018-10-12 18:55:00,2018-10-13 01:55:00
-6.10393,105.41746,298.34,0.35,0.57,2018-10-12,1855,N,VIIRS,n,2,268.23,1.18,N,1,VIIRS_SNPP_SP,2018-10-12 18:55:00,2018-10-13 01:55:00
-6.10047,105.43118,295.93,0.35,0.57,2018-10-12,1855,N,VIIRS,n,2,267.28,1.29,N,1,VIIRS_SNPP_SP,2018-10-12 18:55:00,2018-10-13 01:55:00
-6.10001,105.42787,312.61,0.35,0.57,2018-10-12,1855,N,VIIRS,n,2,270.14,1.29,N,1,VIIRS_SNPP_SP,2018-10-12 18:55:00,2018-10-13 01:55:00
-6.09954,105.4245,308.57,0.35,0.57,2018-10-12,1855,N,VIIRS,n,2,271.97,2.64,N,1,VIIRS_SNPP_SP,2018-10-12 18:55:00,2018-10-13 01:55:00
-6.11009,105.41835,341.89,0.42,0.38,2018-10-08,635,N20,VIIRS,n,2,291.78,6.94,D,3,VIIRS_NOAA20_SP,2018-10-08 06:35:00,2018-10-08 13:35:00
-6.10663,105.41777,347.7,0.42,0.38,2018-10-08,635,N20,VIIRS,n,2,289.63,6.94,D,1,VIIRS_NOAA20_SP,2018-10-08 06:35:00,2018-10-08 13:35:00
-6.10317,105.4172,343.4,0.42,0.38,2018-10-08,635,N20,VIIRS,n,2,290.47,4.49,D,1,VIIRS_NOAA20_SP,2018-10-08 06:35:00,2018-10-08 13:35:00
-6.10259,105.42091,351.62,0.42,0.38,2018-10-08,635,N20,VIIRS,n,2,289.33,7.32,D,1,VIIRS_NOAA20_SP,2018-10-08 06:35:00,2018-10-08 13:35:00
-6.102,105.42476,345.37,0.42,0.38,2018-10-08,635,N20,VIIRS,n,2,288.8,7.32,D,1,VIIRS_NOAA20_SP,2018-10-08 06:35:00,2018-10-08 13:35:00
-6.09969,105.41679,330.19,0.42,0.38,2018-10-08,635,N20,VIIRS,n,2,289.28,4.49,D,1,VIIRS_NOAA20_SP,2018-10-08 06:35:00,2018-10-08 13:35:00
-6.11009,105.43279,316.92,0.47,0.64,2018-10-09,1900,N20,VIIRS,n,2,288.69,3.3,N,3,VIIRS_NOAA20_SP,2018-10-09 19:00:00,2018-10-10 02:00:00
-6.10952,105.4286,320.19,0.47,0.64,2018-10-09,1900,N20,VIIRS,n,2,289.02,3.3,N,3,VIIRS_NOAA20_SP,2018-10-09 19:00:00,2018-10-10 02:00:00
-6.10888,105.42393,329.46,0.47,0.64,2018-10-09,1900,N20,VIIRS,n,2,289.12,6.55,N,1,VIIRS_NOAA20_SP,2018-10-09 19:00:00,2018-10-10 02:00:00
-6.10828,105.41958,341.21,0.47,0.64,2018-10-09,1900,N20,VIIRS,n,2,289.81,6.55,N,1,VIIRS_NOAA20_SP,2018-10-09 19:00:00,2018-10-10 02:00:00
-6.10775,105.4157,323.96,0.47,0.64,2018-10-09,1900,N20,VIIRS,n,2,289.4,3.45,N,3,VIIRS_NOAA20_SP,2018-10-09 19:00:00,2018-10-10 02:00:00
-6.10722,105.41187,304.5,0.47,0.64,2018-10-09,1900,N20,VIIRS,n,2,288.02,3.45,N,3,VIIRS_NOAA20_SP,2018-10-09 19:00:00,2018-10-10 02:00:00
-6.10423,105.43356,323.46,0.47,0.64,2018-10-09,1900,N20,VIIRS,n,2,286.2,8.2,N,3,VIIRS_NOAA20_SP,2018-10-09 19:00:00,2018-10-10 02:00:00
-6.10355,105.42861,332.83,0.47,0.64,2018-10-09,1900,N20,VIIRS,n,2,288.16,8.2,N,1,VIIRS_NOAA20_SP,2018-10-09 19:00:00,2018-10-10 02:00:00
-6.10294,105.42415,352.54,0.47,0.64,2018-10-09,1900,N20,VIIRS,n,2,294.58,19.77,N,1,VIIRS_NOAA20_SP,2018-10-09 19:00:00,2018-10-10 02:00:00
-6.10237,105.41998,353.35,0.47,0.64,2018-10-09,1900,N20,VIIRS,n,2,289.19,19.77,N,1,VIIRS_NOAA20_SP,2018-10-09 19:00:00,2018-10-10 02:00:00
-6.10188,105.41638,308.54,0.47,0.64,2018-10-09,1900,N20,VIIRS,n,2,289.13,3.73,N,1,VIIRS_NOAA20_SP,2018-10-09 19:00:00,2018-10-10 02:00:00
-6.10879,105.41783,339.99,0.55,0.51,2018-10-10,557,N20,VIIRS,n,2,297.33,18.74,D,3,VIIRS_NOAA20_SP,2018-10-10 05:57:00,2018-10-10 12:57:00
-6.10404,105.41747,336.6,0.55,0.51,2018-10-10,557,N20,VIIRS,n,2,294.89,18.74,D,1,VIIRS_NOAA20_SP,2018-10-10 05:57:00,2018-10-10 12:57:00
-6.10443,105.41712,350.15,0.59,0.7,2018-10-11,538,N20,VIIRS,n,2,285.17,10.95,D,1,VIIRS_NOAA20_SP,2018-10-11 05:38:00,2018-10-11 12:38:00
-6.10411,105.41419,336.18,0.59,0.7,2018-10-11,538,N20,VIIRS,n,2,283.58,13.06,D,3,VIIRS_NOAA20_SP,2018-10-11 05:38:00,2018-10-11 12:38:00
-6.10368,105.42291,327.92,0.59,0.7,2018-10-11,538,N20,VIIRS,n,2,284.86,10.95,D,1,VIIRS_NOAA20_SP,2018-10-11 05:38:00,2018-10-11 12:38:00
-6.10321,105.42082,340.16,0.59,0.7,2018-10-11,538,N20,VIIRS,n,2,285.66,18.07,D,1,VIIRS_NOAA20_SP,2018-10-11 05:38:00,2018-10-11 12:38:00
-6.10612,105.41645,311.07,0.39,0.36,2018-10-11,1822,N20,VIIRS,n,2,290.9,3.53,N,3,VIIRS_NOAA20_SP,2018-10-11 18:22:00,2018-10-12 01:22:00
-6.1048,105.41595,334.03,0.36,0.57,2018-10-13,552,N,VIIRS,n,2,289.74,15.68,D,1,VIIRS_SNPP_SP,2018-10-13 05:52:00,2018-10-13 12:52:00
-6.10424,105.42006,367.0,0.36,0.57,2018-10-13,552,N,VIIRS,h,2,302.94,15.68,D,1,VIIRS_SNPP_SP,2018-10-13 05:52:00,2018-10-13 12:52:00
-6.10484,105.42255,330.67,0.54,0.68,2018-10-14,713,N,VIIRS,n,2,295.55,13.07,D,1,VIIRS_SNPP_SP,2018-10-14 07:13:00,2018-10-14 14:13:00
-6.10391,105.42787,356.05,0.54,0.68,2018-10-14,713,N,VIIRS,n,2,295.9,13.07,D,1,VIIRS_SNPP_SP,2018-10-14 07:13:00,2018-10-14 14:13:00
-6.10907,105.42242,314.49,0.39,0.36,2018-10-14,1817,N,VIIRS,n,2,296.35,3.48,N,1,VIIRS_SNPP_SP,2018-10-14 18:17:00,2018-10-15 01:17:00
-6.10852,105.41895,315.9,0.39,0.36,2018-10-14,1817,N,VIIRS,n,2,295.96,3.46,N,3,VIIRS_SNPP_SP,2018-10-14 18:17:00,2018-10-15 01:17:00
-6.10574,105.42299,325.51,0.39,0.36,2018-10-14,1817,N,VIIRS,n,2,298.36,3.81,N,1,VIIRS_SNPP_SP,2018-10-14 18:17:00,2018-10-15 01:17:00
-6.10519,105.41949,311.51,0.39,0.36,2018-10-14,1817,N,VIIRS,n,2,295.68,4.56,N,1,VIIRS_SNPP_SP,2018-10-14 18:17:00,2018-10-15 01:17:00
-6.10241,105.42351,336.29,0.39,0.36,2018-10-14,1817,N,VIIRS,n,2,300.78,3.81,N,1,VIIRS_SNPP_SP,2018-10-14 18:17:00,2018-10-15 01:17:00
-6.1038,105.41807,329.85,0.41,0.45,2018-10-15,1758,N,VIIRS,n,2,295.95,21.99,N,1,VIIRS_SNPP_SP,2018-10-15 17:58:00,2018-10-16 00:58:00
-6.10786,105.42197,335.6,0.42,0.38,2018-10-16,636,N,VIIRS,n,2,305.05,6.61,D,1,VIIRS_SNPP_SP,2018-10-16 06:36:00,2018-10-16 13:36:00
-6.10726,105.4258,332.99,0.42,0.38,2018-10-16,636,N,VIIRS,n,2,303.36,6.07,D,1,VIIRS_SNPP_SP,2018-10-16 06:36:00,2018-10-16 13:36:00
-6.1044,105.42136,336.24,0.42,0.38,2018-10-16,636,N,VIIRS,n,2,298.32,7.84,D,1,VIIRS_SNPP_SP,2018-10-16 06:36:00,2018-10-16 13:36:00
-6.1038,105.42519,342.05,0.42,0.38,2018-10-16,636,N,VIIRS,n,2,301.63,12.28,D,1,VIIRS_SNPP_SP,2018-10-16 06:36:00,2018-10-16 13:36:00
-6.10585,105.42551,323.09,0.45,0.63,2018-10-17,1901,N,VIIRS,n,2,293.04,3.99,N,1,VIIRS_SNPP_SP,2018-10-17 19:01:00,2018-10-18 02:01:00
-6.10525,105.42101,306.18,0.45,0.63,2018-10-17,1901,N,VIIRS,n,2,291.87,4.14,N,1,VIIRS_SNPP_SP,2018-10-17 19:01:00,2018-10-18 02:01:00
-6.10753,105.41928,336.94,0.39,0.36,2018-10-14,622,N20,VIIRS,l,2,307.15,7.15,D,1,VIIRS_NOAA20_SP,2018-10-14 06:22:00,2018-10-14 13:22:00
-6.107,105.42281,342.52,0.39,0.36,2018-10-14,622,N20,VIIRS,n,2,310.99,7.15,D,1,VIIRS_NOAA20_SP,2018-10-14 06:22:00,2018-10-14 13:22:00
-6.10366,105.42234,350.44,0.39,0.36,2018-10-14,622,N20,VIIRS,n,2,318.7,7.15,D,1,VIIRS_NOAA20_SP,2018-10-14 06:22:00,2018-10-14 13:22:00
-6.1044,105.41737,305.38,0.7,0.75,2018-10-14,1726,N20,VIIRS,n,2,286.46,5.01,N,1,VIIRS_NOAA20_SP,2018-10-14 17:26:00,2018-10-15 00:26:00
-6.09618,105.41123,307.31,0.7,0.75,2018-10-14,1726,N20,VIIRS,n,2,285.72,4.6,N,3,VIIRS_NOAA20_SP,2018-10-14 17:26:00,2018-10-15 00:26:00
-6.10845,105.42003,312.72,0.56,0.52,2018-10-15,1848,N20,VIIRS,n,2,294.99,5.98,N,1,VIIRS_NOAA20_SP,2018-10-15 18:48:00,2018-10-16 01:48:00
-6.1044,105.42536,342.43,0.56,0.52,2018-10-15,1848,N20,VIIRS,n,2,301.47,12.52,N,1,VIIRS_NOAA20_SP,2018-10-15 18:48:00,2018-10-16 01:48:00
-6.10366,105.42026,317.05,0.56,0.52,2018-10-15,1848,N20,VIIRS,n,2,295.59,12.52,N,1,VIIRS_NOAA20_SP,2018-10-15 18:48:00,2018-10-16 01:48:00
-6.0997,105.42621,308.71,0.56,0.52,2018-10-15,1848,N20,VIIRS,n,2,291.46,12.52,N,1,VIIRS_NOAA20_SP,2018-10-15 18:48:00,2018-10-16 01:48:00
-6.10698,105.42139,367.0,0.46,0.64,2018-10-16,545,N20,VIIRS,h,2,298.69,22.17,D,1,VIIRS_NOAA20_SP,2018-10-16 05:45:00,2018-10-16 12:45:00
-6.1067,105.42161,367.0,0.46,0.64,2018-10-16,545,N20,VIIRS,h,2,298.83,21.51,D,1,VIIRS_NOAA20_SP,2018-10-16 05:45:00,2018-10-16 12:45:00
-6.10427,105.42669,336.72,0.43,0.62,2018-10-17,706,N20,VIIRS,n,2,291.45,8.11,D,1,VIIRS_NOAA20_SP,2018-10-17 07:06:00,2018-10-17 14:06:00
-6.1059,105.42104,319.01,0.42,0.38,2018-10-17,1810,N20,VIIRS,n,2,293.07,3.5,N,1,VIIRS_NOAA20_SP,2018-10-17 18:10:00,2018-10-18 01:10:00
-6.10246,105.42163,331.59,0.42,0.38,2018-10-17,1810,N20,VIIRS,n,2,297.79,3.5,N,1,VIIRS_NOAA20_SP,2018-10-17 18:10:00,2018-10-18 01:10:00
-6.108,105.42337,300.32,0.43,0.46,2018-10-18,1842,N,VIIRS,n,2,272.89,2.84,N,1,VIIRS_SNPP_SP,2018-10-18 18:42:00,2018-10-19 01:42:00
-6.10374,105.42381,313.41,0.43,0.46,2018-10-18,1842,N,VIIRS,n,2,272.18,3.13,N,1,VIIRS_SNPP_SP,2018-10-18 18:42:00,2018-10-19 01:42:00
-6.10758,105.42513,312.62,0.39,0.36,2018-10-19,1823,N,VIIRS,n,2,295.55,2.16,N,1,VIIRS_SNPP_SP,2018-10-19 18:23:00,2018-10-20 01:23:00
-6.10703,105.42159,319.73,0.39,0.36,2018-10-19,1823,N,VIIRS,n,2,297.87,8.06,N,1,VIIRS_SNPP_SP,2018-10-19 18:23:00,2018-10-20 01:23:00
-6.10423,105.42562,312.17,0.39,0.36,2018-10-19,1823,N,VIIRS,n,2,290.94,2.16,N,1,VIIRS_SNPP_SP,2018-10-19 18:23:00,2018-10-20 01:23:00
-6.10367,105.42208,348.69,0.39,0.36,2018-10-19,1823,N,VIIRS,n,2,300.25,8.06,N,1,VIIRS_SNPP_SP,2018-10-19 18:23:00,2018-10-20 01:23:00
-6.10596,105.42479,319.82,0.5,0.41,2018-10-20,1804,N,VIIRS,n,2,295.97,14.63,N,1,VIIRS_SNPP_SP,2018-10-20 18:04:00,2018-10-21 01:04:00
-6.09547,105.41911,335.98,0.5,0.41,2018-10-21,642,N,VIIRS,l,2,310.72,14.66,D,3,VIIRS_SNPP_SP,2018-10-21 06:42:00,2018-10-21 13:42:00
-6.10743,105.4206,333.5,0.39,0.36,2018-10-22,623,N,VIIRS,l,2,305.91,4.47,D,1,VIIRS_SNPP_SP,2018-10-22 06:23:00,2018-10-22 13:23:00
-6.10691,105.42414,350.22,0.39,0.36,2018-10-22,623,N,VIIRS,n,2,310.62,12.31,D,1,VIIRS_SNPP_SP,2018-10-22 06:23:00,2018-10-22 13:23:00
-6.10407,105.42013,334.14,0.39,0.36,2018-10-22,623,N,VIIRS,n,2,302.69,10.19,D,1,VIIRS_SNPP_SP,2018-10-22 06:23:00,2018-10-22 13:23:00
-6.10136,105.41869,333.89,0.52,0.5,2018-10-18,1751,N20,VIIRS,n,2,279.3,7.47,N,1,VIIRS_NOAA20_SP,2018-10-18 17:51:00,2018-10-19 00:51:00
-6.106,105.42479,305.56,0.77,0.77,2018-10-19,1913,N20,VIIRS,n,2,285.16,3.79,N,1,VIIRS_NOAA20_SP,2018-10-19 19:13:00,2018-10-20 02:13:00
-6.10315,105.42946,318.86,0.77,0.78,2018-10-19,1913,N20,VIIRS,n,2,284.74,5.64,N,1,VIIRS_NOAA20_SP,2018-10-19 19:13:00,2018-10-20 02:13:00
-6.10217,105.42189,306.96,0.77,0.77,2018-10-19,1913,N20,VIIRS,n,2,285.62,7.84,N,1,VIIRS_NOAA20_SP,2018-10-19 19:13:00,2018-10-20 02:13:00
-6.09891,105.42583,316.71,0.77,0.77,2018-10-19,1913,N20,VIIRS,n,2,284.12,3.79,N,1,VIIRS_NOAA20_SP,2018-10-19 19:13:00,2018-10-20 02:13:00
-6.10477,105.43404,305.96,0.36,0.57,2018-10-20,1854,N20,VIIRS,n,2,291.0,2.48,N,3,VIIRS_NOAA20_SP,2018-10-20 18:54:00,2018-10-21 01:54:00
-6.10432,105.43293,308.94,0.36,0.58,2018-10-20,1854,N20,VIIRS,n,2,291.43,5.52,N,3,VIIRS_NOAA20_SP,2018-10-20 18:54:00,2018-10-21 01:54:00
-6.10423,105.43034,314.39,0.36,0.57,2018-10-20,1854,N20,VIIRS,n,2,290.94,2.48,N,1,VIIRS_NOAA20_SP,2018-10-20 18:54:00,2018-10-21 01:54:00
-6.10379,105.42906,324.02,0.36,0.57,2018-10-20,1854,N20,VIIRS,n,2,290.76,5.52,N,1,VIIRS_NOAA20_SP,2018-10-20 18:54:00,2018-10-21 01:54:00
-6.10371,105.4268,345.74,0.36,0.57,2018-10-20,1854,N20,VIIRS,n,2,291.04,8.54,N,1,VIIRS_NOAA20_SP,2018-10-20 18:54:00,2018-10-21 01:54:00
-6.10332,105.42567,350.14,0.36,0.57,2018-10-20,1854,N20,VIIRS,n,2,294.42,9.75,N,1,VIIRS_NOAA20_SP,2018-10-20 18:54:00,2018-10-21 01:54:00
-6.10322,105.42344,367.0,0.36,0.57,2018-10-20,1854,N20,VIIRS,h,2,291.35,8.54,N,1,VIIRS_NOAA20_SP,2018-10-20 18:54:00,2018-10-21 01:54:00
-6.10286,105.42236,336.93,0.36,0.57,2018-10-20,1854,N20,VIIRS,n,2,288.25,9.75,N,1,VIIRS_NOAA20_SP,2018-10-20 18:54:00,2018-10-21 01:54:00
-6.09849,105.42787,305.45,0.36,0.57,2018-10-20,1854,N20,VIIRS,n,2,289.19,8.54,N,1,VIIRS_NOAA20_SP,2018-10-20 18:54:00,2018-10-21 01:54:00
-6.09808,105.42665,305.47,0.36,0.57,2018-10-20,1854,N20,VIIRS,n,2,288.13,9.75,N,1,VIIRS_NOAA20_SP,2018-10-20 18:54:00,2018-10-21 01:54:00
-6.1095,105.42016,340.09,0.36,0.57,2018-10-21,551,N20,VIIRS,n,2,297.24,15.3,D,3,VIIRS_NOAA20_SP,2018-10-21 05:51:00,2018-10-21 12:51:00
-6.10906,105.42339,367.0,0.36,0.57,2018-10-21,551,N20,VIIRS,h,2,304.28,27.29,D,1,VIIRS_NOAA20_SP,2018-10-21 05:51:00,2018-10-21 12:51:00
-6.10373,105.42323,367.0,0.36,0.57,2018-10-21,551,N20,VIIRS,h,2,300.41,53.53,D,1,VIIRS_NOAA20_SP,2018-10-21 05:51:00,2018-10-21 12:51:00
-6.10839,105.4182,356.24,0.77,0.77,2018-10-22,532,N20,VIIRS,n,2,290.4,33.5,D,3,VIIRS_NOAA20_SP,2018-10-22 05:32:00,2018-10-22 12:32:00
-6.10372,105.41921,367.0,0.76,0.77,2018-10-22,532,N20,VIIRS,h,2,292.2,26.5,D,1,VIIRS_NOAA20_SP,2018-10-22 05:32:00,2018-10-22 12:32:00
-6.10816,105.425,303.9,0.55,0.51,2018-10-23,1848,N,VIIRS,n,2,283.46,4.63,N,1,VIIRS_SNPP_SP,2018-10-23 18:48:00,2018-10-24 01:48:00
-6.10784,105.42677,307.64,0.55,0.51,2018-10-23,1848,N,VIIRS,n,2,282.7,5.6,N,1,VIIRS_SNPP_SP,2018-10-23 18:48:00,2018-10-24 01:48:00
-6.10743,105.41983,304.87,0.55,0.51,2018-10-23,1848,N,VIIRS,n,2,285.19,4.63,N,1,VIIRS_SNPP_SP,2018-10-23 18:48:00,2018-10-24 01:48:00
-6.10702,105.42125,304.88,0.55,0.51,2018-10-23,1848,N,VIIRS,n,2,282.6,4.21,N,1,VIIRS_SNPP_SP,2018-10-23 18:48:00,2018-10-24 01:48:00
-6.10412,105.43063,306.49,0.55,0.51,2018-10-23,1848,N,VIIRS,n,2,283.01,4.17,N,1,VIIRS_SNPP_SP,2018-10-23 18:48:00,2018-10-24 01:48:00
-6.10338,105.42536,345.02,0.55,0.51,2018-10-23,1848,N,VIIRS,n,2,285.03,4.63,N,1,VIIRS_SNPP_SP,2018-10-23 18:48:00,2018-10-24 01:48:00
-6.10302,105.42686,341.8,0.55,0.51,2018-10-23,1848,N,VIIRS,n,2,284.26,5.6,N,1,VIIRS_SNPP_SP,2018-10-23 18:48:00,2018-10-24 01:48:00
-6.10227,105.42172,310.28,0.55,0.51,2018-10-23,1848,N,VIIRS,n,2,277.76,4.21,N,1,VIIRS_SNPP_SP,2018-10-23 18:48:00,2018-10-24 01:48:00
-6.10533,105.4193,367.0,0.45,0.63,2018-10-24,545,N,VIIRS,h,2,292.94,18.21,D,1,VIIRS_SNPP_SP,2018-10-24 05:45:00,2018-10-24 12:45:00
-6.10834,105.42336,317.46,0.43,0.38,2018-10-24,1829,N,VIIRS,n,2,290.41,3.95,N,1,VIIRS_SNPP_SP,2018-10-24 18:29:00,2018-10-25 01:29:00
-6.10772,105.41938,312.59,0.43,0.38,2018-10-24,1829,N,VIIRS,n,2,287.57,3.03,N,1,VIIRS_SNPP_SP,2018-10-24 18:29:00,2018-10-25 01:29:00
-6.10419,105.41985,325.61,0.43,0.38,2018-10-24,1829,N,VIIRS,n,2,287.35,4.94,N,1,VIIRS_SNPP_SP,2018-10-24 18:29:00,2018-10-25 01:29:00
-6.10067,105.42039,314.35,0.43,0.38,2018-10-24,1829,N,VIIRS,n,2,285.49,4.94,N,1,VIIRS_SNPP_SP,2018-10-24 18:29:00,2018-10-25 01:29:00
-6.10824,105.42458,316.59,0.43,0.38,2018-10-24,1830,N,VIIRS,n,2,290.48,3.01,N,1,VIIRS_SNPP_SP,2018-10-24 18:30:00,2018-10-25 01:30:00
-6.10765,105.42059,316.84,0.43,0.38,2018-10-24,1830,N,VIIRS,n,2,288.21,3.49,N,1,VIIRS_SNPP_SP,2018-10-24 18:30:00,2018-10-25 01:30:00
-6.10784,105.42441,317.12,0.42,0.38,2018-10-25,1811,N,VIIRS,n,2,294.98,4.21,N,1,VIIRS_SNPP_SP,2018-10-25 18:11:00,2018-10-26 01:11:00
-6.10438,105.42503,330.77,0.42,0.38,2018-10-25,1811,N,VIIRS,n,2,295.01,4.21,N,1,VIIRS_SNPP_SP,2018-10-25 18:11:00,2018-10-26 01:11:00
-6.1009,105.42555,307.26,0.42,0.38,2018-10-25,1811,N,VIIRS,n,2,292.35,2.2,N,1,VIIRS_SNPP_SP,2018-10-25 18:11:00,2018-10-26 01:11:00
-6.10029,105.42178,305.2,0.42,0.38,2018-10-25,1811,N,VIIRS,n,2,290.06,1.13,N,1,VIIRS_SNPP_SP,2018-10-25 18:11:00,2018-10-26 01:11:00
-6.10215,105.42459,367.0,0.41,0.45,2018-10-26,648,N,VIIRS,h,2,313.71,17.9,D,1,VIIRS_SNPP_SP,2018-10-26 06:48:00,2018-10-26 13:48:00
-6.10203,105.4192,331.92,0.52,0.5,2018-10-26,1752,N,VIIRS,n,2,292.77,6.36,N,1,VIIRS_SNPP_SP,2018-10-26 17:52:00,2018-10-27 00:52:00
-6.10181,105.42421,338.39,0.39,0.36,2018-10-27,629,N,VIIRS,n,2,279.85,14.09,D,1,VIIRS_SNPP_SP,2018-10-27 06:29:00,2018-10-27 13:29:00
-6.10441,105.42133,319.67,0.41,0.45,2018-10-23,1757,N20,VIIRS,n,2,267.52,2.17,N,1,VIIRS_NOAA20_SP,2018-10-23 17:57:00,2018-10-24 00:57:00
-6.10029,105.42195,313.41,0.41,0.45,2018-10-23,1757,N20,VIIRS,n,2,262.65,2.17,N,1,VIIRS_NOAA20_SP,2018-10-23 17:57:00,2018-10-24 00:57:00
-6.09939,105.42144,299.36,0.43,0.62,2018-10-24,1738,N20,VIIRS,n,2,270.44,2.65,N,1,VIIRS_NOAA20_SP,2018-10-24 17:38:00,2018-10-25 00:38:00
-6.09855,105.41667,335.98,0.43,0.62,2018-10-24,1738,N20,VIIRS,n,2,271.9,2.65,N,1,VIIRS_NOAA20_SP,2018-10-24 17:38:00,2018-10-25 00:38:00
-6.10412,105.42686,327.05,0.47,0.64,2018-10-25,1900,N20,VIIRS,n,2,291.41,5.0,N,1,VIIRS_NOAA20_SP,2018-10-25 19:00:00,2018-10-26 02:00:00
-6.10351,105.42249,327.47,0.47,0.64,2018-10-25,1900,N20,VIIRS,n,2,292.13,5.0,N,1,VIIRS_NOAA20_SP,2018-10-25 19:00:00,2018-10-26 02:00:00
-6.10524,105.4183,338.7,0.56,0.51,2018-10-26,557,N20,VIIRS,n,2,302.45,17.02,D,1,VIIRS_NOAA20_SP,2018-10-26 05:57:00,2018-10-26 12:57:00
-6.1045,105.42352,337.45,0.55,0.51,2018-10-26,557,N20,VIIRS,n,2,302.37,17.02,D,1,VIIRS_NOAA20_SP,2018-10-26 05:57:00,2018-10-26 12:57:00
-6.10314,105.42679,309.86,0.44,0.46,2018-10-26,1841,N20,VIIRS,n,2,288.39,1.98,N,1,VIIRS_NOAA20_SP,2018-10-26 18:41:00,2018-10-27 01:41:00
-6.10257,105.4228,311.02,0.44,0.46,2018-10-26,1841,N20,VIIRS,n,2,285.23,1.98,N,1,VIIRS_NOAA20_SP,2018-10-26 18:41:00,2018-10-27 01:41:00
-6.10298,105.42122,312.04,0.39,0.36,2018-10-27,1822,N20,VIIRS,n,2,292.82,2.72,N,1,VIIRS_NOAA20_SP,2018-10-27 18:22:00,2018-10-28 01:22:00
-6.10511,105.41958,356.96,0.35,0.57,2018-10-29,552,N,VIIRS,l,2,272.3,11.35,D,1,VIIRS_SNPP_SP,2018-10-29 05:52:00,2018-10-29 12:52:00
-6.10466,105.42288,339.09,0.35,0.57,2018-10-29,552,N,VIIRS,n,2,272.29,13.32,D,1,VIIRS_SNPP_SP,2018-10-29 05:52:00,2018-10-29 12:52:00
-6.10815,105.42162,306.23,0.41,0.45,2018-10-31,1758,N,VIIRS,n,2,284.73,2.72,N,1,VIIRS_SNPP_SP,2018-10-31 17:58:00,2018-11-01 00:58:00
-6.10405,105.4225,308.8,0.41,0.45,2018-10-31,1758,N,VIIRS,n,2,285.79,1.67,N,1,VIIRS_SNPP_SP,2018-10-31 17:58:00,2018-11-01 00:58:00
-6.10342,105.41871,306.8,0.41,0.45,2018-10-31,1758,N,VIIRS,n,2,285.34,1.67,N,1,VIIRS_SNPP_SP,2018-10-31 17:58:00,2018-11-01 00:58:00
-6.10506,105.4236,342.37,0.42,0.38,2018-11-01,636,N,VIIRS,n,2,295.06,10.09,D,1,VIIRS_SNPP_SP,2018-11-01 06:36:00,2018-11-01 13:36:00
-6.10158,105.42307,341.25,0.42,0.38,2018-11-01,636,N,VIIRS,n,2,298.82,10.09,D,1,VIIRS_SNPP_SP,2018-11-01 06:36:00,2018-11-01 13:36:00
-6.10648,105.42322,331.62,0.34,0.56,2018-10-28,700,N20,VIIRS,n,2,296.55,9.95,D,1,VIIRS_NOAA20_SP,2018-10-28 07:00:00,2018-10-28 14:00:00
-6.10595,105.42632,367.0,0.34,0.56,2018-10-28,700,N20,VIIRS,h,2,298.04,13.55,D,1,VIIRS_NOAA20_SP,2018-10-28 07:00:00,2018-10-28 14:00:00
-6.10572,105.42328,300.16,0.5,0.41,2018-10-28,1804,N20,VIIRS,n,2,269.11,1.08,N,1,VIIRS_NOAA20_SP,2018-10-28 18:04:00,2018-10-29 01:04:00
-6.10125,105.41937,298.49,0.5,0.41,2018-10-28,1804,N20,VIIRS,n,2,265.67,1.08,N,1,VIIRS_NOAA20_SP,2018-10-28 18:04:00,2018-10-29 01:04:00
-6.10546,105.42512,347.54,0.5,0.41,2018-10-29,641,N20,VIIRS,n,2,290.1,21.6,D,1,VIIRS_NOAA20_SP,2018-10-29 06:41:00,2018-10-29 13:41:00
-6.10405,105.42272,308.9,0.6,0.71,2018-10-30,1906,N20,VIIRS,n,2,283.7,3.51,N,1,VIIRS_NOAA20_SP,2018-10-30 19:06:00,2018-10-31 02:06:00
-6.10382,105.42425,312.9,0.6,0.7,2018-10-30,1906,N20,VIIRS,n,2,284.03,4.37,N,1,VIIRS_NOAA20_SP,2018-10-30 19:06:00,2018-10-31 02:06:00
-6.10486,105.42281,315.15,0.44,0.38,2018-11-01,1829,N20,VIIRS,n,2,294.37,3.99,N,1,VIIRS_NOAA20_SP,2018-11-01 18:29:00,2018-11-02 01:29:00
-6.10402,105.42099,341.29,0.55,0.51,2018-11-03,558,N,VIIRS,n,2,293.31,10.24,D,1,VIIRS_SNPP_SP,2018-11-03 05:58:00,2018-11-03 12:58:00
-6.10327,105.42229,327.66,0.39,0.36,2018-11-04,1823,N,VIIRS,n,2,262.32,2.42,N,1,VIIRS_SNPP_SP,2018-11-04 18:23:00,2018-11-05 01:23:00
-6.10451,105.42451,330.74,0.41,0.45,2018-11-03,647,N20,VIIRS,n,2,288.53,6.84,D,1,VIIRS_NOAA20_SP,2018-11-03 06:47:00,2018-11-03 13:47:00
-6.10609,105.42281,342.85,0.52,0.42,2018-11-05,610,N20,VIIRS,n,2,277.91,9.11,D,1,VIIRS_NOAA20_SP,2018-11-05 06:10:00,2018-11-05 13:10:00
-6.1035,105.42257,343.84,0.52,0.5,2018-11-16,654,N,VIIRS,n,2,294.59,16.91,D,1,VIIRS_SNPP_SP,2018-11-16 06:54:00,2018-11-16 13:54:00
-6.10267,105.42757,340.54,0.52,0.5,2018-11-16,654,N,VIIRS,n,2,293.61,12.74,D,1,VIIRS_SNPP_SP,2018-11-16 06:54:00,2018-11-16 13:54:00
-6.10856,105.42188,309.36,0.41,0.45,2018-11-16,1758,N,VIIRS,n,2,294.56,2.82,N,1,VIIRS_SNPP_SP,2018-11-16 17:58:00,2018-11-17 00:58:00
-6.10449,105.42287,324.25,0.41,0.45,2018-11-16,1758,N,VIIRS,n,2,296.67,7.72,N,1,VIIRS_SNPP_SP,2018-11-16 17:58:00,2018-11-17 00:58:00
-6.10386,105.41913,339.59,0.41,0.45,2018-11-16,1758,N,VIIRS,n,2,299.32,7.72,N,1,VIIRS_SNPP_SP,2018-11-16 17:58:00,2018-11-17 00:58:00
-6.10374,105.4243,334.4,0.39,0.36,2018-11-15,622,N20,VIIRS,n,2,284.49,8.63,D,1,VIIRS_NOAA20_SP,2018-11-15 06:22:00,2018-11-15 13:22:00
-6.10707,105.422,341.56,0.44,0.46,2018-11-16,603,N20,VIIRS,n,2,302.02,17.54,D,1,VIIRS_NOAA20_SP,2018-11-16 06:03:00,2018-11-16 13:03:00
-6.10281,105.42156,350.14,0.44,0.46,2018-11-16,603,N20,VIIRS,n,2,305.51,17.54,D,1,VIIRS_NOAA20_SP,2018-11-16 06:03:00,2018-11-16 13:03:00
-6.10154,105.42339,319.34,0.56,0.51,2018-11-16,1847,N20,VIIRS,n,2,294.33,5.09,N,1,VIIRS_NOAA20_SP,2018-11-16 18:47:00,2018-11-17 01:47:00
-6.12937,105.4603,303.05,0.46,0.63,2018-11-18,1901,N,VIIRS,n,2,281.22,1.21,N,3,VIIRS_SNPP_SP,2018-11-18 19:01:00,2018-11-19 02:01:00
-6.12878,105.45608,306.14,0.46,0.63,2018-11-18,1901,N,VIIRS,n,2,280.93,1.21,N,3,VIIRS_SNPP_SP,2018-11-18 19:01:00,2018-11-19 02:01:00
-6.12819,105.45186,308.17,0.46,0.63,2018-11-18,1901,N,VIIRS,n,2,280.41,1.3,N,3,VIIRS_SNPP_SP,2018-11-18 19:01:00,2018-11-19 02:01:00
-6.1276,105.44764,307.83,0.46,0.63,2018-11-18,1901,N,VIIRS,n,2,280.83,1.3,N,3,VIIRS_SNPP_SP,2018-11-18 19:01:00,2018-11-19 02:01:00
-6.12347,105.46114,312.22,0.46,0.63,2018-11-18,1901,N,VIIRS,n,2,280.33,1.21,N,3,VIIRS_SNPP_SP,2018-11-18 19:01:00,2018-11-19 02:01:00
-6.12288,105.45691,314.17,0.46,0.63,2018-11-18,1901,N,VIIRS,n,2,280.83,1.21,N,3,VIIRS_SNPP_SP,2018-11-18 19:01:00,2018-11-19 02:01:00
-6.12229,105.45268,307.78,0.46,0.63,2018-11-18,1901,N,VIIRS,n,2,281.92,1.3,N,3,VIIRS_SNPP_SP,2018-11-18 19:01:00,2018-11-19 02:01:00
-6.1217,105.44846,303.89,0.46,0.63,2018-11-18,1901,N,VIIRS,n,2,281.93,1.3,N,3,VIIRS_SNPP_SP,2018-11-18 19:01:00,2018-11-19 02:01:00
-6.11874,105.47044,303.58,0.46,0.64,2018-11-18,1901,N,VIIRS,n,2,281.23,1.18,N,3,VIIRS_SNPP_SP,2018-11-18 19:01:00,2018-11-19 02:01:00
-6.11816,105.4662,309.35,0.46,0.64,2018-11-18,1901,N,VIIRS,n,2,281.3,1.18,N,3,VIIRS_SNPP_SP,2018-11-18 19:01:00,2018-11-19 02:01:00
-6.11757,105.46197,313.7,0.46,0.63,2018-11-18,1901,N,VIIRS,n,2,281.7,2.25,N,3,VIIRS_SNPP_SP,2018-11-18 19:01:00,2018-11-19 02:01:00
-6.11698,105.45774,315.35,0.46,0.63,2018-11-18,1901,N,VIIRS,n,2,282.08,2.25,N,3,VIIRS_SNPP_SP,2018-11-18 19:01:00,2018-11-19 02:01:00
-6.1164,105.45351,310.79,0.46,0.63,2018-11-18,1901,N,VIIRS,n,2,282.37,1.97,N,3,VIIRS_SNPP_SP,2018-11-18 19:01:00,2018-11-19 02:01:00
-6.11581,105.44929,310.24,0.46,0.63,2018-11-18,1901,N,VIIRS,n,2,282.18,1.97,N,3,VIIRS_SNPP_SP,2018-11-18 19:01:00,2018-11-19 02:01:00
-6.11289,105.42824,304.17,0.46,0.63,2018-11-18,1901,N,VIIRS,n,2,281.7,2.55,N,3,VIIRS_SNPP_SP,2018-11-18 19:01:00,2018-11-19 02:01:00
-6.11231,105.42403,311.94,0.46,0.63,2018-11-18,1901,N,VIIRS,n,2,281.51,2.55,N,3,VIIRS_SNPP_SP,2018-11-18 19:01:00,2018-11-19 02:01:00
-6.11226,105.46703,302.77,0.46,0.64,2018-11-18,1901,N,VIIRS,n,2,282.86,1.18,N,3,VIIRS_SNPP_SP,2018-11-18 19:01:00,2018-11-19 02:01:00
-6.11172,105.41977,330.65,0.46,0.63,2018-11-18,1901,N,VIIRS,n,2,282.53,5.18,N,3,VIIRS_SNPP_SP,2018-11-18 19:01:00,2018-11-19 02:01:00
-6.11109,105.45857,315.99,0.46,0.63,2018-11-18,1901,N,VIIRS,n,2,281.47,2.25,N,3,VIIRS_SNPP_SP,2018-11-18 19:01:00,2018-11-19 02:01:00
-6.1105,105.45435,313.6,0.46,0.63,2018-11-18,1901,N,VIIRS,n,2,280.79,1.97,N,3,VIIRS_SNPP_SP,2018-11-18 19:01:00,2018-11-19 02:01:00
-6.10571,105.41972,327.09,0.46,0.63,2018-11-18,1901,N,VIIRS,n,2,280.63,5.18,N,1,VIIRS_SNPP_SP,2018-11-18 19:01:00,2018-11-19 02:01:00
-6.11117,105.42154,328.89,0.39,0.36,2018-11-20,1823,N,VIIRS,n,2,293.65,4.38,N,3,VIIRS_SNPP_SP,2018-11-20 18:23:00,2018-11-21 01:23:00
-6.11062,105.41798,310.49,0.39,0.36,2018-11-20,1823,N,VIIRS,n,2,291.08,2.92,N,3,VIIRS_SNPP_SP,2018-11-20 18:23:00,2018-11-21 01:23:00
-6.10836,105.42557,308.41,0.39,0.36,2018-11-20,1823,N,VIIRS,n,2,292.84,4.38,N,1,VIIRS_SNPP_SP,2018-11-20 18:23:00,2018-11-21 01:23:00
-6.1078,105.422,349.81,0.39,0.36,2018-11-20,1823,N,VIIRS,n,2,302.76,4.38,N,1,VIIRS_SNPP_SP,2018-11-20 18:23:00,2018-11-21 01:23:00
-6.10726,105.41847,317.61,0.39,0.36,2018-11-20,1823,N,VIIRS,n,2,292.39,2.92,N,1,VIIRS_SNPP_SP,2018-11-20 18:23:00,2018-11-21 01:23:00
-6.1039,105.41897,315.52,0.39,0.36,2018-11-20,1823,N,VIIRS,n,2,291.52,3.44,N,1,VIIRS_SNPP_SP,2018-11-20 18:23:00,2018-11-21 01:23:00
-6.11826,105.43002,308.31,0.44,0.38,2018-11-17,1829,N20,VIIRS,n,2,287.9,1.8,N,3,VIIRS_NOAA20_SP,2018-11-17 18:29:00,2018-11-18 01:29:00
-6.11535,105.43447,307.24,0.44,0.38,2018-11-17,1829,N20,VIIRS,n,2,284.0,2.6,N,3,VIIRS_NOAA20_SP,2018-11-17 18:29:00,2018-11-18 01:29:00
-6.11476,105.43056,312.82,0.44,0.38,2018-11-17,1829,N20,VIIRS,n,2,285.12,1.8,N,3,VIIRS_NOAA20_SP,2018-11-17 18:29:00,2018-11-18 01:29:00
-6.11416,105.42664,312.7,0.44,0.38,2018-11-17,1829,N20,VIIRS,n,2,287.93,1.8,N,3,VIIRS_NOAA20_SP,2018-11-17 18:29:00,2018-11-18 01:29:00
-6.11185,105.435,310.5,0.44,0.38,2018-11-17,1829,N20,VIIRS,n,2,279.17,2.41,N,3,VIIRS_NOAA20_SP,2018-11-17 18:29:00,2018-11-18 01:29:00
-6.11125,105.43108,319.78,0.44,0.38,2018-11-17,1829,N20,VIIRS,n,2,280.5,2.41,N,1,VIIRS_NOAA20_SP,2018-11-17 18:29:00,2018-11-18 01:29:00
-6.11065,105.42717,319.86,0.44,0.38,2018-11-17,1829,N20,VIIRS,n,2,283.96,2.41,N,1,VIIRS_NOAA20_SP,2018-11-17 18:29:00,2018-11-18 01:29:00
-6.11004,105.42316,314.74,0.44,0.38,2018-11-17,1829,N20,VIIRS,n,2,290.29,2.84,N,1,VIIRS_NOAA20_SP,2018-11-17 18:29:00,2018-11-18 01:29:00
-6.10944,105.41927,308.94,0.44,0.38,2018-11-17,1829,N20,VIIRS,n,2,291.01,2.84,N,1,VIIRS_NOAA20_SP,2018-11-17 18:29:00,2018-11-18 01:29:00
-6.10886,105.41544,308.24,0.44,0.38,2018-11-17,1829,N20,VIIRS,n,2,289.75,2.5,N,1,VIIRS_NOAA20_SP,2018-11-17 18:29:00,2018-11-18 01:29:00
-6.10834,105.43553,311.66,0.44,0.38,2018-11-17,1829,N20,VIIRS,n,2,281.1,2.41,N,3,VIIRS_NOAA20_SP,2018-11-17 18:29:00,2018-11-18 01:29:00
-6.10774,105.43162,325.57,0.44,0.38,2018-11-17,1829,N20,VIIRS,n,2,280.87,2.41,N,1,VIIRS_NOAA20_SP,2018-11-17 18:29:00,2018-11-18 01:29:00
-6.10712,105.42757,325.2,0.44,0.38,2018-11-17,1829,N20,VIIRS,n,2,281.4,2.41,N,1,VIIRS_NOAA20_SP,2018-11-17 18:29:00,2018-11-18 01:29:00
-6.10652,105.42363,337.43,0.44,0.38,2018-11-17,1829,N20,VIIRS,n,2,289.89,2.84,N,1,VIIRS_NOAA20_SP,2018-11-17 18:29:00,2018-11-18 01:29:00
-6.10592,105.41967,330.31,0.44,0.38,2018-11-17,1829,N20,VIIRS,n,2,291.22,2.84,N,1,VIIRS_NOAA20_SP,2018-11-17 18:29:00,2018-11-18 01:29:00
-6.10534,105.41586,315.07,0.44,0.38,2018-11-17,1829,N20,VIIRS,n,2,288.44,2.5,N,1,VIIRS_NOAA20_SP,2018-11-17 18:29:00,2018-11-18 01:29:00
-6.10483,105.43607,310.28,0.44,0.38,2018-11-17,1829,N20,VIIRS,n,2,286.2,2.53,N,3,VIIRS_NOAA20_SP,2018-11-17 18:29:00,2018-11-18 01:29:00
-6.10183,105.41638,314.83,0.44,0.38,2018-11-17,1829,N20,VIIRS,n,2,288.76,2.69,N,1,VIIRS_NOAA20_SP,2018-11-17 18:29:00,2018-11-18 01:29:00
-6.10132,105.4366,307.88,0.44,0.38,2018-11-17,1829,N20,VIIRS,n,2,287.85,2.53,N,3,VIIRS_NOAA20_SP,2018-11-17 18:29:00,2018-11-18 01:29:00
-6.09835,105.41704,311.18,0.44,0.38,2018-11-17,1829,N20,VIIRS,n,2,288.58,2.69,N,1,VIIRS_NOAA20_SP,2018-11-17 18:29:00,2018-11-18 01:29:00
-6.09722,105.43322,310.08,0.44,0.38,2018-11-17,1829,N20,VIIRS,n,2,287.2,2.27,N,3,VIIRS_NOAA20_SP,2018-11-17 18:29:00,2018-11-18 01:29:00
-6.09661,105.42921,314.77,0.44,0.38,2018-11-17,1829,N20,VIIRS,n,2,284.03,2.27,N,3,VIIRS_NOAA20_SP,2018-11-17 18:29:00,2018-11-18 01:29:00
-6.09601,105.42528,319.55,0.44,0.38,2018-11-17,1829,N20,VIIRS,n,2,285.45,1.95,N,1,VIIRS_NOAA20_SP,2018-11-17 18:29:00,2018-11-18 01:29:00
-6.09541,105.42133,311.86,0.44,0.38,2018-11-17,1829,N20,VIIRS,n,2,287.7,1.95,N,1,VIIRS_NOAA20_SP,2018-11-17 18:29:00,2018-11-18 01:29:00
-6.09251,105.42587,321.0,0.44,0.38,2018-11-17,1829,N20,VIIRS,n,2,284.1,1.95,N,3,VIIRS_NOAA20_SP,2018-11-17 18:29:00,2018-11-18 01:29:00
-6.11582,105.42638,310.84,0.42,0.38,2018-11-18,1810,N20,VIIRS,n,2,291.22,3.18,N,3,VIIRS_NOAA20_SP,2018-11-18 18:10:00,2018-11-19 01:10:00
-6.11521,105.4226,314.83,0.42,0.38,2018-11-18,1810,N20,VIIRS,n,2,291.12,3.18,N,3,VIIRS_NOAA20_SP,2018-11-18 18:10:00,2018-11-19 01:10:00
-6.1146,105.41879,317.4,0.42,0.38,2018-11-18,1810,N20,VIIRS,n,2,290.53,3.22,N,3,VIIRS_NOAA20_SP,2018-11-18 18:10:00,2018-11-19 01:10:00
-6.11398,105.41499,314.47,0.42,0.38,2018-11-18,1810,N20,VIIRS,n,2,287.17,3.22,N,3,VIIRS_NOAA20_SP,2018-11-18 18:10:00,2018-11-19 01:10:00
-6.11298,105.43075,309.44,0.42,0.38,2018-11-18,1810,N20,VIIRS,n,2,290.41,3.01,N,3,VIIRS_NOAA20_SP,2018-11-18 18:10:00,2018-11-19 01:10:00
-6.10991,105.41175,314.06,0.42,0.38,2018-11-18,1810,N20,VIIRS,n,2,287.9,2.96,N,3,VIIRS_NOAA20_SP,2018-11-18 18:10:00,2018-11-19 01:10:00
-6.10953,105.4313,311.15,0.42,0.38,2018-11-18,1810,N20,VIIRS,n,2,289.95,3.01,N,1,VIIRS_NOAA20_SP,2018-11-18 18:10:00,2018-11-19 01:10:00
-6.10646,105.41231,318.42,0.42,0.38,2018-11-18,1810,N20,VIIRS,n,2,288.08,2.96,N,1,VIIRS_NOAA20_SP,2018-11-18 18:10:00,2018-11-19 01:10:00
-6.10609,105.43194,312.69,0.42,0.38,2018-11-18,1810,N20,VIIRS,n,2,289.69,3.58,N,3,VIIRS_NOAA20_SP,2018-11-18 18:10:00,2018-11-19 01:10:00
-6.103,105.41287,321.2,0.42,0.38,2018-11-18,1810,N20,VIIRS,n,2,283.58,4.15,N,1,VIIRS_NOAA20_SP,2018-11-18 18:10:00,2018-11-19 01:10:00
-6.10264,105.43252,311.2,0.42,0.38,2018-11-18,1810,N20,VIIRS,n,2,289.49,3.58,N,1,VIIRS_NOAA20_SP,2018-11-18 18:10:00,2018-11-19 01:10:00
-6.09857,105.42928,313.64,0.42,0.38,2018-11-18,1810,N20,VIIRS,n,2,289.07,2.02,N,1,VIIRS_NOAA20_SP,2018-11-18 18:10:00,2018-11-19 01:10:00
-6.09795,105.4255,329.44,0.42,0.38,2018-11-18,1810,N20,VIIRS,n,2,289.18,2.02,N,1,VIIRS_NOAA20_SP,2018-11-18 18:10:00,2018-11-19 01:10:00
-6.09735,105.42176,347.57,0.42,0.38,2018-11-18,1810,N20,VIIRS,n,2,287.89,4.91,N,1,VIIRS_NOAA20_SP,2018-11-18 18:10:00,2018-11-19 01:10:00
-6.09511,105.42979,307.53,0.42,0.38,2018-11-18,1810,N20,VIIRS,n,2,289.44,2.02,N,3,VIIRS_NOAA20_SP,2018-11-18 18:10:00,2018-11-19 01:10:00
-6.0945,105.42603,320.41,0.42,0.38,2018-11-18,1810,N20,VIIRS,n,2,289.48,2.02,N,3,VIIRS_NOAA20_SP,2018-11-18 18:10:00,2018-11-19 01:10:00
-6.09389,105.42228,326.97,0.42,0.38,2018-11-18,1810,N20,VIIRS,n,2,288.9,4.91,N,1,VIIRS_NOAA20_SP,2018-11-18 18:10:00,2018-11-19 01:10:00
-6.09041,105.42271,310.54,0.42,0.38,2018-11-18,1810,N20,VIIRS,n,2,289.39,3.83,N,3,VIIRS_NOAA20_SP,2018-11-18 18:10:00,2018-11-19 01:10:00
-6.11018,105.41999,326.03,0.52,0.5,2018-11-19,1751,N20,VIIRS,n,2,278.78,6.7,N,1,VIIRS_NOAA20_SP,2018-11-19 17:51:00,2018-11-20 00:51:00
-6.10856,105.41028,311.34,0.52,0.5,2018-11-19,1751,N20,VIIRS,n,2,270.71,4.1,N,3,VIIRS_NOAA20_SP,2018-11-19 17:51:00,2018-11-20 00:51:00
-6.111,105.41979,335.67,0.39,0.36,2018-11-20,628,N20,VIIRS,n,2,287.09,4.77,D,1,VIIRS_NOAA20_SP,2018-11-20 06:28:00,2018-11-20 13:28:00
-6.11047,105.42326,335.16,0.39,0.36,2018-11-20,628,N20,VIIRS,n,2,287.74,4.77,D,1,VIIRS_NOAA20_SP,2018-11-20 06:28:00,2018-11-20 13:28:00
-6.10715,105.42274,340.35,0.39,0.36,2018-11-20,628,N20,VIIRS,n,2,284.17,8.08,D,1,VIIRS_NOAA20_SP,2018-11-20 06:28:00,2018-11-20 13:28:00
-6.10576,105.42241,301.99,0.55,0.68,2018-11-20,1732,N20,VIIRS,n,2,278.11,4.29,N,1,VIIRS_NOAA20_SP,2018-11-20 17:32:00,2018-11-21 00:32:00
-6.1048,105.41706,309.48,0.55,0.68,2018-11-20,1732,N20,VIIRS,n,2,278.65,4.41,N,1,VIIRS_NOAA20_SP,2018-11-20 17:32:00,2018-11-21 00:32:00
-6.09842,105.41752,325.72,0.55,0.68,2018-11-20,1732,N20,VIIRS,n,2,279.53,4.41,N,1,VIIRS_NOAA20_SP,2018-11-20 17:32:00,2018-11-21 00:32:00
-6.09749,105.41237,319.42,0.55,0.68,2018-11-20,1732,N20,VIIRS,n,2,280.65,4.41,N,1,VIIRS_NOAA20_SP,2018-11-20 17:32:00,2018-11-21 00:32:00
-6.10067,105.43174,302.7,0.77,0.77,2018-11-20,1913,N20,VIIRS,n,2,276.89,4.52,N,3,VIIRS_NOAA20_SP,2018-11-20 19:13:00,2018-11-21 02:13:00
-6.09967,105.42437,310.84,0.77,0.77,2018-11-20,1913,N20,VIIRS,n,2,278.34,4.52,N,1,VIIRS_NOAA20_SP,2018-11-20 19:13:00,2018-11-21 02:13:00
-6.11033,105.42051,304.26,0.36,0.57,2018-11-21,1854,N20,VIIRS,n,2,283.08,3.21,N,1,VIIRS_NOAA20_SP,2018-11-21 18:54:00,2018-11-22 01:54:00
-6.11026,105.41912,303.86,0.36,0.57,2018-11-21,1854,N20,VIIRS,n,2,281.81,2.35,N,1,VIIRS_NOAA20_SP,2018-11-21 18:54:00,2018-11-22 01:54:00
-6.10638,105.42934,304.61,0.36,0.57,2018-11-21,1854,N20,VIIRS,n,2,287.46,4.57,N,1,VIIRS_NOAA20_SP,2018-11-21 18:54:00,2018-11-22 01:54:00
-6.10593,105.42744,317.31,0.36,0.57,2018-11-21,1854,N20,VIIRS,n,2,287.52,4.73,N,1,VIIRS_NOAA20_SP,2018-11-21 18:54:00,2018-11-22 01:54:00
-6.1059,105.42599,322.57,0.36,0.57,2018-11-21,1854,N20,VIIRS,n,2,288.22,4.85,N,1,VIIRS_NOAA20_SP,2018-11-21 18:54:00,2018-11-22 01:54:00
-6.10547,105.4241,329.19,0.36,0.57,2018-11-21,1854,N20,VIIRS,n,2,290.05,4.73,N,1,VIIRS_NOAA20_SP,2018-11-21 18:54:00,2018-11-22 01:54:00
-6.10539,105.4225,325.24,0.36,0.57,2018-11-21,1854,N20,VIIRS,n,2,289.58,4.85,N,1,VIIRS_NOAA20_SP,2018-11-21 18:54:00,2018-11-22 01:54:00
-6.105,105.42066,313.69,0.36,0.57,2018-11-21,1854,N20,VIIRS,n,2,286.77,3.21,N,1,VIIRS_NOAA20_SP,2018-11-21 18:54:00,2018-11-22 01:54:00
-6.10494,105.4194,309.86,0.36,0.57,2018-11-21,1854,N20,VIIRS,n,2,286.0,2.35,N,1,VIIRS_NOAA20_SP,2018-11-21 18:54:00,2018-11-22 01:54:00
-6.10063,105.42665,339.36,0.36,0.57,2018-11-21,1854,N20,VIIRS,n,2,288.56,4.74,N,1,VIIRS_NOAA20_SP,2018-11-21 18:54:00,2018-11-22 01:54:00
-6.10016,105.42338,327.05,0.36,0.57,2018-11-21,1854,N20,VIIRS,n,2,287.24,4.74,N,1,VIIRS_NOAA20_SP,2018-11-21 18:54:00,2018-11-22 01:54:00
-6.10207,105.42496,347.59,0.5,0.41,2018-11-22,642,N,VIIRS,n,2,295.04,16.64,D,1,VIIRS_SNPP_SP,2018-11-22 06:42:00,2018-11-22 13:42:00
-6.10604,105.42124,314.46,0.33,0.55,2018-11-22,1746,N,VIIRS,n,2,285.24,1.83,N,1,VIIRS_SNPP_SP,2018-11-22 17:46:00,2018-11-23 00:46:00
-6.1004,105.41907,304.91,0.33,0.55,2018-11-22,1746,N,VIIRS,n,2,284.8,1.75,N,1,VIIRS_SNPP_SP,2018-11-22 17:46:00,2018-11-23 00:46:00
-6.1042,105.42528,312.86,0.56,0.51,2018-11-24,1848,N,VIIRS,n,2,274.34,2.05,N,1,VIIRS_SNPP_SP,2018-11-24 18:48:00,2018-11-25 01:48:00
-6.1043,105.42348,312.63,0.44,0.38,2018-11-25,1830,N,VIIRS,n,2,290.75,2.45,N,1,VIIRS_SNPP_SP,2018-11-25 18:30:00,2018-11-26 01:30:00
-6.10516,105.41986,308.33,0.42,0.38,2018-11-26,1811,N,VIIRS,n,2,282.67,3.25,N,1,VIIRS_SNPP_SP,2018-11-26 18:11:00,2018-11-27 01:11:00
-6.1017,105.42042,324.25,0.42,0.38,2018-11-26,1811,N,VIIRS,n,2,289.69,3.19,N,1,VIIRS_SNPP_SP,2018-11-26 18:11:00,2018-11-27 01:11:00
-6.10754,105.41945,309.74,0.52,0.42,2018-11-22,1835,N20,VIIRS,n,2,289.17,3.99,N,1,VIIRS_NOAA20_SP,2018-11-22 18:35:00,2018-11-23 01:35:00
-6.10849,105.42117,313.0,0.39,0.36,2018-11-23,1816,N20,VIIRS,n,2,289.23,2.06,N,1,VIIRS_NOAA20_SP,2018-11-23 18:16:00,2018-11-24 01:16:00
-6.10518,105.42174,318.06,0.39,0.36,2018-11-23,1816,N20,VIIRS,n,2,289.58,2.06,N,1,VIIRS_NOAA20_SP,2018-11-23 18:16:00,2018-11-24 01:16:00
-6.10194,105.42095,330.09,0.41,0.45,2018-11-24,1757,N20,VIIRS,n,2,292.75,5.56,N,1,VIIRS_NOAA20_SP,2018-11-24 17:57:00,2018-11-25 00:57:00
-6.10458,105.42518,317.48,0.46,0.64,2018-11-26,1900,N20,VIIRS,n,2,291.87,2.52,N,1,VIIRS_NOAA20_SP,2018-11-26 19:00:00,2018-11-27 02:00:00
-6.10398,105.42093,307.21,0.46,0.64,2018-11-26,1900,N20,VIIRS,n,2,290.7,2.52,N,1,VIIRS_NOAA20_SP,2018-11-26 19:00:00,2018-11-27 02:00:00
-6.10344,105.42404,347.28,0.41,0.45,2018-11-27,648,N,VIIRS,n,2,306.31,16.89,D,1,VIIRS_SNPP_SP,2018-11-27 06:48:00,2018-11-27 13:48:00
-6.10733,105.42213,308.5,0.52,0.5,2018-11-27,1752,N,VIIRS,n,2,288.17,2.59,N,1,VIIRS_SNPP_SP,2018-11-27 17:52:00,2018-11-28 00:52:00
-6.10564,105.4229,336.47,0.39,0.36,2018-11-28,629,N,VIIRS,n,2,302.6,11.01,D,1,VIIRS_SNPP_SP,2018-11-28 06:29:00,2018-11-28 13:29:00
-6.1023,105.42238,342.01,0.39,0.36,2018-11-28,629,N,VIIRS,n,2,307.13,12.35,D,1,VIIRS_SNPP_SP,2018-11-28 06:29:00,2018-11-28 13:29:00
-6.09949,105.4184,331.67,0.39,0.36,2018-11-28,629,N,VIIRS,l,2,303.09,6.9,D,1,VIIRS_SNPP_SP,2018-11-28 06:29:00,2018-11-28 13:29:00
-6.10535,105.42231,328.19,0.52,0.41,2018-11-29,610,N,VIIRS,n,2,297.39,10.54,D,1,VIIRS_SNPP_SP,2018-11-29 06:10:00,2018-11-29 13:10:00
-6.10418,105.42408,350.73,0.55,0.68,2018-12-01,713,N,VIIRS,n,2,289.57,21.43,D,1,VIIRS_SNPP_SP,2018-12-01 07:13:00,2018-12-01 14:13:00
-6.10315,105.42969,356.89,0.55,0.68,2018-12-01,713,N,VIIRS,l,2,288.15,25.02,D,1,VIIRS_SNPP_SP,2018-12-01 07:13:00,2018-12-01 14:13:00
-6.10128,105.42561,367.0,0.55,0.68,2018-12-01,713,N,VIIRS,h,2,290.84,31.27,D,1,VIIRS_SNPP_SP,2018-12-01 07:13:00,2018-12-01 14:13:00
-6.10912,105.42286,312.0,0.39,0.36,2018-12-01,1817,N,VIIRS,n,2,295.5,3.39,N,1,VIIRS_SNPP_SP,2018-12-01 18:17:00,2018-12-02 01:17:00
-6.10579,105.4234,336.66,0.39,0.36,2018-12-01,1817,N,VIIRS,n,2,296.09,3.39,N,1,VIIRS_SNPP_SP,2018-12-01 18:17:00,2018-12-02 01:17:00
-6.10524,105.41992,317.34,0.39,0.36,2018-12-01,1817,N,VIIRS,n,2,293.19,3.39,N,1,VIIRS_SNPP_SP,2018-12-01 18:17:00,2018-12-02 01:17:00
-6.10618,105.42191,338.57,0.56,0.52,2018-11-27,557,N20,VIIRS,n,2,294.0,11.41,D,1,VIIRS_NOAA20_SP,2018-11-27 05:57:00,2018-11-27 12:57:00
-6.1073,105.42126,312.83,0.43,0.46,2018-11-27,1841,N20,VIIRS,n,2,291.61,2.5,N,1,VIIRS_NOAA20_SP,2018-11-27 18:41:00,2018-11-28 01:41:00
-6.10364,105.4257,309.77,0.43,0.46,2018-11-27,1841,N20,VIIRS,n,2,289.83,3.43,N,1,VIIRS_NOAA20_SP,2018-11-27 18:41:00,2018-11-28 01:41:00
-6.10306,105.42171,316.06,0.43,0.46,2018-11-27,1841,N20,VIIRS,n,2,289.87,2.5,N,1,VIIRS_NOAA20_SP,2018-11-27 18:41:00,2018-11-28 01:41:00
-6.10049,105.42089,329.41,0.39,0.36,2018-12-01,622,N20,VIIRS,n,2,296.98,7.41,D,1,VIIRS_NOAA20_SP,2018-12-01 06:22:00,2018-12-01 13:22:00
-6.10512,105.42567,332.17,0.59,0.7,2018-12-01,1906,N20,VIIRS,n,2,286.27,6.13,N,1,VIIRS_NOAA20_SP,2018-12-01 19:06:00,2018-12-02 02:06:00
-6.10451,105.42731,344.61,0.59,0.7,2018-12-01,1906,N20,VIIRS,n,2,287.08,9.89,N,1,VIIRS_NOAA20_SP,2018-12-01 19:06:00,2018-12-02 02:06:00
-6.10372,105.4217,316.82,0.59,0.7,2018-12-01,1906,N20,VIIRS,n,2,285.82,7.58,N,1,VIIRS_NOAA20_SP,2018-12-01 19:06:00,2018-12-02 02:06:00
-6.09874,105.42702,344.2,0.59,0.7,2018-12-01,1906,N20,VIIRS,n,2,286.53,6.13,N,1,VIIRS_NOAA20_SP,2018-12-01 19:06:00,2018-12-02 02:06:00
-6.10388,105.42487,347.81,0.53,0.5,2018-12-02,654,N,VIIRS,n,2,296.51,25.5,D,1,VIIRS_SNPP_SP,2018-12-02 06:54:00,2018-12-02 13:54:00
-6.10229,105.42355,344.68,0.52,0.5,2018-12-02,654,N,VIIRS,n,2,294.09,21.53,D,1,VIIRS_SNPP_SP,2018-12-02 06:54:00,2018-12-02 13:54:00
-6.10143,105.42854,334.93,0.53,0.5,2018-12-02,654,N,VIIRS,n,2,290.41,14.43,D,1,VIIRS_SNPP_SP,2018-12-02 06:54:00,2018-12-02 13:54:00
-6.10432,105.41489,301.53,0.42,0.61,2018-12-03,1739,N,VIIRS,n,2,272.68,2.25,N,3,VIIRS_SNPP_SP,2018-12-03 17:39:00,2018-12-04 00:39:00
-6.10296,105.419,319.8,0.42,0.61,2018-12-03,1739,N,VIIRS,n,2,272.73,3.39,N,1,VIIRS_SNPP_SP,2018-12-03 17:39:00,2018-12-04 00:39:00
-6.10217,105.41439,297.34,0.42,0.61,2018-12-03,1739,N,VIIRS,n,2,272.38,3.09,N,1,VIIRS_SNPP_SP,2018-12-03 17:39:00,2018-12-04 00:39:00
-6.10461,105.41858,329.91,0.44,0.46,2018-12-02,603,N20,VIIRS,n,2,285.0,4.86,D,1,VIIRS_NOAA20_SP,2018-12-02 06:03:00,2018-12-02 13:03:00
-6.10403,105.42272,336.15,0.44,0.46,2018-12-02,603,N20,VIIRS,n,2,284.81,4.86,D,1,VIIRS_NOAA20_SP,2018-12-02 06:03:00,2018-12-02 13:03:00
-6.104,105.42257,301.28,0.42,0.38,2018-12-04,1810,N20,VIIRS,n,2,269.62,1.76,N,1,VIIRS_NOAA20_SP,2018-12-04 18:10:00,2018-12-05 01:10:00
-6.10727,105.42133,308.12,0.39,0.36,2018-12-09,1816,N20,VIIRS,n,2,287.13,3.91,N,1,VIIRS_NOAA20_SP,2018-12-09 18:16:00,2018-12-10 01:16:00
-6.10395,105.42188,334.33,0.39,0.36,2018-12-09,1816,N20,VIIRS,n,2,291.23,3.91,N,1,VIIRS_NOAA20_SP,2018-12-09 18:16:00,2018-12-10 01:16:00
-6.10453,105.42377,344.35,0.41,0.45,2018-12-13,648,N,VIIRS,n,2,294.49,10.47,D,1,VIIRS_SNPP_SP,2018-12-13 06:48:00,2018-12-13 13:48:00
-6.10623,105.42357,302.54,0.43,0.46,2018-12-13,1841,N20,VIIRS,n,2,278.85,4.03,N,1,VIIRS_NOAA20_SP,2018-12-13 18:41:00,2018-12-14 01:41:00
-6.10276,105.42432,346.73,0.43,0.46,2018-12-13,1841,N20,VIIRS,n,2,282.23,7.29,N,1,VIIRS_NOAA20_SP,2018-12-13 18:41:00,2018-12-14 01:41:00
-6.10201,105.42408,346.55,0.43,0.46,2018-12-13,1841,N20,VIIRS,n,2,282.35,4.03,N,1,VIIRS_NOAA20_SP,2018-12-13 18:41:00,2018-12-14 01:41:00
-6.10785,105.42352,296.21,0.39,0.36,2018-12-17,1817,N,VIIRS,n,2,268.95,0.67,N,1,VIIRS_SNPP_SP,2018-12-17 18:17:00,2018-12-18 01:17:00
-6.10452,105.42405,302.56,0.39,0.36,2018-12-17,1817,N,VIIRS,n,2,264.23,0.67,N,1,VIIRS_SNPP_SP,2018-12-17 18:17:00,2018-12-18 01:17:00
-6.10397,105.42057,312.1,0.39,0.36,2018-12-17,1817,N,VIIRS,n,2,266.64,0.67,N,1,VIIRS_SNPP_SP,2018-12-17 18:17:00,2018-12-18 01:17:00
-6.10681,105.42129,313.59,0.41,0.45,2018-12-18,1758,N,VIIRS,n,2,283.29,2.96,N,1,VIIRS_SNPP_SP,2018-12-18 17:58:00,2018-12-19 00:58:00
-6.10272,105.42215,338.24,0.41,0.45,2018-12-18,1758,N,VIIRS,n,2,285.83,8.6,N,1,VIIRS_SNPP_SP,2018-12-18 17:58:00,2018-12-19 00:58:00
-6.10209,105.4183,331.04,0.41,0.45,2018-12-18,1758,N,VIIRS,n,2,281.32,8.77,N,1,VIIRS_SNPP_SP,2018-12-18 17:58:00,2018-12-19 00:58:00
-6.10172,105.42065,320.0,0.42,0.61,2018-12-19,1739,N,VIIRS,n,2,270.51,3.5,N,1,VIIRS_SNPP_SP,2018-12-19 17:39:00,2018-12-20 00:39:00
-6.10089,105.41583,333.04,0.42,0.61,2018-12-19,1739,N,VIIRS,n,2,270.86,5.86,N,1,VIIRS_SNPP_SP,2018-12-19 17:39:00,2018-12-20 00:39:00
-6.10683,105.42524,300.94,0.44,0.46,2018-12-21,1842,N,VIIRS,n,2,274.7,3.2,N,1,VIIRS_SNPP_SP,2018-12-21 18:42:00,2018-12-22 01:42:00
-6.10624,105.42122,304.27,0.44,0.46,2018-12-21,1842,N,VIIRS,n,2,276.94,3.91,N,1,VIIRS_SNPP_SP,2018-12-21 18:42:00,2018-12-22 01:42:00
-6.10315,105.42984,306.36,0.44,0.46,2018-12-21,1842,N,VIIRS,n,2,277.13,3.2,N,1,VIIRS_SNPP_SP,2018-12-21 18:42:00,2018-12-22 01:42:00
-6.10255,105.4258,341.94,0.44,0.46,2018-12-21,1842,N,VIIRS,n,2,281.4,3.2,N,1,VIIRS_SNPP_SP,2018-12-21 18:42:00,2018-12-22 01:42:00
-6.10195,105.4217,321.1,0.44,0.46,2018-12-21,1842,N,VIIRS,n,2,281.84,3.91,N,1,VIIRS_SNPP_SP,2018-12-21 18:42:00,2018-12-22 01:42:00
-6.10697,105.42282,331.6,0.39,0.36,2018-12-17,622,N20,VIIRS,l,2,303.9,7.71,D,1,VIIRS_NOAA20_SP,2018-12-17 06:22:00,2018-12-17 13:22:00
-6.10362,105.42236,338.78,0.39,0.36,2018-12-17,622,N20,VIIRS,n,2,307.0,10.05,D,1,VIIRS_NOAA20_SP,2018-12-17 06:22:00,2018-12-17 13:22:00
-6.10574,105.42532,303.54,0.55,0.51,2018-12-18,1847,N20,VIIRS,n,2,276.51,2.56,N,1,VIIRS_NOAA20_SP,2018-12-18 18:47:00,2018-12-19 01:47:00
-6.10275,105.42359,339.07,0.55,0.51,2018-12-18,1847,N20,VIIRS,n,2,278.41,10.5,N,1,VIIRS_NOAA20_SP,2018-12-18 18:47:00,2018-12-19 01:47:00
-6.10104,105.42591,339.53,0.55,0.51,2018-12-18,1847,N20,VIIRS,n,2,278.4,9.93,N,1,VIIRS_NOAA20_SP,2018-12-18 18:47:00,2018-12-19 01:47:00
-6.10624,105.42481,305.42,0.43,0.38,2018-12-19,1829,N20,VIIRS,n,2,277.74,1.03,N,1,VIIRS_NOAA20_SP,2018-12-19 18:29:00,2018-12-20 01:29:00
-6.10564,105.42085,302.6,0.43,0.38,2018-12-19,1829,N20,VIIRS,n,2,277.66,1.03,N,1,VIIRS_NOAA20_SP,2018-12-19 18:29:00,2018-12-20 01:29:00
-6.10274,105.42532,324.94,0.43,0.38,2018-12-19,1829,N20,VIIRS,n,2,281.08,4.44,N,1,VIIRS_NOAA20_SP,2018-12-19 18:29:00,2018-12-20 01:29:00
-6.10214,105.42137,332.54,0.43,0.38,2018-12-19,1829,N20,VIIRS,n,2,280.3,4.44,N,1,VIIRS_NOAA20_SP,2018-12-19 18:29:00,2018-12-20 01:29:00
-6.09925,105.42589,302.14,0.43,0.38,2018-12-19,1829,N20,VIIRS,n,2,277.09,4.44,N,1,VIIRS_NOAA20_SP,2018-12-19 18:29:00,2018-12-20 01:29:00
-6.09865,105.42194,302.62,0.43,0.38,2018-12-19,1829,N20,VIIRS,n,2,276.83,4.44,N,1,VIIRS_NOAA20_SP,2018-12-19 18:29:00,2018-12-20 01:29:00
-6.10507,105.4213,295.23,0.42,0.38,2018-12-20,1810,N20,VIIRS,n,2,263.8,0.69,N,1,VIIRS_NOAA20_SP,2018-12-20 18:10:00,2018-12-21 01:10:00
-6.1016,105.42187,313.42,0.42,0.38,2018-12-20,1810,N20,VIIRS,n,2,259.23,0.69,N,1,VIIRS_NOAA20_SP,2018-12-20 18:10:00,2018-12-21 01:10:00
-6.11049,105.41576,313.54,0.42,0.38,2018-12-28,1811,N,VIIRS,n,2,295.56,4.59,N,3,VIIRS_SNPP_SP,2018-12-28 18:11:00,2018-12-29 01:11:00
-6.10988,105.41196,309.68,0.42,0.38,2018-12-28,1811,N,VIIRS,n,2,292.89,2.94,N,3,VIIRS_SNPP_SP,2018-12-28 18:11:00,2018-12-29 01:11:00
-6.10704,105.4164,315.42,0.42,0.38,2018-12-28,1811,N,VIIRS,n,2,295.61,3.54,N,3,VIIRS_SNPP_SP,2018-12-28 18:11:00,2018-12-29 01:11:00
-6.10641,105.41251,323.06,0.42,0.38,2018-12-28,1811,N,VIIRS,n,2,298.63,4.7,N,3,VIIRS_SNPP_SP,2018-12-28 18:11:00,2018-12-29 01:11:00
-6.10421,105.42085,325.3,0.42,0.38,2018-12-28,1811,N,VIIRS,n,2,296.09,3.54,N,1,VIIRS_SNPP_SP,2018-12-28 18:11:00,2018-12-29 01:11:00
-6.10359,105.41699,327.55,0.42,0.38,2018-12-28,1811,N,VIIRS,n,2,298.84,3.54,N,1,VIIRS_SNPP_SP,2018-12-28 18:11:00,2018-12-29 01:11:00
-6.10295,105.41308,325.12,0.42,0.38,2018-12-28,1811,N,VIIRS,n,2,299.5,4.7,N,3,VIIRS_SNPP_SP,2018-12-28 18:11:00,2018-12-29 01:11:00
-6.10454,105.41875,309.53,0.46,0.63,2018-12-28,1900,N20,VIIRS,n,2,287.87,3.02,N,1,VIIRS_NOAA20_SP,2018-12-28 19:00:00,2018-12-29 02:00:00
-6.1043,105.42014,308.09,0.46,0.64,2018-12-28,1900,N20,VIIRS,n,2,287.36,3.06,N,1,VIIRS_NOAA20_SP,2018-12-28 19:00:00,2018-12-29 02:00:00
-6.10408,105.41554,315.32,0.46,0.63,2018-12-28,1900,N20,VIIRS,n,2,289.53,2.65,N,1,VIIRS_NOAA20_SP,2018-12-28 19:00:00,2018-12-29 02:00:00
-6.10382,105.4166,312.59,0.46,0.63,2018-12-28,1900,N20,VIIRS,n,2,288.86,2.82,N,1,VIIRS_NOAA20_SP,2018-12-28 19:00:00,2018-12-29 02:00:00
-6.1035,105.41142,314.8,0.46,0.63,2018-12-28,1900,N20,VIIRS,n,2,289.34,2.65,N,1,VIIRS_NOAA20_SP,2018-12-28 19:00:00,2018-12-29 02:00:00
-6.10333,105.41299,316.76,0.46,0.63,2018-12-28,1900,N20,VIIRS,n,2,289.56,2.82,N,1,VIIRS_NOAA20_SP,2018-12-28 19:00:00,2018-12-29 02:00:00
-6.10277,105.40886,307.77,0.46,0.63,2018-12-28,1900,N20,VIIRS,n,2,286.97,5.07,N,3,VIIRS_NOAA20_SP,2018-12-28 19:00:00,2018-12-29 02:00:00
-6.09873,105.41961,309.5,0.46,0.63,2018-12-28,1900,N20,VIIRS,n,2,287.91,3.02,N,1,VIIRS_NOAA20_SP,2018-12-28 19:00:00,2018-12-29 02:00:00
-6.0985,105.42113,306.14,0.46,0.64,2018-12-28,1900,N20,VIIRS,n,2,287.71,3.06,N,1,VIIRS_NOAA20_SP,2018-12-28 19:00:00,2018-12-29 02:00:00
-6.09826,105.41634,306.39,0.46,0.63,2018-12-28,1900,N20,VIIRS,n,2,287.38,2.65,N,1,VIIRS_NOAA20_SP,2018-12-28 19:00:00,2018-12-29 02:00:00
-6.098,105.41747,307.14,0.46,0.63,2018-12-28,1900,N20,VIIRS,n,2,287.54,2.82,N,1,VIIRS_NOAA20_SP,2018-12-28 19:00:00,2018-12-29 02:00:00
-6.09767,105.41223,308.32,0.46,0.63,2018-12-28,1900,N20,VIIRS,n,2,288.14,2.65,N,1,VIIRS_NOAA20_SP,2018-12-28 19:00:00,2018-12-29 02:00:00
-6.09751,105.4138,308.32,0.46,0.63,2018-12-28,1900,N20,VIIRS,n,2,288.45,2.82,N,1,VIIRS_NOAA20_SP,2018-12-28 19:00:00,2018-12-29 02:00:00
-6.10309,105.4232,315.86,0.43,0.38,2019-01-04,1829,N20,VIIRS,n,2,300.64,3.5,N,1,VIIRS_NOAA20_SP,2019-01-04 18:29:00,2019-01-05 01:29:00
-6.10249,105.41932,319.6,0.43,0.38,2019-01-04,1829,N20,VIIRS,n,2,299.51,3.5,N,1,VIIRS_NOAA20_SP,2019-01-04 18:29:00,2019-01-05 01:29:00
-6.09899,105.41988,312.6,0.43,0.38,2019-01-04,1829,N20,VIIRS,n,2,298.81,3.5,N,1,VIIRS_NOAA20_SP,2019-01-04 18:29:00,2019-01-05 01:29:00
-6.10182,105.42014,304.76,0.52,0.42,2019-01-09,1835,N20,VIIRS,n,2,277.92,2.75,N,1,VIIRS_NOAA20_SP,2019-01-09 18:35:00,2019-01-10 01:35:00
-6.10123,105.41872,308.52,0.56,0.51,2019-02-04,1848,N20,VIIRS,n,2,293.86,7.04,N,1,VIIRS_NOAA20_SP,2019-02-04 18:48:00,2019-02-05 01:48:00
-6.10431,105.42341,311.5,0.42,0.38,2019-04-03,1810,N,VIIRS,n,2,295.71,3.99,N,1,VIIRS_SNPP_SP,2019-04-03 18:10:00,2019-04-04 01:10:00
-6.10307,105.42231,312.85,0.42,0.45,2019-04-09,1757,N,VIIRS,n,2,291.92,3.91,N,1,VIIRS_SNPP_SP,2019-04-09 17:57:00,2019-04-10 00:57:00
-6.10215,105.42272,315.01,0.41,0.45,2019-04-17,1758,N20,VIIRS,n,2,294.15,4.16,N,1,VIIRS_NOAA20_SP,2019-04-17 17:58:00,2019-04-18 00:58:00
-6.10373,105.42149,298.98,0.42,0.38,2019-04-27,1810,N20,VIIRS,n,2,275.75,1.35,N,1,VIIRS_NOAA20_SP,2019-04-27 18:10:00,2019-04-28 01:10:00
-6.10221,105.42205,319.11,0.43,0.38,2019-05-04,1829,N,VIIRS,n,2,300.59,4.7,N,1,VIIRS_SNPP_SP,2019-05-04 18:29:00,2019-05-05 01:29:00
-6.10219,105.42141,315.38,0.52,0.42,2019-05-01,1836,N20,VIIRS,n,2,296.88,4.25,N,1,VIIRS_NOAA20_SP,2019-05-01 18:36:00,2019-05-02 01:36:00
-6.10208,105.42348,317.81,0.41,0.45,2019-05-03,1758,N20,VIIRS,n,2,300.81,3.6,N,1,VIIRS_NOAA20_SP,2019-05-03 17:58:00,2019-05-04 00:58:00
-6.10421,105.42188,307.25,0.35,0.57,2019-05-08,1854,N,VIIRS,n,2,288.73,2.61,N,1,VIIRS_SNPP_SP,2019-05-08 18:54:00,2019-05-09 01:54:00
-6.10272,105.4209,311.91,0.43,0.38,2019-05-20,1829,N,VIIRS,n,2,286.26,4.43,N,1,VIIRS_SNPP_SP,2019-05-20 18:29:00,2019-05-21 01:29:00
-6.10261,105.42142,309.12,0.41,0.45,2019-05-19,1758,N20,VIIRS,n,2,290.03,4.38,N,1,VIIRS_NOAA20_SP,2019-05-19 17:58:00,2019-05-20 00:58:00
-6.10401,105.42378,314.24,0.42,0.38,2019-05-21,1810,N,VIIRS,n,2,297.63,3.39,N,1,VIIRS_SNPP_SP,2019-05-21 18:10:00,2019-05-22 01:10:00
-6.1034,105.41995,311.05,0.42,0.38,2019-05-21,1810,N,VIIRS,n,2,296.76,3.39,N,1,VIIRS_SNPP_SP,2019-05-21 18:10:00,2019-05-22 01:10:00
-6.1009,105.42093,308.84,0.35,0.57,2019-05-24,1854,N,VIIRS,n,2,292.43,2.18,N,1,VIIRS_SNPP_SP,2019-05-24 18:54:00,2019-05-25 01:54:00
-6.10213,105.42371,316.54,0.5,0.41,2019-05-24,1804,N20,VIIRS,n,2,300.14,4.13,N,1,VIIRS_NOAA20_SP,2019-05-24 18:04:00,2019-05-25 01:04:00
-6.10367,105.4214,313.13,0.41,0.45,2019-05-27,1758,N,VIIRS,n,2,294.83,4.89,N,1,VIIRS_SNPP_SP,2019-05-27 17:58:00,2019-05-28 00:58:00
-6.10166,105.42124,309.93,0.41,0.45,2019-05-27,1758,N,VIIRS,n,2,294.59,5.09,N,1,VIIRS_SNPP_SP,2019-05-27 17:58:00,2019-05-28 00:58:00
-6.10388,105.42105,311.88,0.39,0.36,2019-05-31,1823,N,VIIRS,n,2,295.43,3.79,N,1,VIIRS_SNPP_SP,2019-05-31 18:23:00,2019-06-01 01:23:00
-6.10299,105.42196,310.39,0.55,0.51,2019-06-04,1848,N,VIIRS,n,2,291.79,3.67,N,1,VIIRS_SNPP_SP,2019-06-04 18:48:00,2019-06-05 01:48:00
-6.10153,105.4218,312.71,0.41,0.45,2019-06-04,1758,N20,VIIRS,n,2,294.11,3.43,N,1,VIIRS_NOAA20_SP,2019-06-04 17:58:00,2019-06-05 00:58:00
-6.1036,105.42152,308.96,0.39,0.36,2019-06-08,1823,N20,VIIRS,n,2,284.92,1.65,N,1,VIIRS_NOAA20_SP,2019-06-08 18:23:00,2019-06-09 01:23:00
-6.10254,105.42275,314.71,0.42,0.38,2019-06-14,1810,N20,VIIRS,n,2,294.27,4.51,N,1,VIIRS_NOAA20_SP,2019-06-14 18:10:00,2019-06-15 01:10:00
-6.10227,105.42117,317.3,0.39,0.36,2019-06-16,1823,N,VIIRS,n,2,299.0,3.47,N,1,VIIRS_SNPP_SP,2019-06-16 18:23:00,2019-06-17 01:23:00
-6.1036,105.42399,311.4,0.5,0.41,2019-06-17,1804,N,VIIRS,n,2,298.07,5.39,N,1,VIIRS_SNPP_SP,2019-06-17 18:04:00,2019-06-18 01:04:00
-6.10288,105.42182,314.01,0.5,0.41,2019-06-17,1804,N,VIIRS,n,2,300.11,5.5,N,1,VIIRS_SNPP_SP,2019-06-17 18:04:00,2019-06-18 01:04:00
-6.10422,105.42329,311.95,0.33,0.55,2019-06-18,1745,N,VIIRS,n,2,296.53,2.63,N,1,VIIRS_SNPP_SP,2019-06-18 17:45:00,2019-06-19 00:45:00
-6.10248,105.42104,314.83,0.55,0.51,2019-06-20,1848,N,VIIRS,n,2,298.73,3.7,N,1,VIIRS_SNPP_SP,2019-06-20 18:48:00,2019-06-21 01:48:00
-6.1023,105.42236,312.55,0.55,0.51,2019-06-20,1848,N,VIIRS,n,2,298.01,4.23,N,1,VIIRS_SNPP_SP,2019-06-20 18:48:00,2019-06-21 01:48:00
-6.10388,105.42078,314.97,0.44,0.38,2019-06-21,1829,N,VIIRS,n,2,295.68,5.96,N,1,VIIRS_SNPP_SP,2019-06-21 18:29:00,2019-06-22 01:29:00
-6.10424,105.422,303.09,0.42,0.38,2019-06-22,1810,N,VIIRS,n,2,275.34,1.81,N,1,VIIRS_SNPP_SP,2019-06-22 18:10:00,2019-06-23 01:10:00
-6.10153,105.42253,320.78,0.44,0.46,2019-06-23,1842,N20,VIIRS,n,2,304.85,3.66,N,1,VIIRS_NOAA20_SP,2019-06-23 18:42:00,2019-06-24 01:42:00
-6.1034,105.42086,313.22,0.39,0.36,2019-06-24,1823,N20,VIIRS,n,2,300.63,3.27,N,1,VIIRS_NOAA20_SP,2019-06-24 18:23:00,2019-06-25 01:23:00
-6.1009,105.42127,314.43,0.52,0.42,2019-06-26,1836,N,VIIRS,n,2,300.3,5.21,N,1,VIIRS_SNPP_SP,2019-06-26 18:36:00,2019-06-27 01:36:00
-6.10196,105.42158,321.9,0.39,0.36,2019-06-27,1817,N,VIIRS,n,2,304.31,3.44,N,1,VIIRS_SNPP_SP,2019-06-27 18:17:00,2019-06-28 01:17:00
-6.10147,105.42204,320.36,0.5,0.41,2019-06-25,1804,N20,VIIRS,n,2,303.59,5.61,N,1,VIIRS_NOAA20_SP,2019-06-25 18:04:00,2019-06-26 01:04:00
-6.09981,105.42464,308.72,0.34,0.56,2019-06-26,1745,N20,VIIRS,n,2,295.26,2.72,N,1,VIIRS_NOAA20_SP,2019-06-26 17:45:00,2019-06-27 00:45:00
-6.10187,105.42155,307.87,0.56,0.51,2019-06-28,1848,N20,VIIRS,n,2,295.73,3.41,N,1,VIIRS_NOAA20_SP,2019-06-28 18:48:00,2019-06-29 01:48:00
-6.10244,105.42048,309.48,0.52,0.42,2019-07-04,1835,N20,VIIRS,n,2,291.27,4.76,N,1,VIIRS_NOAA20_SP,2019-07-04 18:35:00,2019-07-05 01:35:00
-6.10195,105.42306,313.67,0.52,0.42,2019-07-04,1835,N20,VIIRS,n,2,294.51,5.42,N,1,VIIRS_NOAA20_SP,2019-07-04 18:35:00,2019-07-05 01:35:00
-6.10147,105.4243,312.99,0.39,0.36,2019-07-05,1816,N20,VIIRS,n,2,297.1,3.83,N,1,VIIRS_NOAA20_SP,2019-07-05 18:16:00,2019-07-06 01:16:00
-6.10092,105.42081,310.27,0.39,0.36,2019-07-05,1816,N20,VIIRS,n,2,295.52,3.66,N,1,VIIRS_NOAA20_SP,2019-07-05 18:16:00,2019-07-06 01:16:00
-6.10309,105.42163,307.6,0.41,0.45,2019-07-06,1757,N20,VIIRS,n,2,292.59,4.62,N,1,VIIRS_NOAA20_SP,2019-07-06 17:57:00,2019-07-07 00:57:00
-6.10367,105.42294,311.06,0.43,0.46,2019-07-09,1841,N20,VIIRS,n,2,296.54,3.23,N,1,VIIRS_NOAA20_SP,2019-07-09 18:41:00,2019-07-10 01:41:00
-6.10316,105.42032,315.58,0.52,0.42,2019-07-12,1836,N,VIIRS,n,2,301.21,4.8,N,1,VIIRS_SNPP_SP,2019-07-12 18:36:00,2019-07-13 01:36:00
-6.10196,105.42329,315.53,0.52,0.42,2019-07-12,1836,N,VIIRS,n,2,302.74,5.2,N,1,VIIRS_SNPP_SP,2019-07-12 18:36:00,2019-07-13 01:36:00
-6.10216,105.4242,311.19,0.41,0.45,2019-07-14,1758,N,VIIRS,n,2,298.28,4.15,N,1,VIIRS_SNPP_SP,2019-07-14 17:58:00,2019-07-15 00:58:00
-6.10233,105.42156,319.49,0.39,0.36,2019-07-10,1823,N20,VIIRS,n,2,304.26,4.05,N,1,VIIRS_NOAA20_SP,2019-07-10 18:23:00,2019-07-11 01:23:00
-6.10291,105.42221,314.41,0.5,0.41,2019-07-11,1804,N20,VIIRS,n,2,300.52,3.39,N,1,VIIRS_NOAA20_SP,2019-07-11 18:04:00,2019-07-12 01:04:00
-6.10147,105.42424,311.8,0.34,0.56,2019-07-12,1745,N20,VIIRS,n,2,299.13,1.46,N,1,VIIRS_NOAA20_SP,2019-07-12 17:45:00,2019-07-13 00:45:00
-6.10094,105.42117,308.53,0.34,0.56,2019-07-12,1745,N20,VIIRS,n,2,295.54,1.46,N,1,VIIRS_NOAA20_SP,2019-07-12 17:45:00,2019-07-13 00:45:00
-6.10462,105.4237,310.63,0.39,0.36,2019-07-18,1823,N,VIIRS,n,2,297.91,5.44,N,1,VIIRS_SNPP_SP,2019-07-18 18:23:00,2019-07-19 01:23:00
-6.10176,105.42091,317.18,0.43,0.38,2019-07-15,1829,N20,VIIRS,n,2,302.93,4.57,N,1,VIIRS_NOAA20_SP,2019-07-15 18:29:00,2019-07-16 01:29:00
-6.10416,105.42191,313.92,0.39,0.36,2019-07-21,1816,N20,VIIRS,n,2,296.7,2.55,N,1,VIIRS_NOAA20_SP,2019-07-21 18:16:00,2019-07-22 01:16:00
-6.10084,105.42243,319.85,0.39,0.36,2019-07-21,1816,N20,VIIRS,n,2,299.83,2.55,N,1,VIIRS_NOAA20_SP,2019-07-21 18:16:00,2019-07-22 01:16:00
-6.10363,105.42236,313.03,0.41,0.45,2019-07-22,1757,N20,VIIRS,n,2,297.67,4.39,N,1,VIIRS_NOAA20_SP,2019-07-22 17:57:00,2019-07-23 00:57:00
-6.10159,105.42256,311.9,0.36,0.57,2019-07-27,1855,N,VIIRS,n,2,295.41,2.9,N,1,VIIRS_SNPP_SP,2019-07-27 18:55:00,2019-07-28 01:55:00
-6.10321,105.42271,321.47,0.52,0.42,2019-07-28,1836,N,VIIRS,n,2,303.07,4.02,N,1,VIIRS_SNPP_SP,2019-07-28 18:36:00,2019-07-29 01:36:00
-6.10196,105.42179,305.87,0.39,0.36,2019-07-29,1817,N,VIIRS,n,2,273.61,1.23,N,1,VIIRS_SNPP_SP,2019-07-29 18:17:00,2019-07-30 01:17:00
-6.1044,105.4208,307.74,0.43,0.46,2019-07-25,1841,N20,VIIRS,n,2,295.78,2.91,N,1,VIIRS_NOAA20_SP,2019-07-25 18:41:00,2019-07-26 01:41:00
-6.1002,105.42149,313.02,0.43,0.46,2019-07-25,1841,N20,VIIRS,n,2,298.47,2.91,N,1,VIIRS_NOAA20_SP,2019-07-25 18:41:00,2019-07-26 01:41:00
-6.10174,105.42297,325.73,0.39,0.36,2019-07-26,1822,N20,VIIRS,n,2,308.01,4.7,N,1,VIIRS_NOAA20_SP,2019-07-26 18:22:00,2019-07-27 01:22:00
-6.10131,105.42255,322.49,0.5,0.41,2019-07-27,1804,N20,VIIRS,n,2,303.72,4.55,N,1,VIIRS_NOAA20_SP,2019-07-27 18:04:00,2019-07-28 01:04:00
-6.1017,105.42443,311.61,0.41,0.45,2019-07-30,1758,N,VIIRS,n,2,299.06,4.68,N,1,VIIRS_SNPP_SP,2019-07-30 17:58:00,2019-07-31 00:58:00
-6.10178,105.42265,314.69,0.55,0.51,2019-07-30,1847,N20,VIIRS,n,2,298.56,3.67,N,1,VIIRS_NOAA20_SP,2019-07-30 18:47:00,2019-07-31 01:47:00
-6.10245,105.42298,322.34,0.43,0.38,2019-07-31,1829,N20,VIIRS,n,2,305.24,4.76,N,1,VIIRS_NOAA20_SP,2019-07-31 18:29:00,2019-08-01 01:29:00
-6.10246,105.42081,316.87,0.42,0.38,2019-08-09,1811,N,VIIRS,n,2,300.08,3.87,N,1,VIIRS_SNPP_SP,2019-08-09 18:11:00,2019-08-10 01:11:00
-6.10453,105.42069,309.6,0.52,0.42,2019-08-13,1836,N,VIIRS,n,2,296.51,4.23,N,1,VIIRS_SNPP_SP,2019-08-13 18:36:00,2019-08-14 01:36:00
-6.1007,105.4213,312.44,0.52,0.42,2019-08-13,1836,N,VIIRS,n,2,298.77,3.83,N,1,VIIRS_SNPP_SP,2019-08-13 18:36:00,2019-08-14 01:36:00
-6.10132,105.42213,308.36,0.43,0.46,2019-08-10,1841,N20,VIIRS,n,2,283.21,1.82,N,1,VIIRS_NOAA20_SP,2019-08-10 18:41:00,2019-08-11 01:41:00
-6.10217,105.42252,325.93,0.39,0.36,2019-08-11,1822,N20,VIIRS,n,2,311.55,4.28,N,1,VIIRS_NOAA20_SP,2019-08-11 18:22:00,2019-08-12 01:22:00
-6.10379,105.42202,323.52,0.39,0.36,2019-08-14,1817,N,VIIRS,n,2,302.47,3.73,N,1,VIIRS_SNPP_SP,2019-08-14 18:17:00,2019-08-15 01:17:00
-6.10352,105.42221,316.77,0.43,0.46,2019-08-18,1842,N,VIIRS,n,2,300.55,2.65,N,1,VIIRS_SNPP_SP,2019-08-18 18:42:00,2019-08-19 01:42:00
-6.10207,105.42414,316.51,0.43,0.38,2019-08-17,1810,N20,VIIRS,n,2,301.22,2.93,N,1,VIIRS_NOAA20_SP,2019-08-17 18:10:00,2019-08-18 01:10:00
-6.10146,105.42033,311.46,0.43,0.38,2019-08-17,1810,N20,VIIRS,n,2,297.51,2.59,N,1,VIIRS_NOAA20_SP,2019-08-17 18:10:00,2019-08-18 01:10:00
-6.10087,105.42215,315.44,0.53,0.5,2019-08-18,1751,N20,VIIRS,n,2,300.11,4.08,N,1,VIIRS_NOAA20_SP,2019-08-18 17:51:00,2019-08-19 00:51:00
-6.10195,105.42085,321.18,0.39,0.36,2019-08-19,1823,N,VIIRS,n,2,306.96,4.97,N,1,VIIRS_SNPP_SP,2019-08-19 18:23:00,2019-08-20 01:23:00
-6.10227,105.42258,321.02,0.5,0.41,2019-08-20,1804,N,VIIRS,n,2,303.93,3.89,N,1,VIIRS_SNPP_SP,2019-08-20 18:04:00,2019-08-21 01:04:00
-6.10205,105.4203,312.87,0.5,0.41,2019-08-20,1804,N,VIIRS,n,2,299.56,4.06,N,1,VIIRS_SNPP_SP,2019-08-20 18:04:00,2019-08-21 01:04:00
-6.1015,105.42152,318.32,0.52,0.41,2019-08-21,1835,N20,VIIRS,n,2,294.49,3.75,N,1,VIIRS_NOAA20_SP,2019-08-21 18:35:00,2019-08-22 01:35:00
-6.10022,105.42122,311.25,0.39,0.36,2019-08-22,1816,N20,VIIRS,n,2,296.27,3.44,N,1,VIIRS_NOAA20_SP,2019-08-22 18:16:00,2019-08-23 01:16:00
-6.10223,105.42253,319.4,0.42,0.45,2019-08-23,1757,N20,VIIRS,n,2,298.48,5.08,N,1,VIIRS_NOAA20_SP,2019-08-23 17:57:00,2019-08-24 00:57:00
-6.10015,105.42122,309.92,0.42,0.45,2019-08-23,1757,N20,VIIRS,n,2,295.07,6.12,N,1,VIIRS_NOAA20_SP,2019-08-23 17:57:00,2019-08-24 00:57:00
-6.10271,105.42162,324.66,0.44,0.38,2019-08-24,1829,N,VIIRS,n,2,304.77,4.58,N,1,VIIRS_SNPP_SP,2019-08-24 18:29:00,2019-08-25 01:29:00
-6.10173,105.42157,315.39,0.42,0.38,2019-08-25,1811,N,VIIRS,n,2,299.3,3.2,N,1,VIIRS_SNPP_SP,2019-08-25 18:11:00,2019-08-26 01:11:00
-6.10405,105.42413,311.76,0.39,0.36,2019-08-30,1817,N,VIIRS,n,2,300.71,2.02,N,1,VIIRS_SNPP_SP,2019-08-30 18:17:00,2019-08-31 01:17:00
-6.1035,105.42065,314.67,0.39,0.36,2019-08-30,1817,N,VIIRS,n,2,302.09,2.02,N,1,VIIRS_SNPP_SP,2019-08-30 18:17:00,2019-08-31 01:17:00
-6.10262,105.42326,320.08,0.41,0.45,2019-08-31,1758,N,VIIRS,n,2,302.38,4.66,N,1,VIIRS_SNPP_SP,2019-08-31 17:58:00,2019-09-01 00:58:00
-6.10045,105.42154,308.95,0.34,0.56,2019-08-29,1744,N20,VIIRS,n,2,290.14,2.08,N,1,VIIRS_NOAA20_SP,2019-08-29 17:44:00,2019-08-30 00:44:00
-6.10231,105.42086,314.88,0.55,0.51,2019-08-31,1847,N20,VIIRS,n,2,297.97,3.61,N,1,VIIRS_NOAA20_SP,2019-08-31 18:47:00,2019-09-01 01:47:00
-6.1021,105.42195,329.37,0.43,0.38,2019-09-01,1828,N20,VIIRS,n,2,305.78,4.3,N,1,VIIRS_NOAA20_SP,2019-09-01 18:28:00,2019-09-02 01:28:00
-6.1031,105.42214,311.68,0.43,0.38,2019-09-02,1810,N20,VIIRS,n,2,289.73,2.86,N,1,VIIRS_NOAA20_SP,2019-09-02 18:10:00,2019-09-03 01:10:00
-6.10147,105.42316,310.95,0.43,0.46,2019-09-03,1842,N,VIIRS,n,2,298.39,4.12,N,1,VIIRS_SNPP_SP,2019-09-03 18:42:00,2019-09-04 01:42:00
-6.10226,105.42236,321.89,0.5,0.41,2019-09-05,1804,N,VIIRS,n,2,307.45,4.07,N,1,VIIRS_SNPP_SP,2019-09-05 18:04:00,2019-09-06 01:04:00
-6.10247,105.42171,316.29,0.33,0.55,2019-09-06,1746,N,VIIRS,n,2,301.06,2.97,N,1,VIIRS_SNPP_SP,2019-09-06 17:46:00,2019-09-07 00:46:00
-6.10216,105.42065,310.74,0.53,0.5,2019-09-03,1751,N20,VIIRS,n,2,297.52,2.97,N,1,VIIRS_NOAA20_SP,2019-09-03 17:51:00,2019-09-04 00:51:00
-6.10261,105.42348,315.68,0.52,0.41,2019-09-06,1835,N20,VIIRS,n,2,303.76,3.48,N,1,VIIRS_NOAA20_SP,2019-09-06 18:35:00,2019-09-07 01:35:00
-6.10278,105.42404,317.41,0.39,0.36,2019-09-07,1816,N20,VIIRS,n,2,303.63,3.91,N,1,VIIRS_NOAA20_SP,2019-09-07 18:16:00,2019-09-08 01:16:00
-6.10291,105.42417,315.09,0.43,0.38,2019-09-09,1829,N,VIIRS,n,2,300.28,2.62,N,1,VIIRS_SNPP_SP,2019-09-09 18:29:00,2019-09-10 01:29:00
-6.10231,105.42024,315.35,0.43,0.38,2019-09-09,1829,N,VIIRS,n,2,300.51,3.63,N,1,VIIRS_SNPP_SP,2019-09-09 18:29:00,2019-09-10 01:29:00
-6.10206,105.42326,322.71,0.42,0.38,2019-09-10,1811,N,VIIRS,n,2,308.98,3.75,N,1,VIIRS_SNPP_SP,2019-09-10 18:11:00,2019-09-11 01:11:00
-6.10174,105.42226,330.68,0.39,0.36,2019-09-12,1822,N20,VIIRS,n,2,315.35,3.93,N,1,VIIRS_NOAA20_SP,2019-09-12 18:22:00,2019-09-13 01:22:00
-6.10235,105.42017,313.46,0.52,0.41,2019-09-14,1836,N,VIIRS,n,2,301.17,3.82,N,1,VIIRS_SNPP_SP,2019-09-14 18:36:00,2019-09-15 01:36:00
-6.10392,105.42426,314.42,0.39,0.36,2019-09-15,1817,N,VIIRS,n,2,300.03,2.44,N,1,VIIRS_SNPP_SP,2019-09-15 18:17:00,2019-09-16 01:17:00
-6.10337,105.42077,317.93,0.39,0.36,2019-09-15,1817,N,VIIRS,n,2,301.44,2.44,N,1,VIIRS_SNPP_SP,2019-09-15 18:17:00,2019-09-16 01:17:00
-6.10121,105.42104,316.78,0.5,0.41,2019-09-13,1803,N20,VIIRS,n,2,304.87,5.44,N,1,VIIRS_NOAA20_SP,2019-09-13 18:03:00,2019-09-14 01:03:00
-6.10095,105.42197,313.4,0.43,0.38,2019-09-17,1828,N20,VIIRS,n,2,297.76,2.48,N,1,VIIRS_NOAA20_SP,2019-09-17 18:28:00,2019-09-18 01:28:00
-6.10367,105.42117,311.3,0.43,0.46,2019-09-19,1842,N,VIIRS,n,2,298.83,3.88,N,1,VIIRS_SNPP_SP,2019-09-19 18:42:00,2019-09-20 01:42:00
-6.10169,105.42033,312.01,0.52,0.41,2019-09-22,1835,N20,VIIRS,n,2,299.42,3.97,N,1,VIIRS_NOAA20_SP,2019-09-22 18:35:00,2019-09-23 01:35:00
-6.10415,105.42122,314.12,0.43,0.38,2019-09-25,1829,N,VIIRS,n,2,298.58,3.59,N,1,VIIRS_SNPP_SP,2019-09-25 18:29:00,2019-09-26 01:29:00
-6.1026,105.42307,311.5,0.52,0.5,2019-09-27,1752,N,VIIRS,n,2,297.31,3.47,N,1,VIIRS_SNPP_SP,2019-09-27 17:52:00,2019-09-28 00:52:00
-6.10212,105.42314,312.2,0.42,0.45,2019-09-24,1757,N20,VIIRS,n,2,298.13,2.91,N,1,VIIRS_NOAA20_SP,2019-09-24 17:57:00,2019-09-25 00:57:00
-6.10167,105.4202,312.87,0.43,0.46,2019-09-27,1841,N20,VIIRS,n,2,297.95,3.14,N,1,VIIRS_NOAA20_SP,2019-09-27 18:41:00,2019-09-28 01:41:00
-6.10099,105.41997,311.85,0.43,0.46,2019-09-27,1841,N20,VIIRS,n,2,297.38,2.56,N,1,VIIRS_NOAA20_SP,2019-09-27 18:41:00,2019-09-28 01:41:00
-6.10334,105.42189,313.29,0.39,0.36,2019-10-01,1817,N,VIIRS,n,2,291.96,1.67,N,1,VIIRS_SNPP_SP,2019-10-01 18:17:00,2019-10-02 01:17:00
-6.10278,105.42145,316.11,0.5,0.41,2019-10-07,1804,N,VIIRS,n,2,297.63,4.46,N,1,VIIRS_SNPP_SP,2019-10-07 18:04:00,2019-10-08 01:04:00
-6.10222,105.42032,314.23,0.43,0.38,2019-10-03,1828,N20,VIIRS,n,2,296.74,3.01,N,1,VIIRS_NOAA20_SP,2019-10-03 18:28:00,2019-10-04 01:28:00
-6.10085,105.42188,317.22,0.42,0.38,2019-10-04,1810,N20,VIIRS,n,2,297.39,4.09,N,1,VIIRS_NOAA20_SP,2019-10-04 18:10:00,2019-10-05 01:10:00
-6.10341,105.42097,301.18,0.42,0.38,2019-10-12,1811,N,VIIRS,n,2,272.94,1.93,N,1,VIIRS_SNPP_SP,2019-10-12 18:11:00,2019-10-13 01:11:00
-6.10159,105.42351,310.36,0.52,0.41,2019-10-08,1835,N20,VIIRS,n,2,296.12,4.66,N,1,VIIRS_NOAA20_SP,2019-10-08 18:35:00,2019-10-09 01:35:00
-6.10207,105.42146,313.39,0.39,0.36,2019-10-09,1816,N20,VIIRS,n,2,287.67,2.0,N,1,VIIRS_NOAA20_SP,2019-10-09 18:16:00,2019-10-10 01:16:00
-6.10053,105.42246,316.02,0.41,0.45,2019-10-10,1757,N20,VIIRS,n,2,296.45,3.86,N,1,VIIRS_NOAA20_SP,2019-10-10 17:57:00,2019-10-11 00:57:00
-6.10357,105.42175,315.19,0.39,0.36,2019-10-17,1817,N,VIIRS,n,2,301.56,2.92,N,1,VIIRS_SNPP_SP,2019-10-17 18:17:00,2019-10-18 01:17:00
-6.10267,105.42151,318.3,0.39,0.36,2019-10-14,1822,N20,VIIRS,n,2,303.01,3.18,N,1,VIIRS_NOAA20_SP,2019-10-14 18:22:00,2019-10-15 01:22:00
-6.10241,105.42156,314.7,0.5,0.41,2019-10-15,1803,N20,VIIRS,n,2,297.54,4.24,N,1,VIIRS_NOAA20_SP,2019-10-15 18:03:00,2019-10-16 01:03:00
-6.10278,105.42262,320.58,0.39,0.36,2019-10-22,1823,N,VIIRS,n,2,307.91,4.07,N,1,VIIRS_SNPP_SP,2019-10-22 18:23:00,2019-10-23 01:23:00
-6.10118,105.42178,298.78,0.41,0.45,2019-10-26,1757,N20,VIIRS,n,2,268.25,0.47,N,1,VIIRS_NOAA20_SP,2019-10-26 17:57:00,2019-10-27 00:57:00
-6.10287,105.42307,314.1,0.42,0.38,2019-10-28,1810,N,VIIRS,n,2,300.69,3.79,N,1,VIIRS_SNPP_SP,2019-10-28 18:10:00,2019-10-29 01:10:00
-6.10247,105.42027,308.1,0.43,0.46,2019-11-06,1842,N,VIIRS,n,2,294.1,3.74,N,1,VIIRS_SNPP_SP,2019-11-06 18:42:00,2019-11-07 01:42:00
-6.10292,105.42159,313.15,0.42,0.38,2019-11-05,1810,N20,VIIRS,n,2,299.77,3.36,N,1,VIIRS_NOAA20_SP,2019-11-05 18:10:00,2019-11-06 01:10:00
-6.10297,105.42285,311.01,0.33,0.56,2019-11-09,1745,N,VIIRS,n,2,295.2,1.82,N,1,VIIRS_SNPP_SP,2019-11-09 17:45:00,2019-11-10 00:45:00
-6.10117,105.42007,311.28,0.52,0.42,2019-11-09,1835,N20,VIIRS,n,2,296.76,2.33,N,1,VIIRS_NOAA20_SP,2019-11-09 18:35:00,2019-11-10 01:35:00
-6.10112,105.42127,309.46,0.41,0.45,2019-11-11,1757,N20,VIIRS,n,2,295.94,2.07,N,1,VIIRS_NOAA20_SP,2019-11-11 17:57:00,2019-11-12 00:57:00
-6.10293,105.42139,313.98,0.41,0.45,2019-11-19,1758,N,VIIRS,n,2,296.8,3.72,N,1,VIIRS_SNPP_SP,2019-11-19 17:58:00,2019-11-20 00:58:00
-6.09982,105.42277,309.55,0.34,0.56,2019-11-17,1745,N20,VIIRS,n,2,295.86,2.79,N,1,VIIRS_NOAA20_SP,2019-11-17 17:45:00,2019-11-18 00:45:00
-6.10141,105.42162,319.37,0.43,0.38,2019-11-20,1829,N20,VIIRS,n,2,302.52,4.19,N,1,VIIRS_NOAA20_SP,2019-11-20 18:29:00,2019-11-21 01:29:00
-6.1059,105.42397,329.12,0.39,0.36,2019-11-23,628,N20,VIIRS,l,2,303.11,5.57,D,1,VIIRS_NOAA20_SP,2019-11-23 06:28:00,2019-11-23 13:28:00
-6.10537,105.42747,326.18,0.39,0.36,2019-11-23,628,N20,VIIRS,l,2,299.43,5.57,D,1,VIIRS_NOAA20_SP,2019-11-23 06:28:00,2019-11-23 13:28:00
-6.10484,105.43095,325.6,0.39,0.36,2019-11-23,628,N20,VIIRS,l,2,299.03,6.35,D,1,VIIRS_NOAA20_SP,2019-11-23 06:28:00,2019-11-23 13:28:00
-6.10258,105.42346,330.21,0.39,0.36,2019-11-23,628,N20,VIIRS,l,2,303.8,5.52,D,1,VIIRS_NOAA20_SP,2019-11-23 06:28:00,2019-11-23 13:28:00
-6.09979,105.41949,332.06,0.39,0.36,2019-11-23,628,N20,VIIRS,l,2,305.29,8.94,D,1,VIIRS_NOAA20_SP,2019-11-23 06:28:00,2019-11-23 13:28:00
-6.09926,105.42297,329.5,0.39,0.36,2019-11-23,628,N20,VIIRS,l,2,303.35,5.52,D,1,VIIRS_NOAA20_SP,2019-11-23 06:28:00,2019-11-23 13:28:00
-6.10117,105.4211,316.08,0.52,0.41,2019-11-25,1835,N20,VIIRS,n,2,296.87,5.04,N,1,VIIRS_NOAA20_SP,2019-11-25 18:35:00,2019-11-26 01:35:00
-6.10217,105.42326,309.29,0.55,0.51,2019-11-27,1848,N,VIIRS,n,2,293.83,4.21,N,1,VIIRS_SNPP_SP,2019-11-27 18:48:00,2019-11-28 01:48:00
-6.10203,105.42136,316.81,0.41,0.45,2019-11-27,1757,N20,VIIRS,n,2,297.32,3.81,N,1,VIIRS_NOAA20_SP,2019-11-27 17:57:00,2019-11-28 00:57:00
-6.10238,105.42175,315.44,0.5,0.41,2019-12-02,1804,N20,VIIRS,n,2,292.05,3.28,N,1,VIIRS_NOAA20_SP,2019-12-02 18:04:00,2019-12-03 01:04:00
-6.10051,105.42107,316.12,0.42,0.45,2019-12-13,1757,N20,VIIRS,n,2,293.77,3.87,N,1,VIIRS_NOAA20_SP,2019-12-13 17:57:00,2019-12-14 00:57:00
-6.10401,105.42091,304.91,0.52,0.41,2019-12-19,1835,N,VIIRS,n,2,280.36,1.52,N,1,VIIRS_SNPP_SP,2019-12-19 18:35:00,2019-12-20 01:35:00
-6.1018,105.42338,308.24,0.52,0.41,2019-12-19,1835,N,VIIRS,n,2,283.1,2.19,N,1,VIIRS_SNPP_SP,2019-12-19 18:35:00,2019-12-20 01:35:00
-6.1002,105.42152,303.62,0.52,0.41,2019-12-19,1835,N,VIIRS,n,2,281.86,1.29,N,1,VIIRS_SNPP_SP,2019-12-19 18:35:00,2019-12-20 01:35:00
-6.10084,105.42369,302.48,0.5,0.41,2019-12-18,1803,N20,VIIRS,n,2,277.7,0.64,N,1,VIIRS_NOAA20_SP,2019-12-18 18:03:00,2019-12-19 01:03:00
-6.1035,105.4228,325.65,0.42,0.38,2019-12-22,635,N,VIIRS,l,2,297.74,5.55,D,1,VIIRS_SNPP_SP,2019-12-22 06:35:00,2019-12-22 13:35:00
-6.10469,105.4228,367.0,0.46,0.63,2019-12-30,545,N,VIIRS,h,2,293.29,11.38,D,1,VIIRS_SNPP_SP,2019-12-30 05:45:00,2019-12-30 12:45:00
-6.09882,105.42184,331.78,0.46,0.63,2019-12-30,545,N,VIIRS,n,2,289.85,11.38,D,1,VIIRS_SNPP_SP,2019-12-30 05:45:00,2019-12-30 12:45:00
-6.10214,105.421,316.45,0.41,0.45,2019-12-29,1757,N20,VIIRS,n,2,290.12,4.63,N,1,VIIRS_NOAA20_SP,2019-12-29 17:57:00,2019-12-30 00:57:00
-6.09953,105.42091,333.42,0.42,0.38,2019-12-30,635,N20,VIIRS,n,2,300.06,9.68,D,1,VIIRS_NOAA20_SP,2019-12-30 06:35:00,2019-12-30 13:35:00
-6.10313,105.42236,316.49,0.43,0.38,2020-01-15,1828,N,VIIRS,n,2,297.2,4.59,N,1,VIIRS_SNPP_SP,2020-01-15 18:28:00,2020-01-16 01:28:00
-6.10386,105.42136,305.68,0.39,0.36,2020-01-18,1823,N20,VIIRS,n,2,292.54,1.3,N,1,VIIRS_NOAA20_SP,2020-01-18 18:23:00,2020-01-19 01:23:00
-6.10053,105.42189,310.33,0.39,0.36,2020-01-18,1823,N20,VIIRS,n,2,294.71,1.3,N,1,VIIRS_NOAA20_SP,2020-01-18 18:23:00,2020-01-19 01:23:00
-6.10111,105.42276,308.06,0.52,0.42,2020-01-28,1835,N20,VIIRS,n,2,292.8,4.5,N,1,VIIRS_NOAA20_SP,2020-01-28 18:35:00,2020-01-29 01:35:00
-6.10207,105.42298,301.32,0.42,0.38,2020-03-20,1810,N,VIIRS,n,2,278.87,1.08,N,1,VIIRS_SNPP_SP,2020-03-20 18:10:00,2020-03-21 01:10:00
-6.10211,105.42396,309.84,0.42,0.38,2020-03-28,1811,N20,VIIRS,n,2,286.76,2.77,N,1,VIIRS_NOAA20_SP,2020-03-28 18:11:00,2020-03-29 01:11:00
-6.13345,105.41261,310.47,0.39,0.36,2020-04-10,1816,N,VIIRS,n,2,287.72,2.08,N,3,VIIRS_SNPP_SP,2020-04-10 18:16:00,2020-04-11 01:16:00
-6.1329,105.40911,307.94,0.39,0.36,2020-04-10,1816,N,VIIRS,n,2,285.34,2.08,N,3,VIIRS_SNPP_SP,2020-04-10 18:16:00,2020-04-11 01:16:00
-6.13234,105.40561,307.8,0.39,0.36,2020-04-10,1816,N,VIIRS,n,2,282.98,2.35,N,3,VIIRS_SNPP_SP,2020-04-10 18:16:00,2020-04-11 01:16:00
-6.12956,105.40963,313.87,0.39,0.36,2020-04-10,1816,N,VIIRS,n,2,284.39,2.08,N,3,VIIRS_SNPP_SP,2020-04-10 18:16:00,2020-04-11 01:16:00
-6.12901,105.40614,310.58,0.39,0.36,2020-04-10,1816,N,VIIRS,n,2,279.24,2.35,N,3,VIIRS_SNPP_SP,2020-04-10 18:16:00,2020-04-11 01:16:00
-6.12678,105.41366,315.42,0.39,0.36,2020-04-10,1816,N,VIIRS,n,2,288.62,2.32,N,3,VIIRS_SNPP_SP,2020-04-10 18:16:00,2020-04-11 01:16:00
-6.12623,105.41016,318.56,0.39,0.36,2020-04-10,1816,N,VIIRS,n,2,285.68,2.32,N,3,VIIRS_SNPP_SP,2020-04-10 18:16:00,2020-04-11 01:16:00
-6.12567,105.40667,313.59,0.39,0.36,2020-04-10,1816,N,VIIRS,n,2,278.47,2.04,N,3,VIIRS_SNPP_SP,2020-04-10 18:16:00,2020-04-11 01:16:00
-6.12511,105.42467,321.03,0.39,0.36,2020-04-10,1816,N,VIIRS,n,2,284.23,4.73,N,3,VIIRS_SNPP_SP,2020-04-10 18:16:00,2020-04-11 01:16:00
-6.12456,105.42117,325.13,0.39,0.36,2020-04-10,1816,N,VIIRS,n,2,288.14,7.19,N,3,VIIRS_SNPP_SP,2020-04-10 18:16:00,2020-04-11 01:16:00
-6.12345,105.41419,321.13,0.39,0.36,2020-04-10,1816,N,VIIRS,n,2,286.78,2.32,N,3,VIIRS_SNPP_SP,2020-04-10 18:16:00,2020-04-11 01:16:00
-6.12289,105.41069,326.36,0.39,0.36,2020-04-10,1816,N,VIIRS,n,2,282.28,2.32,N,3,VIIRS_SNPP_SP,2020-04-10 18:16:00,2020-04-11 01:16:00
-6.12234,105.4072,318.87,0.39,0.36,2020-04-10,1816,N,VIIRS,n,2,275.72,2.04,N,3,VIIRS_SNPP_SP,2020-04-10 18:16:00,2020-04-11 01:16:00
-6.12178,105.40369,306.44,0.39,0.36,2020-04-10,1816,N,VIIRS,n,2,284.01,2.04,N,3,VIIRS_SNPP_SP,2020-04-10 18:16:00,2020-04-11 01:16:00
-6.12178,105.4252,323.38,0.39,0.36,2020-04-10,1816,N,VIIRS,n,2,284.55,3.54,N,3,VIIRS_SNPP_SP,2020-04-10 18:16:00,2020-04-11 01:16:00
-6.119,105.40772,328.12,0.39,0.36,2020-04-10,1816,N,VIIRS,n,2,276.05,2.83,N,3,VIIRS_SNPP_SP,2020-04-10 18:16:00,2020-04-11 01:16:00
-6.119,105.42921,328.82,0.39,0.36,2020-04-10,1816,N,VIIRS,n,2,287.83,3.54,N,3,VIIRS_SNPP_SP,2020-04-10 18:16:00,2020-04-11 01:16:00
-6.11845,105.40422,315.0,0.39,0.36,2020-04-10,1816,N,VIIRS,n,2,281.41,2.83,N,3,VIIRS_SNPP_SP,2020-04-10 18:16:00,2020-04-11 01:16:00
-6.11844,105.42573,342.05,0.39,0.36,2020-04-10,1816,N,VIIRS,n,2,286.96,3.54,N,3,VIIRS_SNPP_SP,2020-04-10 18:16:00,2020-04-11 01:16:00
-6.11567,105.40826,332.39,0.39,0.36,2020-04-10,1816,N,VIIRS,n,2,275.52,2.83,N,3,VIIRS_SNPP_SP,2020-04-10 18:16:00,2020-04-11 01:16:00
-6.11566,105.42975,316.76,0.39,0.36,2020-04-10,1816,N,VIIRS,n,2,287.24,3.95,N,3,VIIRS_SNPP_SP,2020-04-10 18:16:00,2020-04-11 01:16:00
-6.11511,105.40475,324.0,0.39,0.36,2020-04-10,1816,N,VIIRS,n,2,279.53,2.83,N,3,VIIRS_SNPP_SP,2020-04-10 18:16:00,2020-04-11 01:16:00
-6.11511,105.42625,324.23,0.39,0.36,2020-04-10,1816,N,VIIRS,n,2,289.84,3.95,N,3,VIIRS_SNPP_SP,2020-04-10 18:16:00,2020-04-11 01:16:00
-6.11456,105.40126,308.91,0.39,0.36,2020-04-10,1816,N,VIIRS,n,2,282.88,2.58,N,3,VIIRS_SNPP_SP,2020-04-10 18:16:00,2020-04-11 01:16:00
-6.114,105.39777,309.04,0.39,0.36,2020-04-10,1816,N,VIIRS,n,2,278.68,2.58,N,3,VIIRS_SNPP_SP,2020-04-10 18:16:00,2020-04-11 01:16:00
-6.11344,105.43726,317.17,0.39,0.36,2020-04-10,1816,N,VIIRS,n,2,278.47,3.35,N,3,VIIRS_SNPP_SP,2020-04-10 18:16:00,2020-04-11 01:16:00
-6.11288,105.43376,328.97,0.39,0.36,2020-04-10,1816,N,VIIRS,n,2,281.26,3.35,N,3,VIIRS_SNPP_SP,2020-04-10 18:16:00,2020-04-11 01:16:00
-6.11233,105.43027,348.86,0.39,0.36,2020-04-10,1816,N,VIIRS,n,2,285.13,3.95,N,1,VIIRS_SNPP_SP,2020-04-10 18:16:00,2020-04-11 01:16:00
-6.11177,105.42678,336.5,0.39,0.36,2020-04-10,1816,N,VIIRS,n,2,290.16,3.95,N,3,VIIRS_SNPP_SP,2020-04-10 18:16:00,2020-04-11 01:16:00
-6.11122,105.40179,317.23,0.39,0.36,2020-04-10,1816,N,VIIRS,n,2,285.5,2.16,N,3,VIIRS_SNPP_SP,2020-04-10 18:16:00,2020-04-11 01:16:00
-6.11067,105.39828,309.18,0.39,0.36,2020-04-10,1816,N,VIIRS,n,2,277.98,2.16,N,3,VIIRS_SNPP_SP,2020-04-10 18:16:00,2020-04-11 01:16:00
-6.11066,105.44128,317.6,0.39,0.36,2020-04-10,1816,N,VIIRS,n,2,273.01,1.69,N,3,VIIRS_SNPP_SP,2020-04-10 18:16:00,2020-04-11 01:16:00
-6.10788,105.4453,308.31,0.39,0.36,2020-04-10,1816,N,VIIRS,n,2,273.34,1.69,N,3,VIIRS_SNPP_SP,2020-04-10 18:16:00,2020-04-11 01:16:00
-6.10732,105.4418,310.09,0.39,0.36,2020-04-10,1816,N,VIIRS,n,2,262.49,1.69,N,3,VIIRS_SNPP_SP,2020-04-10 18:16:00,2020-04-11 01:16:00
-6.10344,105.43884,311.09,0.39,0.36,2020-04-10,1816,N,VIIRS,n,2,262.94,3.38,N,3,VIIRS_SNPP_SP,2020-04-10 18:16:00,2020-04-11 01:16:00
-6.10288,105.43535,349.94,0.39,0.36,2020-04-10,1816,N,VIIRS,n,2,284.04,3.38,N,3,VIIRS_SNPP_SP,2020-04-10 18:16:00,2020-04-11 01:16:00
-6.10233,105.43188,367.0,0.39,0.36,2020-04-10,1816,N,VIIRS,h,2,287.15,8.65,N,1,VIIRS_SNPP_SP,2020-04-10 18:16:00,2020-04-11 01:16:00
-6.10178,105.42841,357.08,0.39,0.36,2020-04-10,1816,N,VIIRS,n,2,288.37,8.65,N,1,VIIRS_SNPP_SP,2020-04-10 18:16:00,2020-04-11 01:16:00
-6.10123,105.42493,317.48,0.39,0.36,2020-04-10,1816,N,VIIRS,n,2,277.99,3.69,N,1,VIIRS_SNPP_SP,2020-04-10 18:16:00,2020-04-11 01:16:00
-6.1001,105.43936,318.55,0.39,0.36,2020-04-10,1816,N,VIIRS,n,2,276.68,3.38,N,3,VIIRS_SNPP_SP,2020-04-10 18:16:00,2020-04-11 01:16:00
-6.09955,105.43587,341.21,0.39,0.36,2020-04-10,1816,N,VIIRS,n,2,288.19,3.38,N,3,VIIRS_SNPP_SP,2020-04-10 18:16:00,2020-04-11 01:16:00
-6.099,105.4324,336.39,0.39,0.36,2020-04-10,1816,N,VIIRS,n,2,287.77,8.65,N,3,VIIRS_SNPP_SP,2020-04-10 18:16:00,2020-04-11 01:16:00
-6.09677,105.43989,313.5,0.39,0.36,2020-04-10,1816,N,VIIRS,n,2,284.66,3.6,N,3,VIIRS_SNPP_SP,2020-04-10 18:16:00,2020-04-11 01:16:00
-6.09621,105.4364,323.82,0.39,0.36,2020-04-10,1816,N,VIIRS,n,2,289.87,3.6,N,3,VIIRS_SNPP_SP,2020-04-10 18:16:00,2020-04-11 01:16:00
-6.10557,105.41629,332.28,0.52,0.5,2020-04-11,654,N,VIIRS,n,2,291.7,12.96,D,1,VIIRS_SNPP_SP,2020-04-11 06:54:00,2020-04-11 13:54:00
-6.10285,105.42754,336.37,0.52,0.5,2020-04-11,654,N,VIIRS,n,2,296.64,30.82,D,1,VIIRS_SNPP_SP,2020-04-11 06:54:00,2020-04-11 13:54:00
-6.10579,105.42357,344.73,0.41,0.45,2020-04-11,1757,N,VIIRS,n,2,295.08,18.39,N,1,VIIRS_SNPP_SP,2020-04-11 17:57:00,2020-04-12 00:57:00
-6.10518,105.41982,367.0,0.41,0.45,2020-04-11,1757,N,VIIRS,h,2,301.12,18.39,N,1,VIIRS_SNPP_SP,2020-04-11 17:57:00,2020-04-12 00:57:00
-6.1045,105.41563,314.03,0.41,0.45,2020-04-11,1757,N,VIIRS,n,2,292.06,7.59,N,1,VIIRS_SNPP_SP,2020-04-11 17:57:00,2020-04-12 00:57:00
-6.10164,105.42422,347.38,0.41,0.45,2020-04-11,1757,N,VIIRS,n,2,302.76,17.34,N,1,VIIRS_SNPP_SP,2020-04-11 17:57:00,2020-04-12 00:57:00
-6.10103,105.42048,367.0,0.41,0.45,2020-04-11,1757,N,VIIRS,h,2,305.24,17.34,N,1,VIIRS_SNPP_SP,2020-04-11 17:57:00,2020-04-12 00:57:00
-6.10035,105.41632,313.14,0.41,0.45,2020-04-11,1757,N,VIIRS,n,2,291.65,5.35,N,1,VIIRS_SNPP_SP,2020-04-11 17:57:00,2020-04-12 00:57:00
-6.09908,105.42264,349.57,0.44,0.38,2020-04-13,616,N,VIIRS,n,2,300.09,12.53,D,1,VIIRS_SNPP_SP,2020-04-13 06:16:00,2020-04-13 13:16:00
-6.0986,105.42233,339.56,0.44,0.38,2020-04-13,616,N,VIIRS,n,2,298.96,8.03,D,1,VIIRS_SNPP_SP,2020-04-13 06:16:00,2020-04-13 13:16:00
-6.10246,105.41886,328.72,0.55,0.51,2020-04-14,557,N,VIIRS,n,2,276.72,9.14,D,1,VIIRS_SNPP_SP,2020-04-14 05:57:00,2020-04-14 12:57:00
-6.10177,105.42387,347.81,0.55,0.51,2020-04-14,557,N,VIIRS,n,2,280.92,9.14,D,1,VIIRS_SNPP_SP,2020-04-14 05:57:00,2020-04-14 12:57:00
-6.10578,105.42482,312.19,0.43,0.46,2020-04-14,1841,N,VIIRS,n,2,283.28,4.23,N,1,VIIRS_SNPP_SP,2020-04-14 18:41:00,2020-04-15 01:41:00
-6.10519,105.42074,335.07,0.43,0.46,2020-04-14,1841,N,VIIRS,n,2,286.84,4.23,N,1,VIIRS_SNPP_SP,2020-04-14 18:41:00,2020-04-15 01:41:00
-6.10466,105.41709,333.74,0.43,0.46,2020-04-14,1841,N,VIIRS,n,2,286.63,7.61,N,1,VIIRS_SNPP_SP,2020-04-14 18:41:00,2020-04-15 01:41:00
-6.10153,105.42542,340.12,0.43,0.46,2020-04-14,1841,N,VIIRS,n,2,288.57,11.47,N,1,VIIRS_SNPP_SP,2020-04-14 18:41:00,2020-04-15 01:41:00
-6.10095,105.42139,356.74,0.43,0.46,2020-04-14,1841,N,VIIRS,n,2,293.3,11.47,N,1,VIIRS_SNPP_SP,2020-04-14 18:41:00,2020-04-15 01:41:00
-6.10042,105.41769,322.96,0.43,0.46,2020-04-14,1841,N,VIIRS,n,2,286.22,6.26,N,1,VIIRS_SNPP_SP,2020-04-14 18:41:00,2020-04-15 01:41:00
-6.10602,105.4208,325.36,0.56,0.51,2020-04-11,1848,N20,VIIRS,n,2,291.61,17.49,N,1,VIIRS_NOAA20_SP,2020-04-11 18:48:00,2020-04-12 01:48:00
-6.10533,105.41599,309.92,0.56,0.51,2020-04-11,1848,N20,VIIRS,n,2,291.17,11.76,N,1,VIIRS_NOAA20_SP,2020-04-11 18:48:00,2020-04-12 01:48:00
-6.10128,105.42131,353.64,0.56,0.51,2020-04-11,1848,N20,VIIRS,n,2,300.49,17.49,N,1,VIIRS_NOAA20_SP,2020-04-11 18:48:00,2020-04-12 01:48:00
-6.10066,105.41702,338.97,0.56,0.51,2020-04-11,1848,N20,VIIRS,n,2,293.46,11.76,N,1,VIIRS_NOAA20_SP,2020-04-11 18:48:00,2020-04-12 01:48:00
-6.1035,105.4203,339.2,0.46,0.64,2020-04-12,545,N20,VIIRS,n,2,293.28,8.73,D,1,VIIRS_NOAA20_SP,2020-04-12 05:45:00,2020-04-12 12:45:00
-6.10294,105.42434,340.93,0.46,0.64,2020-04-12,545,N20,VIIRS,n,2,292.54,10.31,D,1,VIIRS_NOAA20_SP,2020-04-12 05:45:00,2020-04-12 12:45:00
-6.10284,105.42274,346.09,0.46,0.64,2020-04-12,545,N20,VIIRS,n,2,293.08,11.24,D,1,VIIRS_NOAA20_SP,2020-04-12 05:45:00,2020-04-12 12:45:00
-6.10432,105.42022,302.4,0.44,0.38,2020-04-12,1830,N20,VIIRS,n,2,281.97,1.41,N,1,VIIRS_NOAA20_SP,2020-04-12 18:30:00,2020-04-13 01:30:00
-6.10292,105.41721,333.03,0.43,0.62,2020-04-13,707,N20,VIIRS,n,2,290.45,11.5,D,1,VIIRS_NOAA20_SP,2020-04-13 07:07:00,2020-04-13 14:07:00
-6.10232,105.42062,351.19,0.43,0.62,2020-04-13,707,N20,VIIRS,n,2,292.71,11.5,D,1,VIIRS_NOAA20_SP,2020-04-13 07:07:00,2020-04-13 14:07:00
-6.10161,105.42469,367.0,0.43,0.62,2020-04-13,707,N20,VIIRS,h,2,292.58,21.4,D,1,VIIRS_NOAA20_SP,2020-04-13 07:07:00,2020-04-13 14:07:00
-6.10434,105.42584,331.04,0.42,0.38,2020-04-13,1811,N20,VIIRS,n,2,281.74,5.61,N,1,VIIRS_NOAA20_SP,2020-04-13 18:11:00,2020-04-14 01:11:00
-6.10174,105.42496,346.45,0.42,0.38,2020-04-13,1811,N20,VIIRS,n,2,288.69,6.94,N,1,VIIRS_NOAA20_SP,2020-04-13 18:11:00,2020-04-14 01:11:00
-6.10115,105.4212,352.71,0.42,0.38,2020-04-13,1811,N20,VIIRS,n,2,294.34,6.92,N,1,VIIRS_NOAA20_SP,2020-04-13 18:11:00,2020-04-14 01:11:00
-6.10088,105.42638,329.11,0.42,0.38,2020-04-13,1811,N20,VIIRS,n,2,283.35,5.61,N,1,VIIRS_NOAA20_SP,2020-04-13 18:11:00,2020-04-14 01:11:00
-6.10052,105.41721,324.85,0.42,0.38,2020-04-13,1811,N20,VIIRS,n,2,285.22,6.92,N,1,VIIRS_NOAA20_SP,2020-04-13 18:11:00,2020-04-14 01:11:00
-6.09829,105.42548,304.42,0.42,0.38,2020-04-13,1811,N20,VIIRS,n,2,278.92,6.94,N,1,VIIRS_NOAA20_SP,2020-04-13 18:11:00,2020-04-14 01:11:00
-6.09769,105.42171,306.85,0.42,0.38,2020-04-13,1811,N20,VIIRS,n,2,282.67,6.92,N,1,VIIRS_NOAA20_SP,2020-04-13 18:11:00,2020-04-14 01:11:00
-6.10471,105.41949,367.0,0.41,0.45,2020-04-14,648,N20,VIIRS,h,2,297.26,14.93,D,1,VIIRS_NOAA20_SP,2020-04-14 06:48:00,2020-04-14 13:48:00
-6.10412,105.42315,367.0,0.41,0.45,2020-04-14,648,N20,VIIRS,h,2,296.86,14.93,D,1,VIIRS_NOAA20_SP,2020-04-14 06:48:00,2020-04-14 13:48:00
-6.09998,105.42259,367.0,0.41,0.45,2020-04-14,648,N20,VIIRS,h,2,294.08,17.47,D,1,VIIRS_NOAA20_SP,2020-04-14 06:48:00,2020-04-14 13:48:00
-6.1024,105.42516,338.89,0.52,0.5,2020-04-14,1752,N20,VIIRS,n,2,290.25,13.93,N,1,VIIRS_NOAA20_SP,2020-04-14 17:52:00,2020-04-15 00:52:00
-6.10161,105.42054,352.75,0.52,0.5,2020-04-14,1752,N20,VIIRS,n,2,293.52,13.93,N,1,VIIRS_NOAA20_SP,2020-04-14 17:52:00,2020-04-15 00:52:00
-6.10377,105.41932,328.61,0.58,0.7,2020-04-15,538,N,VIIRS,n,2,284.5,5.67,D,1,VIIRS_SNPP_SP,2020-04-15 05:38:00,2020-04-15 12:38:00
-6.10304,105.42479,328.27,0.58,0.7,2020-04-15,538,N,VIIRS,n,2,284.63,5.67,D,1,VIIRS_SNPP_SP,2020-04-15 05:38:00,2020-04-15 12:38:00
-6.10444,105.41901,351.14,0.39,0.36,2020-04-15,1822,N,VIIRS,n,2,299.26,6.32,N,1,VIIRS_SNPP_SP,2020-04-15 18:22:00,2020-04-16 01:22:00
-6.1039,105.41556,312.18,0.39,0.36,2020-04-15,1822,N,VIIRS,n,2,293.12,6.32,N,1,VIIRS_SNPP_SP,2020-04-15 18:22:00,2020-04-16 01:22:00
-6.10109,105.41954,340.95,0.39,0.36,2020-04-15,1822,N,VIIRS,n,2,298.37,6.32,N,1,VIIRS_SNPP_SP,2020-04-15 18:22:00,2020-04-16 01:22:00
-6.10523,105.41991,334.63,0.33,0.55,2020-04-16,700,N,VIIRS,n,2,296.23,8.28,D,1,VIIRS_SNPP_SP,2020-04-16 07:00:00,2020-04-16 14:00:00
-6.1047,105.4229,345.51,0.33,0.55,2020-04-16,700,N,VIIRS,n,2,297.87,8.28,D,1,VIIRS_SNPP_SP,2020-04-16 07:00:00,2020-04-16 14:00:00
-6.10416,105.42601,328.2,0.33,0.55,2020-04-16,700,N,VIIRS,n,2,295.14,11.99,D,1,VIIRS_SNPP_SP,2020-04-16 07:00:00,2020-04-16 14:00:00
-6.10322,105.41911,352.31,0.33,0.55,2020-04-16,700,N,VIIRS,n,2,299.63,10.89,D,1,VIIRS_SNPP_SP,2020-04-16 07:00:00,2020-04-16 14:00:00
-6.10274,105.42196,367.0,0.33,0.55,2020-04-16,700,N,VIIRS,h,2,301.89,10.89,D,1,VIIRS_SNPP_SP,2020-04-16 07:00:00,2020-04-16 14:00:00
-6.1022,105.42518,356.0,0.33,0.55,2020-04-16,700,N,VIIRS,n,2,299.83,13.74,D,1,VIIRS_SNPP_SP,2020-04-16 07:00:00,2020-04-16 14:00:00
-6.10005,105.41932,348.5,0.33,0.55,2020-04-16,700,N,VIIRS,n,2,297.68,8.28,D,1,VIIRS_SNPP_SP,2020-04-16 07:00:00,2020-04-16 14:00:00
-6.09955,105.42221,367.0,0.33,0.55,2020-04-16,700,N,VIIRS,h,2,301.44,8.28,D,1,VIIRS_SNPP_SP,2020-04-16 07:00:00,2020-04-16 14:00:00
-6.099,105.42535,350.86,0.33,0.55,2020-04-16,700,N,VIIRS,n,2,299.04,11.99,D,1,VIIRS_SNPP_SP,2020-04-16 07:00:00,2020-04-16 14:00:00
-6.09757,105.42133,355.19,0.33,0.55,2020-04-16,700,N,VIIRS,n,2,296.91,10.89,D,1,VIIRS_SNPP_SP,2020-04-16 07:00:00,2020-04-16 14:00:00
-6.09704,105.42454,338.35,0.33,0.55,2020-04-16,700,N,VIIRS,n,2,296.88,13.74,D,1,VIIRS_SNPP_SP,2020-04-16 07:00:00,2020-04-16 14:00:00
-6.10417,105.41666,324.48,0.5,0.41,2020-04-16,1804,N,VIIRS,n,2,295.2,8.86,N,1,VIIRS_SNPP_SP,2020-04-16 18:04:00,2020-04-17 01:04:00
-6.09386,105.42323,332.67,0.5,0.41,2020-04-17,641,N,VIIRS,l,2,303.53,15.77,D,1,VIIRS_SNPP_SP,2020-04-17 06:41:00,2020-04-17 13:41:00
-6.10689,105.4245,300.0,0.33,0.56,2020-04-17,1745,N,VIIRS,n,2,272.34,2.72,N,1,VIIRS_SNPP_SP,2020-04-17 17:45:00,2020-04-18 00:45:00
-6.10638,105.42152,309.98,0.33,0.56,2020-04-17,1745,N,VIIRS,n,2,271.75,2.01,N,1,VIIRS_SNPP_SP,2020-04-17 17:45:00,2020-04-18 00:45:00
-6.10585,105.41843,301.8,0.33,0.56,2020-04-17,1745,N,VIIRS,n,2,271.23,2.01,N,1,VIIRS_SNPP_SP,2020-04-17 17:45:00,2020-04-18 00:45:00
-6.10129,105.42268,310.11,0.33,0.56,2020-04-17,1745,N,VIIRS,n,2,271.52,1.56,N,1,VIIRS_SNPP_SP,2020-04-17 17:45:00,2020-04-18 00:45:00
-6.10075,105.4195,304.63,0.33,0.56,2020-04-17,1745,N,VIIRS,n,2,270.86,1.56,N,1,VIIRS_SNPP_SP,2020-04-17 17:45:00,2020-04-18 00:45:00
-6.09753,105.42355,328.36,0.39,0.36,2020-04-18,622,N,VIIRS,n,2,295.69,10.61,D,1,VIIRS_SNPP_SP,2020-04-18 06:22:00,2020-04-18 13:22:00
-6.10371,105.42528,311.61,0.69,0.74,2020-04-18,1726,N,VIIRS,n,2,276.96,4.29,N,1,VIIRS_SNPP_SP,2020-04-18 17:26:00,2020-04-19 00:26:00
-6.10248,105.41868,308.02,0.69,0.74,2020-04-18,1726,N,VIIRS,n,2,274.75,4.69,N,1,VIIRS_SNPP_SP,2020-04-18 17:26:00,2020-04-19 00:26:00
-6.10323,105.42617,330.21,0.43,0.46,2020-04-19,603,N,VIIRS,n,2,294.92,6.34,D,1,VIIRS_SNPP_SP,2020-04-19 06:03:00,2020-04-19 13:03:00
-6.10105,105.42202,345.35,0.43,0.46,2020-04-19,603,N,VIIRS,n,2,300.75,11.42,D,1,VIIRS_SNPP_SP,2020-04-19 06:03:00,2020-04-19 13:03:00
-6.10051,105.42577,339.97,0.43,0.46,2020-04-19,603,N,VIIRS,n,2,300.66,11.42,D,1,VIIRS_SNPP_SP,2020-04-19 06:03:00,2020-04-19 13:03:00
-6.09626,105.42515,330.75,0.43,0.46,2020-04-19,603,N,VIIRS,l,2,301.49,14.83,D,1,VIIRS_SNPP_SP,2020-04-19 06:03:00,2020-04-19 13:03:00
-6.09571,105.42895,327.65,0.43,0.46,2020-04-19,603,N,VIIRS,l,2,300.2,7.42,D,3,VIIRS_SNPP_SP,2020-04-19 06:03:00,2020-04-19 13:03:00
-6.10271,105.42204,313.49,0.55,0.51,2020-04-19,1848,N,VIIRS,n,2,287.8,7.29,N,1,VIIRS_SNPP_SP,2020-04-19 18:48:00,2020-04-20 01:48:00
-6.10615,105.42252,349.07,0.39,0.36,2020-04-15,629,N20,VIIRS,n,2,305.39,10.34,D,1,VIIRS_NOAA20_SP,2020-04-15 06:29:00,2020-04-15 13:29:00
-6.10562,105.42602,335.81,0.39,0.36,2020-04-15,629,N20,VIIRS,n,2,299.96,6.69,D,1,VIIRS_NOAA20_SP,2020-04-15 06:29:00,2020-04-15 13:29:00
-6.10527,105.41934,308.47,0.77,0.77,2020-04-15,1914,N20,VIIRS,n,2,287.33,4.7,N,1,VIIRS_NOAA20_SP,2020-04-15 19:14:00,2020-04-16 02:14:00
-6.09916,105.4278,306.64,0.77,0.77,2020-04-15,1914,N20,VIIRS,n,2,287.56,4.7,N,1,VIIRS_NOAA20_SP,2020-04-15 19:14:00,2020-04-16 02:14:00
-6.0982,105.42055,334.51,0.77,0.77,2020-04-15,1914,N20,VIIRS,n,2,288.34,4.7,N,1,VIIRS_NOAA20_SP,2020-04-15 19:14:00,2020-04-16 02:14:00
-6.10563,105.42389,351.87,0.52,0.42,2020-04-16,611,N20,VIIRS,n,2,303.97,13.33,D,1,VIIRS_NOAA20_SP,2020-04-16 06:11:00,2020-04-16 13:11:00
-6.10309,105.42067,355.62,0.52,0.42,2020-04-16,611,N20,VIIRS,n,2,310.16,25.59,D,1,VIIRS_NOAA20_SP,2020-04-16 06:11:00,2020-04-16 13:11:00
-6.10248,105.41866,338.93,0.52,0.42,2020-04-16,611,N20,VIIRS,n,2,302.22,9.84,D,1,VIIRS_NOAA20_SP,2020-04-16 06:11:00,2020-04-16 13:11:00
-6.1024,105.42531,348.76,0.52,0.41,2020-04-16,611,N20,VIIRS,n,2,309.07,29.7,D,1,VIIRS_NOAA20_SP,2020-04-16 06:11:00,2020-04-16 13:11:00
-6.10315,105.41993,336.86,0.36,0.57,2020-04-17,552,N20,VIIRS,n,2,295.01,11.28,D,1,VIIRS_NOAA20_SP,2020-04-17 05:52:00,2020-04-17 12:52:00
-6.1027,105.42316,367.0,0.36,0.57,2020-04-17,552,N20,VIIRS,h,2,297.37,11.28,D,1,VIIRS_NOAA20_SP,2020-04-17 05:52:00,2020-04-17 12:52:00
-6.10227,105.42621,338.12,0.36,0.57,2020-04-17,552,N20,VIIRS,n,2,293.38,16.59,D,1,VIIRS_NOAA20_SP,2020-04-17 05:52:00,2020-04-17 12:52:00
-6.10439,105.42544,323.09,0.39,0.36,2020-04-18,1817,N20,VIIRS,n,2,280.17,3.99,N,1,VIIRS_NOAA20_SP,2020-04-18 18:17:00,2020-04-19 01:17:00
-6.10384,105.42197,326.11,0.39,0.36,2020-04-18,1817,N20,VIIRS,n,2,282.14,3.99,N,1,VIIRS_NOAA20_SP,2020-04-18 18:17:00,2020-04-19 01:17:00
-6.10329,105.41849,315.75,0.39,0.36,2020-04-18,1817,N20,VIIRS,n,2,280.39,4.92,N,1,VIIRS_NOAA20_SP,2020-04-18 18:17:00,2020-04-19 01:17:00
-6.10107,105.42595,326.4,0.39,0.36,2020-04-18,1817,N20,VIIRS,n,2,284.44,7.38,N,1,VIIRS_NOAA20_SP,2020-04-18 18:17:00,2020-04-19 01:17:00
-6.10052,105.42248,349.32,0.39,0.36,2020-04-18,1817,N20,VIIRS,n,2,288.05,7.38,N,1,VIIRS_NOAA20_SP,2020-04-18 18:17:00,2020-04-19 01:17:00
-6.10331,105.41917,332.8,0.53,0.5,2020-04-19,655,N20,VIIRS,n,2,281.72,25.19,D,1,VIIRS_NOAA20_SP,2020-04-19 06:55:00,2020-04-19 13:55:00
-6.10395,105.42606,320.96,0.41,0.45,2020-04-19,1758,N20,VIIRS,n,2,292.86,7.23,N,1,VIIRS_NOAA20_SP,2020-04-19 17:58:00,2020-04-20 00:58:00
-6.10334,105.42243,346.55,0.41,0.45,2020-04-19,1758,N20,VIIRS,n,2,297.14,7.23,N,1,VIIRS_NOAA20_SP,2020-04-19 17:58:00,2020-04-20 00:58:00
-6.10272,105.41869,322.04,0.41,0.45,2020-04-19,1758,N20,VIIRS,n,2,294.91,7.4,N,1,VIIRS_NOAA20_SP,2020-04-19 17:58:00,2020-04-20 00:58:00
-6.09982,105.4266,309.96,0.41,0.45,2020-04-19,1758,N20,VIIRS,n,2,292.7,7.23,N,1,VIIRS_NOAA20_SP,2020-04-19 17:58:00,2020-04-20 00:58:00
-6.09923,105.42304,367.0,0.41,0.45,2020-04-19,1758,N20,VIIRS,h,2,299.12,7.23,N,1,VIIRS_NOAA20_SP,2020-04-19 17:58:00,2020-04-20 00:58:00
-6.1028,105.42318,348.36,0.46,0.63,2020-04-20,545,N,VIIRS,n,2,294.07,16.95,D,1,VIIRS_SNPP_SP,2020-04-20 05:45:00,2020-04-20 12:45:00
-6.10408,105.42404,346.92,0.43,0.38,2020-04-20,1829,N,VIIRS,n,2,297.56,10.32,N,1,VIIRS_SNPP_SP,2020-04-20 18:29:00,2020-04-21 01:29:00
-6.10349,105.42013,345.48,0.43,0.38,2020-04-20,1829,N,VIIRS,n,2,300.48,10.32,N,1,VIIRS_SNPP_SP,2020-04-20 18:29:00,2020-04-21 01:29:00
-6.10291,105.4163,313.53,0.43,0.38,2020-04-20,1829,N,VIIRS,n,2,295.25,5.14,N,1,VIIRS_SNPP_SP,2020-04-20 18:29:00,2020-04-21 01:29:00
-6.10057,105.42463,343.57,0.43,0.38,2020-04-20,1829,N,VIIRS,n,2,300.32,10.04,N,1,VIIRS_SNPP_SP,2020-04-20 18:29:00,2020-04-21 01:29:00
-6.09997,105.42067,338.57,0.43,0.38,2020-04-20,1829,N,VIIRS,n,2,298.68,10.04,N,1,VIIRS_SNPP_SP,2020-04-20 18:29:00,2020-04-21 01:29:00
-6.10098,105.42632,346.18,0.41,0.45,2020-04-22,647,N,VIIRS,n,2,308.26,21.12,D,1,VIIRS_SNPP_SP,2020-04-22 06:47:00,2020-04-22 13:47:00
-6.10167,105.42221,350.12,0.52,0.42,2020-04-24,610,N,VIIRS,n,2,288.86,22.8,D,1,VIIRS_SNPP_SP,2020-04-24 06:10:00,2020-04-24 13:10:00
-6.10613,105.42326,347.86,0.42,0.38,2020-04-20,636,N20,VIIRS,n,2,306.3,12.35,D,1,VIIRS_NOAA20_SP,2020-04-20 06:36:00,2020-04-20 13:36:00
-6.10326,105.41888,343.64,0.42,0.38,2020-04-20,636,N20,VIIRS,n,2,307.16,10.9,D,1,VIIRS_NOAA20_SP,2020-04-20 06:36:00,2020-04-20 13:36:00
-6.10328,105.42492,310.99,0.43,0.62,2020-04-20,1739,N20,VIIRS,n,2,288.64,4.57,N,1,VIIRS_NOAA20_SP,2020-04-20 17:39:00,2020-04-21 00:39:00
-6.10263,105.42113,321.99,0.43,0.62,2020-04-20,1739,N20,VIIRS,n,2,288.91,3.35,N,1,VIIRS_NOAA20_SP,2020-04-20 17:39:00,2020-04-21 00:39:00
-6.09995,105.42346,329.72,0.43,0.62,2020-04-20,1739,N20,VIIRS,n,2,289.84,3.93,N,1,VIIRS_NOAA20_SP,2020-04-20 17:39:00,2020-04-21 00:39:00
-6.09925,105.41956,308.07,0.43,0.62,2020-04-20,1739,N20,VIIRS,n,2,288.26,3.93,N,1,VIIRS_NOAA20_SP,2020-04-20 17:39:00,2020-04-21 00:39:00
-6.09695,105.42197,306.12,0.43,0.62,2020-04-20,1739,N20,VIIRS,n,2,288.37,3.35,N,1,VIIRS_NOAA20_SP,2020-04-20 17:39:00,2020-04-21 00:39:00
-6.10253,105.42245,348.77,0.55,0.51,2020-04-22,558,N20,VIIRS,n,2,306.97,23.31,D,1,VIIRS_NOAA20_SP,2020-04-22 05:58:00,2020-04-22 12:58:00
-6.10187,105.4272,330.94,0.55,0.51,2020-04-22,558,N20,VIIRS,n,2,300.49,18.78,D,1,VIIRS_NOAA20_SP,2020-04-22 05:58:00,2020-04-22 12:58:00
-6.10423,105.42141,331.0,0.71,0.75,2020-04-23,720,N20,VIIRS,n,2,281.21,12.66,D,1,VIIRS_NOAA20_SP,2020-04-23 07:20:00,2020-04-23 14:20:00
-6.10247,105.42123,341.79,0.34,0.56,2020-04-24,701,N20,VIIRS,n,2,278.54,7.4,D,1,VIIRS_NOAA20_SP,2020-04-24 07:01:00,2020-04-24 14:01:00
-6.10195,105.42434,347.94,0.34,0.56,2020-04-24,701,N20,VIIRS,n,2,278.45,7.4,D,1,VIIRS_NOAA20_SP,2020-04-24 07:01:00,2020-04-24 14:01:00
-6.10555,105.42131,296.73,0.5,0.41,2020-04-24,1804,N20,VIIRS,n,2,268.24,1.36,N,1,VIIRS_NOAA20_SP,2020-04-24 18:04:00,2020-04-25 01:04:00
-6.10255,105.42628,300.98,0.5,0.41,2020-04-24,1804,N20,VIIRS,n,2,268.02,1.72,N,1,VIIRS_NOAA20_SP,2020-04-24 18:04:00,2020-04-25 01:04:00
-6.10183,105.42193,319.61,0.5,0.41,2020-04-24,1804,N20,VIIRS,n,2,267.04,1.4,N,1,VIIRS_NOAA20_SP,2020-04-24 18:04:00,2020-04-25 01:04:00
-6.09809,105.42246,307.55,0.5,0.41,2020-04-24,1804,N20,VIIRS,n,2,262.8,1.4,N,1,VIIRS_NOAA20_SP,2020-04-24 18:04:00,2020-04-25 01:04:00
-6.10102,105.42393,325.81,0.35,0.57,2020-04-25,551,N,VIIRS,n,2,270.51,8.25,D,1,VIIRS_SNPP_SP,2020-04-25 05:51:00,2020-04-25 12:51:00
-6.10666,105.42403,299.49,0.52,0.41,2020-04-25,1835,N,VIIRS,n,2,271.13,0.7,N,1,VIIRS_SNPP_SP,2020-04-25 18:35:00,2020-04-26 01:35:00
-6.10595,105.41927,302.64,0.52,0.41,2020-04-25,1835,N,VIIRS,n,2,272.74,1.29,N,1,VIIRS_SNPP_SP,2020-04-25 18:35:00,2020-04-26 01:35:00
-6.10282,105.42451,337.62,0.52,0.41,2020-04-25,1835,N,VIIRS,n,2,276.08,3.42,N,1,VIIRS_SNPP_SP,2020-04-25 18:35:00,2020-04-26 01:35:00
-6.10213,105.41982,326.29,0.52,0.41,2020-04-25,1835,N,VIIRS,n,2,274.47,4.91,N,1,VIIRS_SNPP_SP,2020-04-25 18:35:00,2020-04-26 01:35:00
-6.09901,105.42519,305.38,0.52,0.41,2020-04-25,1835,N,VIIRS,n,2,272.63,3.42,N,1,VIIRS_SNPP_SP,2020-04-25 18:35:00,2020-04-26 01:35:00
-6.10235,105.42288,330.34,0.54,0.68,2020-04-26,713,N,VIIRS,n,2,270.79,6.03,D,1,VIIRS_SNPP_SP,2020-04-26 07:13:00,2020-04-26 14:13:00
-6.09966,105.42295,328.34,0.54,0.68,2020-04-26,713,N,VIIRS,n,2,270.41,8.15,D,1,VIIRS_SNPP_SP,2020-04-26 07:13:00,2020-04-26 14:13:00
-6.10481,105.42405,297.95,0.41,0.45,2020-04-27,1757,N,VIIRS,n,2,267.69,2.29,N,1,VIIRS_SNPP_SP,2020-04-27 17:57:00,2020-04-28 00:57:00
-6.10196,105.42189,324.29,0.56,0.52,2020-04-27,1848,N20,VIIRS,n,2,279.38,6.03,N,1,VIIRS_NOAA20_SP,2020-04-27 18:48:00,2020-04-28 01:48:00
-6.10303,105.42219,332.95,0.39,0.36,2020-05-01,629,N20,VIIRS,n,2,289.4,3.77,D,1,VIIRS_NOAA20_SP,2020-05-01 06:29:00,2020-05-01 13:29:00
-6.09971,105.42169,329.0,0.39,0.36,2020-05-01,629,N20,VIIRS,n,2,286.49,3.77,D,1,VIIRS_NOAA20_SP,2020-05-01 06:29:00,2020-05-01 13:29:00
-6.10489,105.42207,304.94,0.42,0.38,2020-05-07,1810,N,VIIRS,n,2,269.25,1.08,N,1,VIIRS_SNPP_SP,2020-05-07 18:10:00,2020-05-08 01:10:00
-6.10141,105.42262,317.26,0.42,0.38,2020-05-07,1810,N,VIIRS,n,2,270.0,1.08,N,1,VIIRS_SNPP_SP,2020-05-07 18:10:00,2020-05-08 01:10:00
-6.10391,105.42525,325.68,0.42,0.38,2020-05-06,636,N20,VIIRS,n,2,278.9,3.7,D,1,VIIRS_NOAA20_SP,2020-05-06 06:36:00,2020-05-06 13:36:00
-6.10044,105.42476,326.47,0.42,0.38,2020-05-06,636,N20,VIIRS,n,2,281.63,3.7,D,1,VIIRS_NOAA20_SP,2020-05-06 06:36:00,2020-05-06 13:36:00
-6.1021,105.42182,341.24,0.43,0.38,2020-05-07,617,N20,VIIRS,n,2,304.35,11.07,D,1,VIIRS_NOAA20_SP,2020-05-07 06:17:00,2020-05-07 13:17:00
-6.10153,105.42565,335.33,0.43,0.38,2020-05-07,617,N20,VIIRS,n,2,303.13,9.19,D,1,VIIRS_NOAA20_SP,2020-05-07 06:17:00,2020-05-07 13:17:00
-6.10136,105.42203,336.78,0.52,0.42,2020-05-10,610,N,VIIRS,n,2,297.34,14.89,D,1,VIIRS_SNPP_SP,2020-05-10 06:10:00,2020-05-10 13:10:00
-6.10153,105.42361,327.1,0.52,0.41,2020-05-11,1835,N,VIIRS,n,2,293.43,6.33,N,1,VIIRS_SNPP_SP,2020-05-11 18:35:00,2020-05-12 01:35:00
-6.1002,105.42496,310.84,0.33,0.55,2020-05-11,1746,N20,VIIRS,n,2,290.05,1.98,N,1,VIIRS_NOAA20_SP,2020-05-11 17:46:00,2020-05-12 00:46:00
-6.09971,105.42208,311.09,0.33,0.55,2020-05-11,1746,N20,VIIRS,n,2,289.73,1.98,N,1,VIIRS_NOAA20_SP,2020-05-11 17:46:00,2020-05-12 00:46:00
-6.10159,105.42361,347.61,0.39,0.36,2020-05-12,623,N20,VIIRS,n,2,310.17,14.18,D,1,VIIRS_NOAA20_SP,2020-05-12 06:23:00,2020-05-12 13:23:00
-6.10397,105.42319,326.91,0.43,0.46,2020-05-13,604,N20,VIIRS,n,2,291.91,8.68,D,1,VIIRS_NOAA20_SP,2020-05-13 06:04:00,2020-05-13 13:04:00
-6.1019,105.42204,324.4,0.44,0.38,2020-05-14,1829,N20,VIIRS,n,2,292.02,3.74,N,1,VIIRS_NOAA20_SP,2020-05-14 18:29:00,2020-05-15 01:29:00
-6.10308,105.42379,335.22,0.44,0.38,2020-05-15,616,N,VIIRS,n,2,304.84,6.02,D,1,VIIRS_SNPP_SP,2020-05-15 06:16:00,2020-05-15 13:16:00
-6.09955,105.42324,330.34,0.44,0.38,2020-05-15,616,N,VIIRS,l,2,303.83,6.02,D,1,VIIRS_SNPP_SP,2020-05-15 06:16:00,2020-05-15 13:16:00
-6.1004,105.4249,334.39,0.49,0.41,2020-05-19,641,N,VIIRS,n,2,301.25,14.41,D,1,VIIRS_SNPP_SP,2020-05-19 06:41:00,2020-05-19 13:41:00
-6.1021,105.42533,314.09,0.42,0.38,2020-05-15,1811,N20,VIIRS,n,2,295.78,3.03,N,1,VIIRS_NOAA20_SP,2020-05-15 18:11:00,2020-05-16 01:11:00
-6.10151,105.42158,320.54,0.42,0.38,2020-05-15,1811,N20,VIIRS,n,2,297.02,3.03,N,1,VIIRS_NOAA20_SP,2020-05-15 18:11:00,2020-05-16 01:11:00
-6.10386,105.42261,331.85,0.41,0.45,2020-05-16,648,N20,VIIRS,n,2,299.94,9.61,D,1,VIIRS_NOAA20_SP,2020-05-16 06:48:00,2020-05-16 13:48:00
-6.10176,105.42171,331.17,0.41,0.45,2020-05-16,648,N20,VIIRS,n,2,299.96,12.08,D,1,VIIRS_NOAA20_SP,2020-05-16 06:48:00,2020-05-16 13:48:00
-6.10516,105.42241,310.58,0.42,0.38,2020-05-23,1810,N,VIIRS,n,2,294.23,2.98,N,1,VIIRS_SNPP_SP,2020-05-23 18:10:00,2020-05-24 01:10:00
-6.10168,105.42297,321.75,0.42,0.38,2020-05-23,1810,N,VIIRS,n,2,297.35,2.98,N,1,VIIRS_SNPP_SP,2020-05-23 18:10:00,2020-05-24 01:10:00
-6.10378,105.42224,306.62,0.52,0.5,2020-05-24,1751,N,VIIRS,n,2,284.97,4.14,N,1,VIIRS_SNPP_SP,2020-05-24 17:51:00,2020-05-25 00:51:00
-6.10389,105.42261,336.58,0.42,0.38,2020-05-22,636,N20,VIIRS,n,2,305.07,8.13,D,1,VIIRS_NOAA20_SP,2020-05-22 06:36:00,2020-05-22 13:36:00
-6.10042,105.4221,334.22,0.42,0.38,2020-05-22,636,N20,VIIRS,l,2,305.72,8.13,D,1,VIIRS_NOAA20_SP,2020-05-22 06:36:00,2020-05-22 13:36:00
-6.10339,105.4234,310.57,0.44,0.46,2020-05-24,1842,N20,VIIRS,n,2,290.96,3.12,N,1,VIIRS_NOAA20_SP,2020-05-24 18:42:00,2020-05-25 01:42:00
-6.10082,105.42358,335.13,0.39,0.36,2020-05-25,629,N,VIIRS,n,2,301.34,9.46,D,1,VIIRS_SNPP_SP,2020-05-25 06:29:00,2020-05-25 13:29:00
-6.10211,105.42181,308.4,0.39,0.36,2020-05-28,1816,N,VIIRS,n,2,277.1,2.28,N,1,VIIRS_SNPP_SP,2020-05-28 18:16:00,2020-05-29 01:16:00
-6.10388,105.42265,301.48,0.39,0.36,2020-05-25,1823,N20,VIIRS,n,2,272.49,0.71,N,1,VIIRS_NOAA20_SP,2020-05-25 18:23:00,2020-05-26 01:23:00
-6.10054,105.42319,305.31,0.39,0.36,2020-05-25,1823,N20,VIIRS,n,2,273.43,0.71,N,1,VIIRS_NOAA20_SP,2020-05-25 18:23:00,2020-05-26 01:23:00
-6.10099,105.42215,308.56,0.56,0.52,2020-05-29,1848,N20,VIIRS,n,2,291.21,4.03,N,1,VIIRS_NOAA20_SP,2020-05-29 18:48:00,2020-05-30 01:48:00
-6.10107,105.42212,337.89,0.42,0.38,2020-05-30,635,N,VIIRS,n,2,303.92,10.98,D,1,VIIRS_SNPP_SP,2020-05-30 06:35:00,2020-05-30 13:35:00
-6.10139,105.42114,305.02,0.5,0.41,2020-06-03,1804,N,VIIRS,n,2,280.36,2.2,N,1,VIIRS_SNPP_SP,2020-06-03 18:04:00,2020-06-04 01:04:00
-6.10186,105.42487,310.05,0.44,0.38,2020-05-30,1829,N20,VIIRS,n,2,285.51,2.15,N,1,VIIRS_NOAA20_SP,2020-05-30 18:29:00,2020-05-31 01:29:00
-6.10124,105.42091,309.43,0.44,0.38,2020-05-30,1829,N20,VIIRS,n,2,283.81,2.15,N,1,VIIRS_NOAA20_SP,2020-05-30 18:29:00,2020-05-31 01:29:00
-6.10196,105.42332,306.98,0.42,0.38,2020-05-31,1811,N20,VIIRS,n,2,281.05,1.63,N,1,VIIRS_NOAA20_SP,2020-05-31 18:11:00,2020-06-01 01:11:00
-6.10065,105.42194,300.18,0.53,0.42,2020-06-04,1836,N20,VIIRS,n,2,269.31,1.13,N,1,VIIRS_NOAA20_SP,2020-06-04 18:36:00,2020-06-05 01:36:00
-6.10257,105.42284,307.27,0.39,0.36,2020-06-05,1817,N20,VIIRS,n,2,284.64,1.86,N,1,VIIRS_NOAA20_SP,2020-06-05 18:17:00,2020-06-06 01:17:00
-6.10316,105.42229,313.07,0.39,0.36,2020-06-29,1816,N,VIIRS,n,2,296.88,2.42,N,1,VIIRS_SNPP_SP,2020-06-29 18:16:00,2020-06-30 01:16:00
-6.10137,105.42146,309.12,0.43,0.38,2020-07-09,1829,N,VIIRS,n,2,295.19,2.32,N,1,VIIRS_SNPP_SP,2020-07-09 18:29:00,2020-07-10 01:29:00
-6.10115,105.42356,306.09,0.39,0.36,2020-07-12,1823,N20,VIIRS,n,2,285.73,1.88,N,1,VIIRS_NOAA20_SP,2020-07-12 18:23:00,2020-07-13 01:23:00
-6.10231,105.42339,312.6,0.39,0.36,2020-07-20,1823,N,VIIRS,n,2,295.16,2.92,N,1,VIIRS_SNPP_SP,2020-07-20 18:23:00,2020-07-21 01:23:00
-6.10319,105.42303,309.94,0.39,0.36,2020-07-28,1823,N20,VIIRS,n,2,295.95,2.57,N,1,VIIRS_NOAA20_SP,2020-07-28 18:23:00,2020-07-29 01:23:00
-6.10288,105.42216,311.72,0.39,0.36,2020-07-31,1816,N,VIIRS,n,2,297.25,2.9,N,1,VIIRS_SNPP_SP,2020-07-31 18:16:00,2020-08-01 01:16:00
-6.10368,105.4228,308.41,0.39,0.36,2020-08-05,1823,N,VIIRS,n,2,288.46,1.6,N,1,VIIRS_SNPP_SP,2020-08-05 18:23:00,2020-08-06 01:23:00
-6.10129,105.42403,310.67,0.39,0.36,2020-08-08,1816,N20,VIIRS,n,2,297.24,1.86,N,1,VIIRS_NOAA20_SP,2020-08-08 18:16:00,2020-08-09 01:16:00
-6.10261,105.42289,309.16,0.41,0.45,2020-08-09,1757,N20,VIIRS,n,2,296.0,2.18,N,1,VIIRS_NOAA20_SP,2020-08-09 17:57:00,2020-08-10 00:57:00
-6.10268,105.42272,311.02,0.39,0.36,2020-08-16,1816,N,VIIRS,n,2,294.01,3.5,N,1,VIIRS_SNPP_SP,2020-08-16 18:16:00,2020-08-17 01:16:00
-6.10261,105.42267,311.08,0.44,0.38,2020-08-18,1829,N20,VIIRS,n,2,296.06,3.23,N,1,VIIRS_NOAA20_SP,2020-08-18 18:29:00,2020-08-19 01:29:00
-6.10239,105.42422,310.51,0.42,0.38,2020-08-27,1810,N,VIIRS,n,2,296.05,4.68,N,1,VIIRS_SNPP_SP,2020-08-27 18:10:00,2020-08-28 01:10:00
-6.10201,105.42303,308.71,0.52,0.42,2020-08-23,1835,N20,VIIRS,n,2,295.49,3.41,N,1,VIIRS_NOAA20_SP,2020-08-23 18:35:00,2020-08-24 01:35:00
-6.10165,105.42267,319.12,0.39,0.36,2020-08-29,1822,N20,VIIRS,n,2,298.02,3.96,N,1,VIIRS_NOAA20_SP,2020-08-29 18:22:00,2020-08-30 01:22:00
-6.09915,105.42452,329.14,0.33,0.55,2020-08-30,700,N20,VIIRS,l,2,300.7,12.3,D,1,VIIRS_NOAA20_SP,2020-08-30 07:00:00,2020-08-30 14:00:00
-6.10328,105.42201,309.68,0.5,0.41,2020-08-30,1803,N20,VIIRS,n,2,293.62,3.11,N,1,VIIRS_NOAA20_SP,2020-08-30 18:03:00,2020-08-31 01:03:00
-6.10344,105.42367,306.14,0.43,0.38,2020-09-11,1829,N,VIIRS,n,2,281.38,1.57,N,1,VIIRS_SNPP_SP,2020-09-11 18:29:00,2020-09-12 01:29:00
-6.10331,105.42208,312.04,0.39,0.36,2020-09-09,1816,N20,VIIRS,n,2,294.05,2.55,N,1,VIIRS_NOAA20_SP,2020-09-09 18:16:00,2020-09-10 01:16:00
-6.10206,105.42338,312.62,0.39,0.36,2020-09-14,1822,N20,VIIRS,n,2,294.67,1.95,N,1,VIIRS_NOAA20_SP,2020-09-14 18:22:00,2020-09-15 01:22:00
-6.10267,105.42275,311.63,0.5,0.41,2020-09-15,1803,N20,VIIRS,n,2,296.08,3.45,N,1,VIIRS_NOAA20_SP,2020-09-15 18:03:00,2020-09-16 01:03:00
-6.10344,105.4246,310.14,0.39,0.36,2020-09-17,1817,N,VIIRS,n,2,294.9,2.76,N,1,VIIRS_SNPP_SP,2020-09-17 18:17:00,2020-09-18 01:17:00
-6.10148,105.425,330.9,0.42,0.38,2020-09-19,635,N,VIIRS,l,2,304.84,12.1,D,1,VIIRS_SNPP_SP,2020-09-19 06:35:00,2020-09-19 13:35:00
-6.09394,105.42785,330.53,0.42,0.38,2020-09-19,635,N,VIIRS,l,2,305.17,14.22,D,3,VIIRS_SNPP_SP,2020-09-19 06:35:00,2020-09-19 13:35:00
-6.10108,105.42247,312.28,0.43,0.46,2020-09-29,1841,N20,VIIRS,n,2,295.82,4.06,N,1,VIIRS_NOAA20_SP,2020-09-29 18:41:00,2020-09-30 01:41:00
-6.10399,105.42303,312.98,0.39,0.36,2020-09-30,1822,N20,VIIRS,n,2,294.63,2.37,N,1,VIIRS_NOAA20_SP,2020-09-30 18:22:00,2020-10-01 01:22:00
-6.10066,105.42357,311.71,0.39,0.36,2020-09-30,1822,N20,VIIRS,n,2,295.09,2.37,N,1,VIIRS_NOAA20_SP,2020-09-30 18:22:00,2020-10-01 01:22:00
-6.1025,105.42103,308.91,0.43,0.46,2020-10-07,1842,N,VIIRS,n,2,294.99,3.34,N,1,VIIRS_SNPP_SP,2020-10-07 18:42:00,2020-10-08 01:42:00
-6.10317,105.42379,309.18,0.39,0.36,2020-10-08,1823,N,VIIRS,n,2,285.55,1.15,N,1,VIIRS_SNPP_SP,2020-10-08 18:23:00,2020-10-09 01:23:00
-6.10365,105.42293,331.51,0.42,0.38,2020-10-13,635,N20,VIIRS,n,2,300.67,11.4,D,1,VIIRS_NOAA20_SP,2020-10-13 06:35:00,2020-10-13 13:35:00
-6.10092,105.42212,311.05,0.5,0.41,2020-10-17,1803,N20,VIIRS,n,2,296.09,4.31,N,1,VIIRS_NOAA20_SP,2020-10-17 18:03:00,2020-10-18 01:03:00
-6.10486,105.42113,332.88,0.49,0.41,2020-10-18,641,N20,VIIRS,l,2,305.32,8.01,D,1,VIIRS_NOAA20_SP,2020-10-18 06:41:00,2020-10-18 13:41:00
-6.10415,105.42565,333.2,0.49,0.41,2020-10-18,641,N20,VIIRS,l,2,304.82,8.01,D,1,VIIRS_NOAA20_SP,2020-10-18 06:41:00,2020-10-18 13:41:00
-6.10114,105.42057,333.76,0.49,0.41,2020-10-18,641,N20,VIIRS,n,2,305.96,4.7,D,1,VIIRS_NOAA20_SP,2020-10-18 06:41:00,2020-10-18 13:41:00
-6.10041,105.42513,331.97,0.49,0.41,2020-10-18,641,N20,VIIRS,l,2,304.95,4.7,D,1,VIIRS_NOAA20_SP,2020-10-18 06:41:00,2020-10-18 13:41:00
-6.0974,105.42006,330.51,0.49,0.41,2020-10-18,641,N20,VIIRS,l,2,304.3,4.7,D,1,VIIRS_NOAA20_SP,2020-10-18 06:41:00,2020-10-18 13:41:00
-6.09669,105.42455,330.31,0.49,0.41,2020-10-18,641,N20,VIIRS,l,2,303.79,4.7,D,1,VIIRS_NOAA20_SP,2020-10-18 06:41:00,2020-10-18 13:41:00
-6.10392,105.42352,335.58,0.39,0.36,2020-10-19,622,N20,VIIRS,n,2,303.53,10.4,D,1,VIIRS_NOAA20_SP,2020-10-19 06:22:00,2020-10-19 13:22:00
-6.10476,105.42278,304.11,0.39,0.36,2020-11-04,1816,N,VIIRS,n,2,280.94,0.62,N,1,VIIRS_SNPP_SP,2020-11-04 18:16:00,2020-11-05 01:16:00
-6.10143,105.42329,304.48,0.39,0.36,2020-11-04,1816,N,VIIRS,n,2,280.89,0.62,N,1,VIIRS_SNPP_SP,2020-11-04 18:16:00,2020-11-05 01:16:00
-6.10112,105.4229,330.82,0.42,0.38,2020-11-14,635,N20,VIIRS,l,2,302.83,10.82,D,1,VIIRS_NOAA20_SP,2020-11-14 06:35:00,2020-11-14 13:35:00
-6.10156,105.42255,307.9,0.39,0.36,2020-12-22,1816,N,VIIRS,n,2,294.5,2.46,N,1,VIIRS_SNPP_SP,2020-12-22 18:16:00,2020-12-23 01:16:00
-6.10104,105.42441,329.4,0.42,0.38,2021-01-25,635,N,VIIRS,n,2,295.93,11.25,D,1,VIIRS_SNPP_SP,2021-01-25 06:35:00,2021-01-25 13:35:00
-6.1045,105.42393,332.12,0.42,0.38,2021-02-02,635,N20,VIIRS,n,2,301.14,6.5,D,1,VIIRS_NOAA20_SP,2021-02-02 06:35:00,2021-02-02 13:35:00
-6.10104,105.42342,331.37,0.42,0.38,2021-02-02,635,N20,VIIRS,l,2,302.68,6.5,D,1,VIIRS_NOAA20_SP,2021-02-02 06:35:00,2021-02-02 13:35:00
-6.10009,105.42337,329.66,0.43,0.46,2021-03-05,603,N,VIIRS,l,2,302.02,6.18,D,1,VIIRS_SNPP_SP,2021-03-05 06:03:00,2021-03-05 13:03:00
-6.09584,105.42269,330.14,0.43,0.46,2021-03-05,603,N,VIIRS,l,2,302.07,6.18,D,1,VIIRS_SNPP_SP,2021-03-05 06:03:00,2021-03-05 13:03:00
-6.09529,105.42651,330.9,0.43,0.46,2021-03-05,603,N,VIIRS,l,2,301.99,6.18,D,3,VIIRS_SNPP_SP,2021-03-05 06:03:00,2021-03-05 13:03:00
-6.10177,105.42219,333.95,0.39,0.36,2021-03-09,628,N,VIIRS,l,2,307.76,12.95,D,1,VIIRS_SNPP_SP,2021-03-09 06:28:00,2021-03-09 13:28:00
-6.09843,105.42476,325.24,0.51,0.5,2021-03-29,653,N,VIIRS,l,2,296.74,15.95,D,1,VIIRS_SNPP_SP,2021-03-29 06:53:00,2021-03-29 13:53:00
-6.10365,105.42182,313.9,0.42,0.37,2021-07-05,1811,N20,VIIRS,n,2,297.15,2.96,N,1,VIIRS_NOAA20_SP,2021-07-05 18:11:00,2021-07-06 01:11:00
-6.10516,105.42129,306.1,0.44,0.46,2021-07-22,1842,N,VIIRS,n,2,290.82,2.32,N,1,VIIRS_SNPP_SP,2021-07-22 18:42:00,2021-07-23 01:42:00
-6.10091,105.42193,306.77,0.44,0.46,2021-07-22,1842,N,VIIRS,n,2,291.29,2.32,N,1,VIIRS_SNPP_SP,2021-07-22 18:42:00,2021-07-23 01:42:00
-6.10263,105.42277,315.81,0.39,0.36,2021-07-23,1823,N,VIIRS,n,2,294.39,2.21,N,1,VIIRS_SNPP_SP,2021-07-23 18:23:00,2021-07-24 01:23:00
-6.10378,105.42266,310.75,0.49,0.41,2021-07-24,1804,N,VIIRS,n,2,294.73,2.72,N,1,VIIRS_SNPP_SP,2021-07-24 18:04:00,2021-07-25 01:04:00
-6.10175,105.4225,313.87,0.42,0.37,2021-07-21,1811,N20,VIIRS,n,2,293.44,3.23,N,1,VIIRS_NOAA20_SP,2021-07-21 18:11:00,2021-07-22 01:11:00
-6.10403,105.42502,307.36,0.42,0.38,2021-07-29,1811,N,VIIRS,n,2,294.8,1.96,N,1,VIIRS_SNPP_SP,2021-07-29 18:11:00,2021-07-30 01:11:00
-6.10342,105.42124,316.86,0.42,0.38,2021-07-29,1811,N,VIIRS,n,2,296.36,3.09,N,1,VIIRS_SNPP_SP,2021-07-29 18:11:00,2021-07-30 01:11:00
-6.10246,105.42311,315.23,0.54,0.42,2021-07-25,1836,N20,VIIRS,n,2,298.21,3.2,N,1,VIIRS_NOAA20_SP,2021-07-25 18:36:00,2021-07-26 01:36:00
-6.10287,105.42474,332.98,0.41,0.45,2021-07-30,648,N,VIIRS,l,2,304.6,8.74,D,1,VIIRS_SNPP_SP,2021-07-30 06:48:00,2021-07-30 13:48:00
-6.10298,105.42104,311.29,0.51,0.5,2021-07-30,1752,N,VIIRS,n,2,293.98,3.42,N,1,VIIRS_SNPP_SP,2021-07-30 17:52:00,2021-07-31 00:52:00
-6.10311,105.42361,332.89,0.52,0.41,2021-08-01,610,N,VIIRS,n,2,299.08,7.51,D,1,VIIRS_SNPP_SP,2021-08-01 06:10:00,2021-08-01 13:10:00
-6.10375,105.42403,315.88,0.45,0.47,2021-07-30,1842,N20,VIIRS,n,2,294.99,4.77,N,1,VIIRS_NOAA20_SP,2021-07-30 18:42:00,2021-07-31 01:42:00
-6.10063,105.42394,317.7,0.45,0.47,2021-07-30,1842,N20,VIIRS,n,2,294.98,4.75,N,1,VIIRS_NOAA20_SP,2021-07-30 18:42:00,2021-07-31 01:42:00
-6.1039,105.42384,316.0,0.39,0.37,2021-07-31,1823,N20,VIIRS,n,2,292.59,4.5,N,1,VIIRS_NOAA20_SP,2021-07-31 18:23:00,2021-08-01 01:23:00
-6.10405,105.42528,337.95,0.39,0.36,2021-08-03,623,N20,VIIRS,n,2,306.81,11.4,D,1,VIIRS_NOAA20_SP,2021-08-03 06:23:00,2021-08-03 13:23:00
-6.10136,105.42419,335.81,0.43,0.38,2021-08-06,617,N,VIIRS,n,2,302.75,13.58,D,1,VIIRS_SNPP_SP,2021-08-06 06:17:00,2021-08-06 13:17:00
-6.10392,105.4241,332.02,0.42,0.45,2021-08-07,648,N20,VIIRS,n,2,299.75,10.87,D,1,VIIRS_NOAA20_SP,2021-08-07 06:48:00,2021-08-07 13:48:00
-6.10412,105.4231,338.77,0.39,0.36,2021-08-08,629,N20,VIIRS,n,2,303.55,9.0,D,1,VIIRS_NOAA20_SP,2021-08-08 06:29:00,2021-08-08 13:29:00
-6.10169,105.42456,319.46,0.39,0.37,2021-08-16,1823,N20,VIIRS,n,2,295.87,4.41,N,1,VIIRS_NOAA20_SP,2021-08-16 18:23:00,2021-08-17 01:23:00
-6.10349,105.42489,328.83,0.35,0.56,2021-08-17,701,N20,VIIRS,n,2,297.31,8.27,D,1,VIIRS_NOAA20_SP,2021-08-17 07:01:00,2021-08-17 14:01:00
-6.10328,105.42149,317.59,0.49,0.4,2021-08-25,1805,N,VIIRS,n,2,295.84,4.03,N,1,VIIRS_SNPP_SP,2021-08-25 18:05:00,2021-08-26 01:05:00
-6.10325,105.4229,342.73,0.39,0.36,2021-08-27,623,N,VIIRS,n,2,311.65,11.66,D,1,VIIRS_SNPP_SP,2021-08-27 06:23:00,2021-08-27 13:23:00
-6.10452,105.42377,334.75,0.39,0.36,2021-08-24,629,N20,VIIRS,n,2,303.91,7.53,D,1,VIIRS_NOAA20_SP,2021-08-24 06:29:00,2021-08-24 13:29:00
-6.10435,105.42138,309.77,0.39,0.36,2021-08-27,1817,N20,VIIRS,n,2,295.32,1.6,N,1,VIIRS_NOAA20_SP,2021-08-27 18:17:00,2021-08-28 01:17:00
-6.10104,105.4219,322.09,0.39,0.36,2021-08-27,1817,N20,VIIRS,n,2,297.06,1.6,N,1,VIIRS_NOAA20_SP,2021-08-27 18:17:00,2021-08-28 01:17:00
-6.1045,105.4213,308.85,0.44,0.38,2021-08-29,1830,N,VIIRS,n,2,291.89,1.63,N,1,VIIRS_SNPP_SP,2021-08-29 18:30:00,2021-08-30 01:30:00
-6.10096,105.42185,308.88,0.44,0.38,2021-08-29,1830,N,VIIRS,n,2,291.96,1.63,N,1,VIIRS_SNPP_SP,2021-08-29 18:30:00,2021-08-30 01:30:00
-6.10133,105.4228,314.24,0.53,0.42,2021-09-03,1836,N,VIIRS,n,2,288.09,3.72,N,1,VIIRS_SNPP_SP,2021-09-03 18:36:00,2021-09-04 01:36:00
-6.10419,105.42324,331.39,0.51,0.41,2021-09-03,642,N20,VIIRS,l,2,301.77,6.84,D,1,VIIRS_NOAA20_SP,2021-09-03 06:42:00,2021-09-03 13:42:00
-6.10453,105.42141,316.04,0.39,0.36,2021-09-09,1824,N,VIIRS,n,2,296.98,3.36,N,1,VIIRS_SNPP_SP,2021-09-09 18:24:00,2021-09-10 01:24:00
-6.10117,105.42194,315.79,0.39,0.36,2021-09-09,1824,N,VIIRS,n,2,298.23,2.82,N,1,VIIRS_SNPP_SP,2021-09-09 18:24:00,2021-09-10 01:24:00
-6.10182,105.42342,338.72,0.39,0.36,2021-09-09,629,N20,VIIRS,l,2,311.79,10.46,D,1,VIIRS_NOAA20_SP,2021-09-09 06:29:00,2021-09-09 13:29:00
-6.10395,105.42416,333.85,0.51,0.41,2021-09-10,610,N20,VIIRS,l,2,304.86,8.26,D,1,VIIRS_NOAA20_SP,2021-09-10 06:10:00,2021-09-10 13:10:00
-6.10288,105.42274,336.56,0.39,0.36,2021-09-20,623,N20,VIIRS,n,2,301.89,5.42,D,1,VIIRS_NOAA20_SP,2021-09-20 06:23:00,2021-09-20 13:23:00
-6.10327,105.42429,327.44,0.39,0.36,2021-09-25,1824,N,VIIRS,n,2,290.28,4.02,N,1,VIIRS_SNPP_SP,2021-09-25 18:24:00,2021-09-26 01:24:00
-6.10396,105.42222,330.22,0.5,0.41,2021-09-27,642,N,VIIRS,n,2,291.04,12.24,D,1,VIIRS_SNPP_SP,2021-09-27 06:42:00,2021-09-27 13:42:00
-6.1037,105.42435,330.25,0.5,0.41,2021-09-27,642,N,VIIRS,n,2,292.08,12.22,D,1,VIIRS_SNPP_SP,2021-09-27 06:42:00,2021-09-27 13:42:00
-6.10248,105.42529,334.81,0.39,0.36,2021-09-25,629,N20,VIIRS,n,2,304.25,6.77,D,1,VIIRS_NOAA20_SP,2021-09-25 06:29:00,2021-09-25 13:29:00
-6.09915,105.4248,331.19,0.39,0.36,2021-09-25,629,N20,VIIRS,l,2,306.16,6.77,D,1,VIIRS_NOAA20_SP,2021-09-25 06:29:00,2021-09-25 13:29:00
-6.10235,105.42398,331.31,0.43,0.46,2021-09-29,605,N,VIIRS,n,2,296.93,7.41,D,1,VIIRS_SNPP_SP,2021-09-29 06:05:00,2021-09-29 13:05:00
-6.10059,105.42415,336.39,0.42,0.45,2021-10-02,649,N,VIIRS,n,2,297.72,10.83,D,1,VIIRS_SNPP_SP,2021-10-02 06:49:00,2021-10-02 13:49:00
-6.10373,105.42356,331.93,0.39,0.36,2021-09-28,1817,N20,VIIRS,n,2,294.06,2.87,N,1,VIIRS_NOAA20_SP,2021-09-28 18:17:00,2021-09-29 01:17:00
-6.10042,105.42406,309.4,0.39,0.36,2021-09-28,1817,N20,VIIRS,n,2,293.41,2.87,N,1,VIIRS_NOAA20_SP,2021-09-28 18:17:00,2021-09-29 01:17:00
-6.1042,105.42473,339.16,0.43,0.38,2021-09-30,635,N20,VIIRS,n,2,304.42,9.43,D,1,VIIRS_NOAA20_SP,2021-09-30 06:35:00,2021-09-30 13:35:00
-6.10264,105.42223,331.67,0.45,0.47,2021-10-02,1842,N20,VIIRS,n,2,293.47,6.1,N,1,VIIRS_NOAA20_SP,2021-10-02 18:42:00,2021-10-03 01:42:00
-6.103,105.42387,342.47,0.39,0.36,2021-10-03,630,N,VIIRS,n,2,299.59,9.98,D,1,VIIRS_SNPP_SP,2021-10-03 06:30:00,2021-10-03 13:30:00
-6.10405,105.42387,307.03,0.53,0.42,2021-10-05,1836,N,VIIRS,n,2,275.95,2.44,N,1,VIIRS_SNPP_SP,2021-10-05 18:36:00,2021-10-06 01:36:00
-6.10511,105.42461,313.77,0.4,0.45,2021-10-07,1759,N,VIIRS,n,2,294.27,1.6,N,1,VIIRS_SNPP_SP,2021-10-07 17:59:00,2021-10-08 00:59:00
-6.10451,105.42097,312.44,0.4,0.45,2021-10-07,1759,N,VIIRS,n,2,294.95,1.6,N,1,VIIRS_SNPP_SP,2021-10-07 17:59:00,2021-10-08 00:59:00
-6.10099,105.42526,308.92,0.4,0.45,2021-10-07,1759,N,VIIRS,n,2,293.89,1.6,N,1,VIIRS_SNPP_SP,2021-10-07 17:59:00,2021-10-08 00:59:00
-6.1004,105.42163,312.08,0.4,0.45,2021-10-07,1759,N,VIIRS,n,2,294.93,1.6,N,1,VIIRS_SNPP_SP,2021-10-07 17:59:00,2021-10-08 00:59:00
-6.1028,105.42256,309.6,0.49,0.4,2021-10-04,1804,N20,VIIRS,n,2,276.35,2.63,N,1,VIIRS_NOAA20_SP,2021-10-04 18:04:00,2021-10-05 01:04:00
-6.10343,105.42548,338.32,0.51,0.41,2021-10-05,642,N20,VIIRS,n,2,307.79,19.47,D,1,VIIRS_NOAA20_SP,2021-10-05 06:42:00,2021-10-05 13:42:00
-6.10421,105.42382,312.95,0.57,0.52,2021-10-07,1848,N20,VIIRS,n,2,293.73,3.39,N,1,VIIRS_NOAA20_SP,2021-10-07 18:48:00,2021-10-08 01:48:00
-6.10349,105.41882,309.47,0.57,0.52,2021-10-07,1848,N20,VIIRS,n,2,293.41,3.39,N,1,VIIRS_NOAA20_SP,2021-10-07 18:48:00,2021-10-08 01:48:00
-6.10174,105.42528,307.51,0.44,0.46,2021-10-10,1842,N,VIIRS,n,2,281.25,1.27,N,1,VIIRS_SNPP_SP,2021-10-10 18:42:00,2021-10-11 01:42:00
-6.10114,105.42117,302.99,0.44,0.46,2021-10-10,1842,N,VIIRS,n,2,278.77,1.27,N,1,VIIRS_SNPP_SP,2021-10-10 18:42:00,2021-10-11 01:42:00
-6.1047,105.42343,333.79,0.34,0.56,2021-10-12,701,N,VIIRS,n,2,295.97,10.18,D,1,VIIRS_SNPP_SP,2021-10-12 07:01:00,2021-10-12 14:01:00
-6.10407,105.42204,333.08,0.34,0.56,2021-10-12,701,N,VIIRS,n,2,295.73,10.28,D,1,VIIRS_SNPP_SP,2021-10-12 07:01:00,2021-10-12 14:01:00
-6.10499,105.42088,309.78,0.49,0.4,2021-10-12,1805,N,VIIRS,n,2,290.73,2.42,N,1,VIIRS_SNPP_SP,2021-10-12 18:05:00,2021-10-13 01:05:00
-6.10198,105.42587,307.5,0.49,0.4,2021-10-12,1805,N,VIIRS,n,2,290.6,2.42,N,1,VIIRS_SNPP_SP,2021-10-12 18:05:00,2021-10-13 01:05:00
-6.10126,105.42152,313.94,0.49,0.4,2021-10-12,1805,N,VIIRS,n,2,291.6,2.42,N,1,VIIRS_SNPP_SP,2021-10-12 18:05:00,2021-10-13 01:05:00
-6.10268,105.42332,335.37,0.44,0.62,2021-10-09,707,N20,VIIRS,n,2,296.69,15.01,D,1,VIIRS_NOAA20_SP,2021-10-09 07:07:00,2021-10-09 14:07:00
-6.10295,105.4243,336.48,0.39,0.36,2021-10-11,629,N20,VIIRS,n,2,285.79,8.67,D,1,VIIRS_NOAA20_SP,2021-10-11 06:29:00,2021-10-11 13:29:00
-6.10416,105.42354,333.56,0.39,0.36,2021-10-14,624,N,VIIRS,n,2,289.35,5.34,D,1,VIIRS_SNPP_SP,2021-10-14 06:24:00,2021-10-14 13:24:00
-6.10402,105.42484,308.37,0.44,0.38,2021-10-16,1830,N,VIIRS,n,2,289.31,1.95,N,1,VIIRS_SNPP_SP,2021-10-16 18:30:00,2021-10-17 01:30:00
-6.1034,105.42086,319.48,0.44,0.38,2021-10-16,1830,N,VIIRS,n,2,290.85,1.95,N,1,VIIRS_SNPP_SP,2021-10-16 18:30:00,2021-10-17 01:30:00
-6.10269,105.42224,326.96,0.44,0.38,2021-10-16,1830,N,VIIRS,n,2,292.17,4.19,N,1,VIIRS_SNPP_SP,2021-10-16 18:30:00,2021-10-17 01:30:00
-6.10347,105.42423,312.75,0.53,0.42,2021-10-13,1835,N20,VIIRS,n,2,287.75,2.43,N,1,VIIRS_NOAA20_SP,2021-10-13 18:35:00,2021-10-14 01:35:00
-6.10277,105.41948,308.39,0.53,0.42,2021-10-13,1835,N20,VIIRS,n,2,286.28,2.43,N,1,VIIRS_NOAA20_SP,2021-10-13 18:35:00,2021-10-14 01:35:00
-6.10213,105.42345,310.31,0.39,0.36,2021-10-14,1817,N20,VIIRS,n,2,284.23,2.97,N,1,VIIRS_NOAA20_SP,2021-10-14 18:17:00,2021-10-15 01:17:00
-6.10373,105.42173,319.41,0.4,0.44,2021-10-15,1758,N20,VIIRS,n,2,291.65,2.38,N,1,VIIRS_NOAA20_SP,2021-10-15 17:58:00,2021-10-16 00:58:00
-6.09965,105.42233,310.19,0.4,0.44,2021-10-15,1758,N20,VIIRS,n,2,291.08,2.38,N,1,VIIRS_NOAA20_SP,2021-10-15 17:58:00,2021-10-16 00:58:00
-6.10542,105.42192,336.84,0.43,0.38,2021-10-16,635,N20,VIIRS,n,2,303.97,5.44,D,1,VIIRS_NOAA20_SP,2021-10-16 06:35:00,2021-10-16 13:35:00
-6.10194,105.42138,333.27,0.43,0.38,2021-10-16,635,N20,VIIRS,n,2,302.82,5.44,D,1,VIIRS_NOAA20_SP,2021-10-16 06:35:00,2021-10-16 13:35:00
-6.10462,105.42193,309.21,0.53,0.42,2021-10-21,1836,N,VIIRS,n,2,280.58,2.01,N,1,VIIRS_SNPP_SP,2021-10-21 18:36:00,2021-10-22 01:36:00
-6.10077,105.4226,308.73,0.53,0.42,2021-10-21,1836,N,VIIRS,n,2,282.12,2.01,N,1,VIIRS_SNPP_SP,2021-10-21 18:36:00,2021-10-22 01:36:00
-6.10147,105.42279,330.52,0.43,0.38,2021-10-25,618,N,VIIRS,l,2,288.64,6.15,D,1,VIIRS_SNPP_SP,2021-10-25 06:18:00,2021-10-25 13:18:00
-6.1027,105.42281,307.17,0.44,0.46,2021-10-26,1843,N,VIIRS,n,2,271.8,1.5,N,1,VIIRS_SNPP_SP,2021-10-26 18:43:00,2021-10-27 01:43:00
-6.10262,105.42257,335.73,0.44,0.38,2021-10-24,1829,N20,VIIRS,n,2,294.79,6.75,N,1,VIIRS_NOAA20_SP,2021-10-24 18:29:00,2021-10-25 01:29:00
-6.10312,105.42267,326.87,0.42,0.37,2021-10-25,1810,N20,VIIRS,n,2,296.16,4.05,N,1,VIIRS_NOAA20_SP,2021-10-25 18:10:00,2021-10-26 01:10:00
-6.10377,105.42368,332.08,0.42,0.45,2021-10-26,648,N20,VIIRS,n,2,293.15,10.05,D,1,VIIRS_NOAA20_SP,2021-10-26 06:48:00,2021-10-26 13:48:00
-6.10188,105.42349,329.51,0.42,0.45,2021-10-26,648,N20,VIIRS,n,2,292.13,9.33,D,1,VIIRS_NOAA20_SP,2021-10-26 06:48:00,2021-10-26 13:48:00
-6.10372,105.42091,312.44,0.51,0.5,2021-10-26,1751,N20,VIIRS,n,2,282.31,2.28,N,1,VIIRS_NOAA20_SP,2021-10-26 17:51:00,2021-10-27 00:51:00
-6.09917,105.42162,304.5,0.51,0.5,2021-10-26,1751,N20,VIIRS,n,2,282.51,2.28,N,1,VIIRS_NOAA20_SP,2021-10-26 17:51:00,2021-10-27 00:51:00
-6.10407,105.42441,333.02,0.39,0.36,2021-10-30,624,N,VIIRS,n,2,300.82,5.85,D,1,VIIRS_SNPP_SP,2021-10-30 06:24:00,2021-10-30 13:24:00
-6.10073,105.42389,334.52,0.39,0.36,2021-10-30,624,N,VIIRS,n,2,301.48,5.85,D,1,VIIRS_SNPP_SP,2021-10-30 06:24:00,2021-10-30 13:24:00
-6.10229,105.42489,340.56,0.39,0.36,2022-02-03,623,N,VIIRS,l,2,302.85,15.74,D,1,VIIRS_SNPP_SP,2022-02-03 06:23:00,2022-02-03 13:23:00
-6.1073,105.42306,355.72,0.54,0.68,2022-02-03,712,N20,VIIRS,n,2,285.57,14.42,D,1,VIIRS_NOAA20_SP,2022-02-03 07:12:00,2022-02-03 14:12:00
-6.10641,105.42812,341.72,0.54,0.68,2022-02-03,712,N20,VIIRS,n,2,283.4,12.38,D,1,VIIRS_NOAA20_SP,2022-02-03 07:12:00,2022-02-03 14:12:00
-6.10586,105.42239,354.14,0.54,0.68,2022-02-03,712,N20,VIIRS,n,2,285.63,23.82,D,1,VIIRS_NOAA20_SP,2022-02-03 07:12:00,2022-02-03 14:12:00
-6.10493,105.42748,356.36,0.54,0.68,2022-02-03,712,N20,VIIRS,l,2,283.98,23.87,D,1,VIIRS_NOAA20_SP,2022-02-03 07:12:00,2022-02-03 14:12:00
-6.10115,105.42165,344.66,0.54,0.68,2022-02-03,712,N20,VIIRS,n,2,285.75,14.42,D,1,VIIRS_NOAA20_SP,2022-02-03 07:12:00,2022-02-03 14:12:00
-6.10021,105.42699,329.69,0.54,0.68,2022-02-03,712,N20,VIIRS,n,2,284.83,12.38,D,1,VIIRS_NOAA20_SP,2022-02-03 07:12:00,2022-02-03 14:12:00
-6.10233,105.42441,340.48,0.51,0.49,2022-02-04,653,N20,VIIRS,n,2,285.37,13.64,D,1,VIIRS_NOAA20_SP,2022-02-04 06:53:00,2022-02-04 13:53:00
-6.1011,105.42377,339.52,0.52,0.5,2022-03-24,654,N20,VIIRS,n,2,300.58,7.76,D,1,VIIRS_NOAA20_SP,2022-03-24 06:54:00,2022-03-24 13:54:00
-6.0965,105.42319,328.75,0.52,0.5,2022-03-24,654,N20,VIIRS,l,2,300.61,7.76,D,1,VIIRS_NOAA20_SP,2022-03-24 06:54:00,2022-03-24 13:54:00
-6.09568,105.42809,328.61,0.52,0.5,2022-03-24,654,N20,VIIRS,l,2,299.62,7.76,D,3,VIIRS_NOAA20_SP,2022-03-24 06:54:00,2022-03-24 13:54:00
-6.10396,105.42618,339.82,0.46,0.64,2022-04-18,545,N20,VIIRS,n,2,283.93,14.39,D,1,VIIRS_NOAA20_SP,2022-04-18 05:45:00,2022-04-18 12:45:00
-6.10428,105.42513,328.04,0.43,0.62,2022-04-19,707,N20,VIIRS,n,2,271.48,8.71,D,1,VIIRS_NOAA20_SP,2022-04-19 07:07:00,2022-04-19 14:07:00
-6.09766,105.42144,349.1,0.5,0.41,2022-04-22,1804,N,VIIRS,n,2,266.03,4.27,N,1,VIIRS_SNPP_SP,2022-04-22 18:04:00,2022-04-23 01:04:00
-6.09686,105.41663,323.98,0.5,0.41,2022-04-22,1804,N,VIIRS,n,2,265.74,4.27,N,3,VIIRS_SNPP_SP,2022-04-22 18:04:00,2022-04-23 01:04:00
-6.0961,105.41209,305.22,0.5,0.41,2022-04-22,1804,N,VIIRS,n,2,267.99,4.82,N,3,VIIRS_SNPP_SP,2022-04-22 18:04:00,2022-04-23 01:04:00
-6.09388,105.422,318.72,0.5,0.41,2022-04-22,1804,N,VIIRS,n,2,265.14,4.27,N,1,VIIRS_SNPP_SP,2022-04-22 18:04:00,2022-04-23 01:04:00
-6.09311,105.41737,308.81,0.5,0.41,2022-04-22,1804,N,VIIRS,n,2,267.01,4.27,N,3,VIIRS_SNPP_SP,2022-04-22 18:04:00,2022-04-23 01:04:00
-6.10732,105.41779,336.34,0.44,0.46,2022-04-25,604,N,VIIRS,n,2,295.37,9.22,D,3,VIIRS_SNPP_SP,2022-04-25 06:04:00,2022-04-25 13:04:00
-6.10673,105.42193,350.4,0.44,0.46,2022-04-25,604,N,VIIRS,n,2,300.23,9.22,D,1,VIIRS_SNPP_SP,2022-04-25 06:04:00,2022-04-25 13:04:00
-6.10189,105.42536,330.36,0.44,0.46,2022-04-25,604,N,VIIRS,n,2,294.31,14.35,D,1,VIIRS_SNPP_SP,2022-04-25 06:04:00,2022-04-25 13:04:00
-6.11004,105.46767,309.47,0.36,0.57,2022-04-22,1855,N20,VIIRS,n,2,277.37,3.7,N,3,VIIRS_NOAA20_SP,2022-04-22 18:55:00,2022-04-23 01:55:00
-6.10958,105.46443,310.49,0.36,0.57,2022-04-22,1855,N20,VIIRS,n,2,277.63,1.76,N,3,VIIRS_NOAA20_SP,2022-04-22 18:55:00,2022-04-23 01:55:00
-6.10912,105.4612,309.8,0.36,0.57,2022-04-22,1855,N20,VIIRS,n,2,276.84,1.76,N,3,VIIRS_NOAA20_SP,2022-04-22 18:55:00,2022-04-23 01:55:00
-6.10432,105.46518,309.84,0.36,0.57,2022-04-22,1855,N20,VIIRS,n,2,276.55,2.43,N,3,VIIRS_NOAA20_SP,2022-04-22 18:55:00,2022-04-23 01:55:00
-6.10386,105.46194,317.14,0.36,0.57,2022-04-22,1855,N20,VIIRS,n,2,277.09,2.43,N,3,VIIRS_NOAA20_SP,2022-04-22 18:55:00,2022-04-23 01:55:00
-6.10339,105.45866,319.15,0.36,0.57,2022-04-22,1855,N20,VIIRS,n,2,277.08,1.69,N,3,VIIRS_NOAA20_SP,2022-04-22 18:55:00,2022-04-23 01:55:00
-6.10284,105.45482,315.7,0.36,0.57,2022-04-22,1855,N20,VIIRS,n,2,277.47,1.69,N,3,VIIRS_NOAA20_SP,2022-04-22 18:55:00,2022-04-23 01:55:00
-6.10241,105.45177,313.47,0.36,0.57,2022-04-22,1855,N20,VIIRS,n,2,277.46,1.7,N,0,VIIRS_NOAA20_SP,2022-04-22 18:55:00,2022-04-23 01:55:00
-6.10202,105.44901,318.54,0.36,0.57,2022-04-22,1855,N20,VIIRS,n,2,275.49,1.7,N,3,VIIRS_NOAA20_SP,2022-04-22 18:55:00,2022-04-23 01:55:00
-6.10156,105.44579,308.8,0.36,0.57,2022-04-22,1855,N20,VIIRS,n,2,264.62,1.86,N,3,VIIRS_NOAA20_SP,2022-04-22 18:55:00,2022-04-23 01:55:00
-6.09807,105.45903,309.03,0.36,0.57,2022-04-22,1855,N20,VIIRS,n,2,277.47,1.69,N,3,VIIRS_NOAA20_SP,2022-04-22 18:55:00,2022-04-23 01:55:00
-6.09756,105.45541,306.36,0.36,0.57,2022-04-22,1855,N20,VIIRS,n,2,278.11,1.69,N,0,VIIRS_NOAA20_SP,2022-04-22 18:55:00,2022-04-23 01:55:00
-6.09712,105.45228,310.05,0.36,0.57,2022-04-22,1855,N20,VIIRS,n,2,278.04,1.7,N,0,VIIRS_NOAA20_SP,2022-04-22 18:55:00,2022-04-23 01:55:00
-6.0967,105.44934,309.93,0.36,0.57,2022-04-22,1855,N20,VIIRS,n,2,276.6,1.7,N,3,VIIRS_NOAA20_SP,2022-04-22 18:55:00,2022-04-23 01:55:00
-6.0963,105.44653,311.03,0.36,0.57,2022-04-22,1855,N20,VIIRS,n,2,274.04,1.86,N,3,VIIRS_NOAA20_SP,2022-04-22 18:55:00,2022-04-23 01:55:00
-6.09585,105.44331,309.11,0.36,0.57,2022-04-22,1855,N20,VIIRS,n,2,274.9,1.86,N,3,VIIRS_NOAA20_SP,2022-04-22 18:55:00,2022-04-23 01:55:00
-6.0928,105.45969,305.42,0.36,0.57,2022-04-22,1855,N20,VIIRS,n,2,277.8,2.77,N,0,VIIRS_NOAA20_SP,2022-04-22 18:55:00,2022-04-23 01:55:00
-6.10442,105.42651,342.76,0.52,0.5,2022-04-25,655,N20,VIIRS,n,2,295.5,12.84,D,1,VIIRS_NOAA20_SP,2022-04-25 06:55:00,2022-04-25 13:55:00
-6.09982,105.4259,328.18,0.52,0.5,2022-04-25,655,N20,VIIRS,n,2,295.73,12.84,D,1,VIIRS_NOAA20_SP,2022-04-25 06:55:00,2022-04-25 13:55:00
-6.10537,105.41789,317.1,0.41,0.45,2022-04-25,1758,N20,VIIRS,n,2,270.51,3.9,N,1,VIIRS_NOAA20_SP,2022-04-25 17:58:00,2022-04-26 00:58:00
-6.10192,105.42249,330.87,0.41,0.45,2022-04-25,1758,N20,VIIRS,n,2,271.88,3.9,N,1,VIIRS_NOAA20_SP,2022-04-25 17:58:00,2022-04-26 00:58:00
-6.10127,105.41867,336.38,0.41,0.45,2022-04-25,1758,N20,VIIRS,n,2,272.3,3.9,N,1,VIIRS_NOAA20_SP,2022-04-25 17:58:00,2022-04-26 00:58:00
-6.10403,105.42394,333.99,0.43,0.38,2022-04-26,1829,N,VIIRS,n,2,291.79,9.33,N,1,VIIRS_SNPP_SP,2022-04-26 18:29:00,2022-04-27 01:29:00
-6.10052,105.42452,310.68,0.43,0.38,2022-04-26,1829,N,VIIRS,n,2,287.83,2.76,N,1,VIIRS_SNPP_SP,2022-04-26 18:29:00,2022-04-27 01:29:00
-6.09992,105.42059,334.09,0.43,0.38,2022-04-26,1829,N,VIIRS,n,2,291.84,4.59,N,1,VIIRS_SNPP_SP,2022-04-26 18:29:00,2022-04-27 01:29:00
-6.09936,105.41689,326.07,0.43,0.38,2022-04-26,1829,N,VIIRS,n,2,290.33,4.59,N,1,VIIRS_SNPP_SP,2022-04-26 18:29:00,2022-04-27 01:29:00
-6.10418,105.41921,352.97,0.39,0.36,2022-04-29,629,N,VIIRS,n,2,302.02,8.13,D,1,VIIRS_SNPP_SP,2022-04-29 06:29:00,2022-04-29 13:29:00
-6.10085,105.41871,350.2,0.39,0.36,2022-04-29,629,N,VIIRS,n,2,300.85,8.13,D,1,VIIRS_SNPP_SP,2022-04-29 06:29:00,2022-04-29 13:29:00
-6.10654,105.42428,309.54,0.55,0.68,2022-04-29,1733,N,VIIRS,n,2,287.83,2.9,N,1,VIIRS_SNPP_SP,2022-04-29 17:33:00,2022-04-30 00:33:00
-6.10561,105.41927,326.72,0.55,0.68,2022-04-29,1733,N,VIIRS,n,2,288.97,2.9,N,1,VIIRS_SNPP_SP,2022-04-29 17:33:00,2022-04-30 00:33:00
-6.10372,105.42104,336.54,0.55,0.68,2022-04-29,1733,N,VIIRS,n,2,290.1,5.68,N,1,VIIRS_SNPP_SP,2022-04-29 17:33:00,2022-04-30 00:33:00
-6.1026,105.41472,307.93,0.55,0.68,2022-04-29,1733,N,VIIRS,n,2,288.04,5.68,N,1,VIIRS_SNPP_SP,2022-04-29 17:33:00,2022-04-30 00:33:00
-6.10023,105.42548,304.19,0.55,0.68,2022-04-29,1733,N,VIIRS,n,2,287.75,2.9,N,1,VIIRS_SNPP_SP,2022-04-29 17:33:00,2022-04-30 00:33:00
-6.09932,105.42059,317.08,0.55,0.68,2022-04-29,1733,N,VIIRS,n,2,288.58,2.9,N,1,VIIRS_SNPP_SP,2022-04-29 17:33:00,2022-04-30 00:33:00
-6.10645,105.42239,327.45,0.53,0.42,2022-04-30,610,N,VIIRS,n,2,289.72,11.86,D,1,VIIRS_SNPP_SP,2022-04-30 06:10:00,2022-04-30 13:10:00
-6.10467,105.42017,344.67,0.53,0.42,2022-04-30,610,N,VIIRS,n,2,292.87,7.49,D,1,VIIRS_SNPP_SP,2022-04-30 06:10:00,2022-04-30 13:10:00
-6.104,105.42493,340.88,0.53,0.42,2022-04-30,610,N,VIIRS,n,2,291.19,7.49,D,1,VIIRS_SNPP_SP,2022-04-30 06:10:00,2022-04-30 13:10:00
-6.10331,105.41702,326.07,0.53,0.42,2022-04-30,610,N,VIIRS,n,2,287.83,5.84,D,1,VIIRS_SNPP_SP,2022-04-30 06:10:00,2022-04-30 13:10:00
-6.10258,105.42195,354.39,0.53,0.42,2022-04-30,610,N,VIIRS,n,2,293.25,11.86,D,1,VIIRS_SNPP_SP,2022-04-30 06:10:00,2022-04-30 13:10:00
-6.10082,105.41955,340.93,0.53,0.42,2022-04-30,610,N,VIIRS,n,2,290.67,7.49,D,1,VIIRS_SNPP_SP,2022-04-30 06:10:00,2022-04-30 13:10:00
-6.10015,105.4243,330.21,0.53,0.42,2022-04-30,610,N,VIIRS,n,2,285.58,7.49,D,1,VIIRS_SNPP_SP,2022-04-30 06:10:00,2022-04-30 13:10:00
-6.10022,105.42021,298.57,0.35,0.57,2022-04-30,1854,N,VIIRS,n,2,271.33,0.93,N,1,VIIRS_SNPP_SP,2022-04-30 18:54:00,2022-05-01 01:54:00
-6.09979,105.41725,298.3,0.35,0.57,2022-04-30,1854,N,VIIRS,n,2,268.81,0.93,N,1,VIIRS_SNPP_SP,2022-04-30 18:54:00,2022-05-01 01:54:00
-6.1068,105.42022,326.28,0.39,0.36,2022-04-29,1823,N20,VIIRS,n,2,296.15,4.77,N,1,VIIRS_NOAA20_SP,2022-04-29 18:23:00,2022-04-30 01:23:00
-6.10626,105.41672,314.27,0.39,0.36,2022-04-29,1823,N20,VIIRS,n,2,293.9,3.22,N,3,VIIRS_NOAA20_SP,2022-04-29 18:23:00,2022-04-30 01:23:00
-6.10292,105.41723,332.76,0.39,0.36,2022-04-29,1823,N20,VIIRS,n,2,298.3,4.0,N,1,VIIRS_NOAA20_SP,2022-04-29 18:23:00,2022-04-30 01:23:00
-6.09959,105.41774,321.42,0.39,0.36,2022-04-29,1823,N20,VIIRS,n,2,296.14,4.0,N,1,VIIRS_NOAA20_SP,2022-04-29 18:23:00,2022-04-30 01:23:00
-6.10302,105.42,330.29,0.33,0.56,2022-04-30,701,N20,VIIRS,n,2,279.09,9.21,D,1,VIIRS_NOAA20_SP,2022-04-30 07:01:00,2022-04-30 14:01:00
-6.10251,105.42303,341.64,0.33,0.56,2022-04-30,701,N20,VIIRS,n,2,279.83,10.49,D,1,VIIRS_NOAA20_SP,2022-04-30 07:01:00,2022-04-30 14:01:00
-6.1002,105.42203,330.41,0.33,0.56,2022-04-30,701,N20,VIIRS,n,2,278.61,7.28,D,1,VIIRS_NOAA20_SP,2022-04-30 07:01:00,2022-04-30 14:01:00
-6.10531,105.42348,332.38,0.5,0.41,2022-04-30,1805,N20,VIIRS,n,2,287.76,8.42,N,1,VIIRS_NOAA20_SP,2022-04-30 18:05:00,2022-05-01 01:05:00
-6.10456,105.41898,333.08,0.5,0.41,2022-04-30,1805,N20,VIIRS,n,2,288.89,9.67,N,1,VIIRS_NOAA20_SP,2022-04-30 18:05:00,2022-05-01 01:05:00
-6.10157,105.42406,336.02,0.5,0.41,2022-04-30,1805,N20,VIIRS,n,2,289.39,8.39,N,1,VIIRS_NOAA20_SP,2022-04-30 18:05:00,2022-05-01 01:05:00
-6.10082,105.41956,335.03,0.5,0.41,2022-04-30,1805,N20,VIIRS,n,2,289.74,10.07,N,1,VIIRS_NOAA20_SP,2022-04-30 18:05:00,2022-05-01 01:05:00
-6.10629,105.42059,311.92,0.42,0.45,2022-05-03,1758,N,VIIRS,n,2,276.45,1.57,N,1,VIIRS_SNPP_SP,2022-05-03 17:58:00,2022-05-04 00:58:00
-6.10277,105.42515,313.84,0.42,0.45,2022-05-03,1758,N,VIIRS,n,2,281.35,1.26,N,1,VIIRS_SNPP_SP,2022-05-03 17:58:00,2022-05-04 00:58:00
-6.10216,105.42146,315.25,0.42,0.45,2022-05-03,1758,N,VIIRS,n,2,280.2,2.28,N,1,VIIRS_SNPP_SP,2022-05-03 17:58:00,2022-05-04 00:58:00
-6.10575,105.41959,345.06,0.39,0.36,2022-05-02,623,N20,VIIRS,n,2,296.46,6.23,D,1,VIIRS_NOAA20_SP,2022-05-02 06:23:00,2022-05-02 13:23:00
-6.10522,105.42313,351.62,0.39,0.36,2022-05-02,623,N20,VIIRS,n,2,295.01,11.66,D,1,VIIRS_NOAA20_SP,2022-05-02 06:23:00,2022-05-02 13:23:00
-6.10241,105.41909,338.59,0.39,0.36,2022-05-02,623,N20,VIIRS,n,2,296.02,6.23,D,1,VIIRS_NOAA20_SP,2022-05-02 06:23:00,2022-05-02 13:23:00
-6.10188,105.42262,354.52,0.39,0.36,2022-05-02,623,N20,VIIRS,n,2,298.54,11.66,D,1,VIIRS_NOAA20_SP,2022-05-02 06:23:00,2022-05-02 13:23:00
-6.105,105.42109,320.83,0.56,0.51,2022-05-03,1848,N20,VIIRS,n,2,288.92,3.65,N,1,VIIRS_NOAA20_SP,2022-05-03 18:48:00,2022-05-04 01:48:00
-6.10432,105.4165,313.68,0.56,0.51,2022-05-03,1848,N20,VIIRS,n,2,287.71,3.65,N,1,VIIRS_NOAA20_SP,2022-05-03 18:48:00,2022-05-04 01:48:00
-6.10031,105.42184,326.73,0.56,0.51,2022-05-03,1848,N20,VIIRS,n,2,289.59,3.65,N,1,VIIRS_NOAA20_SP,2022-05-03 18:48:00,2022-05-04 01:48:00
-6.09967,105.41752,309.15,0.56,0.51,2022-05-03,1848,N20,VIIRS,n,2,287.9,3.65,N,1,VIIRS_NOAA20_SP,2022-05-03 18:48:00,2022-05-04 01:48:00
-6.10666,105.4186,313.92,0.56,0.51,2022-05-03,1849,N20,VIIRS,n,2,287.47,5.01,N,1,VIIRS_NOAA20_SP,2022-05-03 18:49:00,2022-05-04 01:49:00
-6.10262,105.42405,327.61,0.56,0.51,2022-05-03,1849,N20,VIIRS,n,2,289.64,5.01,N,1,VIIRS_NOAA20_SP,2022-05-03 18:49:00,2022-05-04 01:49:00
-6.10193,105.41915,324.95,0.56,0.51,2022-05-03,1849,N20,VIIRS,n,2,289.78,5.01,N,1,VIIRS_NOAA20_SP,2022-05-03 18:49:00,2022-05-04 01:49:00
-6.10375,105.42397,329.45,0.39,0.36,2022-05-07,1823,N,VIIRS,n,2,283.54,2.17,N,1,VIIRS_SNPP_SP,2022-05-07 18:23:00,2022-05-08 01:23:00
-6.10321,105.42046,327.2,0.39,0.36,2022-05-07,1823,N,VIIRS,n,2,282.59,3.31,N,1,VIIRS_SNPP_SP,2022-05-07 18:23:00,2022-05-08 01:23:00
-6.10041,105.4245,309.13,0.39,0.36,2022-05-07,1823,N,VIIRS,n,2,280.16,2.17,N,1,VIIRS_SNPP_SP,2022-05-07 18:23:00,2022-05-08 01:23:00
-6.09986,105.42097,323.29,0.39,0.36,2022-05-07,1823,N,VIIRS,n,2,282.82,3.31,N,1,VIIRS_SNPP_SP,2022-05-07 18:23:00,2022-05-08 01:23:00
-6.10586,105.42148,325.55,0.5,0.41,2022-05-08,1804,N,VIIRS,n,2,286.39,4.18,N,1,VIIRS_SNPP_SP,2022-05-08 18:04:00,2022-05-09 01:04:00
-6.10209,105.42211,338.88,0.5,0.41,2022-05-08,1804,N,VIIRS,n,2,289.51,4.18,N,1,VIIRS_SNPP_SP,2022-05-08 18:04:00,2022-05-09 01:04:00
-6.10128,105.41719,307.21,0.5,0.41,2022-05-08,1804,N,VIIRS,n,2,285.66,4.18,N,1,VIIRS_SNPP_SP,2022-05-08 18:04:00,2022-05-09 01:04:00
-6.10367,105.41961,332.11,0.49,0.4,2022-05-09,641,N,VIIRS,n,2,301.29,6.27,D,1,VIIRS_SNPP_SP,2022-05-09 06:41:00,2022-05-09 13:41:00
-6.10295,105.42404,342.25,0.49,0.4,2022-05-09,641,N,VIIRS,n,2,300.12,6.27,D,1,VIIRS_SNPP_SP,2022-05-09 06:41:00,2022-05-09 13:41:00
-6.10228,105.42052,338.74,0.49,0.4,2022-05-09,641,N,VIIRS,n,2,302.74,8.85,D,1,VIIRS_SNPP_SP,2022-05-09 06:41:00,2022-05-09 13:41:00
-6.10158,105.42501,337.16,0.49,0.4,2022-05-09,641,N,VIIRS,n,2,300.16,8.85,D,1,VIIRS_SNPP_SP,2022-05-09 06:41:00,2022-05-09 13:41:00
-6.10446,105.42247,343.45,0.39,0.36,2022-05-10,622,N,VIIRS,n,2,306.08,7.92,D,1,VIIRS_SNPP_SP,2022-05-10 06:22:00,2022-05-10 13:22:00
-6.10393,105.42599,338.13,0.39,0.36,2022-05-10,622,N,VIIRS,n,2,307.28,7.6,D,1,VIIRS_SNPP_SP,2022-05-10 06:22:00,2022-05-10 13:22:00
-6.1011,105.42195,344.92,0.39,0.36,2022-05-10,622,N,VIIRS,n,2,308.41,7.92,D,1,VIIRS_SNPP_SP,2022-05-10 06:22:00,2022-05-10 13:22:00
-6.10057,105.42548,339.96,0.39,0.36,2022-05-10,622,N,VIIRS,n,2,308.59,7.6,D,1,VIIRS_SNPP_SP,2022-05-10 06:22:00,2022-05-10 13:22:00
-6.10586,105.42411,336.98,0.39,0.36,2022-05-07,630,N20,VIIRS,n,2,290.38,5.6,D,1,VIIRS_NOAA20_SP,2022-05-07 06:30:00,2022-05-07 13:30:00
-6.10254,105.42359,352.01,0.39,0.36,2022-05-07,630,N20,VIIRS,n,2,293.38,11.72,D,1,VIIRS_NOAA20_SP,2022-05-07 06:30:00,2022-05-07 13:30:00
-6.10183,105.42138,317.48,0.36,0.57,2022-05-08,1855,N20,VIIRS,n,2,270.03,1.3,N,1,VIIRS_NOAA20_SP,2022-05-08 18:55:00,2022-05-09 01:55:00
-6.10141,105.41843,301.84,0.36,0.57,2022-05-08,1855,N20,VIIRS,n,2,269.85,1.3,N,1,VIIRS_NOAA20_SP,2022-05-08 18:55:00,2022-05-09 01:55:00
-6.10271,105.42424,340.17,0.36,0.57,2022-05-09,552,N20,VIIRS,n,2,294.21,8.6,D,1,VIIRS_NOAA20_SP,2022-05-09 05:52:00,2022-05-09 12:52:00
-6.10048,105.42352,307.5,0.52,0.42,2022-05-09,1836,N20,VIIRS,n,2,272.85,1.31,N,1,VIIRS_NOAA20_SP,2022-05-09 18:36:00,2022-05-10 01:36:00
-6.10426,105.41941,326.41,0.44,0.46,2022-05-11,604,N,VIIRS,n,2,292.07,4.54,D,1,VIIRS_SNPP_SP,2022-05-11 06:04:00,2022-05-11 13:04:00
-6.10368,105.42345,333.17,0.44,0.46,2022-05-11,604,N,VIIRS,n,2,290.36,4.54,D,1,VIIRS_SNPP_SP,2022-05-11 06:04:00,2022-05-11 13:04:00
-6.09941,105.42277,326.75,0.44,0.46,2022-05-11,604,N,VIIRS,n,2,291.81,8.05,D,1,VIIRS_SNPP_SP,2022-05-11 06:04:00,2022-05-11 13:04:00
-6.10509,105.42117,327.36,0.43,0.38,2022-05-12,1829,N,VIIRS,n,2,293.23,3.93,N,1,VIIRS_SNPP_SP,2022-05-12 18:29:00,2022-05-13 01:29:00
-6.10452,105.41739,314.99,0.43,0.38,2022-05-12,1829,N,VIIRS,n,2,292.44,3.93,N,1,VIIRS_SNPP_SP,2022-05-12 18:29:00,2022-05-13 01:29:00
-6.10218,105.42567,316.22,0.43,0.38,2022-05-12,1829,N,VIIRS,n,2,291.18,3.7,N,1,VIIRS_SNPP_SP,2022-05-12 18:29:00,2022-05-13 01:29:00
-6.10194,105.42459,324.35,0.43,0.38,2022-05-12,1829,N,VIIRS,n,2,291.92,4.46,N,1,VIIRS_SNPP_SP,2022-05-12 18:29:00,2022-05-13 01:29:00
-6.10159,105.42171,324.08,0.43,0.38,2022-05-12,1829,N,VIIRS,n,2,292.19,3.27,N,1,VIIRS_SNPP_SP,2022-05-12 18:29:00,2022-05-13 01:29:00
-6.10134,105.42068,316.12,0.43,0.38,2022-05-12,1829,N,VIIRS,n,2,291.77,5.36,N,1,VIIRS_SNPP_SP,2022-05-12 18:29:00,2022-05-13 01:29:00
-6.10101,105.41791,309.4,0.43,0.38,2022-05-12,1829,N,VIIRS,n,2,292.49,3.27,N,1,VIIRS_SNPP_SP,2022-05-12 18:29:00,2022-05-13 01:29:00
-6.09974,105.42455,326.06,0.42,0.61,2022-05-13,706,N,VIIRS,n,2,293.88,9.87,D,1,VIIRS_SNPP_SP,2022-05-13 07:06:00,2022-05-13 14:06:00
-6.10569,105.42329,327.03,0.43,0.38,2022-05-13,1810,N,VIIRS,n,2,288.08,3.07,N,1,VIIRS_SNPP_SP,2022-05-13 18:10:00,2022-05-14 01:10:00
-6.10506,105.41943,319.6,0.43,0.38,2022-05-13,1810,N,VIIRS,n,2,290.87,3.07,N,1,VIIRS_SNPP_SP,2022-05-13 18:10:00,2022-05-14 01:10:00
-6.10491,105.42245,336.36,0.43,0.38,2022-05-13,1810,N,VIIRS,n,2,291.7,3.89,N,1,VIIRS_SNPP_SP,2022-05-13 18:10:00,2022-05-14 01:10:00
-6.1043,105.41856,315.62,0.43,0.38,2022-05-13,1810,N,VIIRS,n,2,290.7,3.89,N,1,VIIRS_SNPP_SP,2022-05-13 18:10:00,2022-05-14 01:10:00
-6.10142,105.423,341.64,0.43,0.38,2022-05-13,1810,N,VIIRS,n,2,294.59,3.47,N,1,VIIRS_SNPP_SP,2022-05-13 18:10:00,2022-05-14 01:10:00
-6.1008,105.4191,311.33,0.43,0.38,2022-05-13,1810,N,VIIRS,n,2,289.47,3.47,N,1,VIIRS_SNPP_SP,2022-05-13 18:10:00,2022-05-14 01:10:00
-6.10336,105.42195,342.11,0.4,0.44,2022-05-14,648,N,VIIRS,n,2,304.87,8.23,D,1,VIIRS_SNPP_SP,2022-05-14 06:48:00,2022-05-14 13:48:00
-6.10275,105.42574,339.99,0.4,0.44,2022-05-14,648,N,VIIRS,n,2,303.25,8.23,D,1,VIIRS_SNPP_SP,2022-05-14 06:48:00,2022-05-14 13:48:00
-6.09925,105.42136,329.07,0.4,0.44,2022-05-14,648,N,VIIRS,l,2,300.96,12.36,D,1,VIIRS_SNPP_SP,2022-05-14 06:48:00,2022-05-14 13:48:00
-6.10632,105.42185,315.02,0.53,0.5,2022-05-14,1751,N,VIIRS,n,2,292.29,3.56,N,1,VIIRS_SNPP_SP,2022-05-14 17:51:00,2022-05-15 00:51:00
-6.10548,105.41693,307.87,0.53,0.5,2022-05-14,1751,N,VIIRS,n,2,292.6,3.56,N,1,VIIRS_SNPP_SP,2022-05-14 17:51:00,2022-05-15 00:51:00
-6.10171,105.42282,327.56,0.53,0.5,2022-05-14,1751,N,VIIRS,n,2,294.71,7.95,N,1,VIIRS_SNPP_SP,2022-05-14 17:51:00,2022-05-15 00:51:00
-6.1043,105.41935,330.79,0.39,0.36,2022-05-15,629,N,VIIRS,n,2,302.49,3.55,D,1,VIIRS_SNPP_SP,2022-05-15 06:29:00,2022-05-15 13:29:00
-6.10376,105.42283,347.33,0.39,0.36,2022-05-15,629,N,VIIRS,n,2,305.44,7.07,D,1,VIIRS_SNPP_SP,2022-05-15 06:29:00,2022-05-15 13:29:00
-6.10043,105.42233,340.62,0.39,0.36,2022-05-15,629,N,VIIRS,n,2,298.11,7.07,D,1,VIIRS_SNPP_SP,2022-05-15 06:29:00,2022-05-15 13:29:00
-6.10546,105.42122,329.9,0.52,0.5,2022-05-11,655,N20,VIIRS,n,2,292.61,5.7,D,1,VIIRS_NOAA20_SP,2022-05-11 06:55:00,2022-05-11 13:55:00
-6.10466,105.42603,326.52,0.52,0.5,2022-05-11,655,N20,VIIRS,n,2,290.12,5.7,D,1,VIIRS_NOAA20_SP,2022-05-11 06:55:00,2022-05-11 13:55:00
-6.10086,105.42055,327.86,0.52,0.5,2022-05-11,655,N20,VIIRS,n,2,292.04,5.7,D,1,VIIRS_NOAA20_SP,2022-05-11 06:55:00,2022-05-11 13:55:00
-6.10005,105.42541,338.61,0.52,0.5,2022-05-11,655,N20,VIIRS,n,2,291.9,5.7,D,1,VIIRS_NOAA20_SP,2022-05-11 06:55:00,2022-05-11 13:55:00
-6.10338,105.42549,313.13,0.43,0.62,2022-05-12,1739,N20,VIIRS,n,2,286.51,8.3,N,1,VIIRS_NOAA20_SP,2022-05-12 17:39:00,2022-05-13 00:39:00
-6.10271,105.42171,329.28,0.43,0.62,2022-05-12,1739,N20,VIIRS,n,2,287.54,5.54,N,1,VIIRS_NOAA20_SP,2022-05-12 17:39:00,2022-05-13 00:39:00
-6.10196,105.41749,304.51,0.43,0.62,2022-05-12,1739,N20,VIIRS,n,2,285.35,5.54,N,1,VIIRS_NOAA20_SP,2022-05-12 17:39:00,2022-05-13 00:39:00
-6.10514,105.42049,339.58,0.44,0.38,2022-05-13,617,N20,VIIRS,n,2,306.98,7.44,D,1,VIIRS_NOAA20_SP,2022-05-13 06:17:00,2022-05-13 13:17:00
-6.10456,105.42441,352.01,0.44,0.38,2022-05-13,617,N20,VIIRS,n,2,307.94,7.44,D,1,VIIRS_NOAA20_SP,2022-05-13 06:17:00,2022-05-13 13:17:00
-6.10163,105.41997,332.5,0.44,0.38,2022-05-13,617,N20,VIIRS,l,2,305.22,7.44,D,1,VIIRS_NOAA20_SP,2022-05-13 06:17:00,2022-05-13 13:17:00
-6.10105,105.42387,348.63,0.44,0.38,2022-05-13,617,N20,VIIRS,n,2,307.01,7.44,D,1,VIIRS_NOAA20_SP,2022-05-13 06:17:00,2022-05-13 13:17:00
-6.10423,105.4192,306.23,0.46,0.64,2022-05-13,1901,N20,VIIRS,n,2,287.25,2.02,N,1,VIIRS_NOAA20_SP,2022-05-13 19:01:00,2022-05-14 02:01:00
-6.09898,105.42435,312.93,0.46,0.64,2022-05-13,1901,N20,VIIRS,n,2,287.83,2.81,N,1,VIIRS_NOAA20_SP,2022-05-13 19:01:00,2022-05-14 02:01:00
-6.0984,105.42014,305.45,0.46,0.64,2022-05-13,1901,N20,VIIRS,n,2,287.07,2.02,N,1,VIIRS_NOAA20_SP,2022-05-13 19:01:00,2022-05-14 02:01:00
-6.10564,105.42076,329.64,0.56,0.51,2022-05-14,558,N20,VIIRS,n,2,297.38,7.4,D,1,VIIRS_NOAA20_SP,2022-05-14 05:58:00,2022-05-14 12:58:00
-6.10493,105.42573,333.66,0.56,0.51,2022-05-14,558,N20,VIIRS,n,2,295.84,7.4,D,1,VIIRS_NOAA20_SP,2022-05-14 05:58:00,2022-05-14 12:58:00
-6.10249,105.42235,336.15,0.56,0.51,2022-05-14,558,N20,VIIRS,n,2,297.86,13.89,D,1,VIIRS_NOAA20_SP,2022-05-14 05:58:00,2022-05-14 12:58:00
-6.10094,105.42003,325.01,0.56,0.51,2022-05-14,558,N20,VIIRS,l,2,296.19,13.84,D,1,VIIRS_NOAA20_SP,2022-05-14 05:58:00,2022-05-14 12:58:00
-6.10262,105.42168,335.85,0.44,0.46,2022-05-14,1842,N20,VIIRS,n,2,297.45,7.42,N,1,VIIRS_NOAA20_SP,2022-05-14 18:42:00,2022-05-15 01:42:00
-6.10254,105.42522,329.34,0.6,0.7,2022-05-15,539,N20,VIIRS,n,2,290.83,12.62,D,1,VIIRS_NOAA20_SP,2022-05-15 05:39:00,2022-05-15 12:39:00
-6.10442,105.42485,335.27,0.53,0.42,2022-05-16,610,N,VIIRS,n,2,295.57,11.44,D,1,VIIRS_SNPP_SP,2022-05-16 06:10:00,2022-05-16 13:10:00
-6.10405,105.42184,339.19,0.53,0.42,2022-05-16,610,N,VIIRS,n,2,296.76,9.9,D,1,VIIRS_SNPP_SP,2022-05-16 06:10:00,2022-05-16 13:10:00
-6.10019,105.42123,333.55,0.53,0.42,2022-05-16,610,N,VIIRS,n,2,294.94,9.9,D,1,VIIRS_SNPP_SP,2022-05-16 06:10:00,2022-05-16 13:10:00
-6.10345,105.42253,313.41,0.51,0.41,2022-05-17,1835,N,VIIRS,n,2,267.33,1.53,N,1,VIIRS_SNPP_SP,2022-05-17 18:35:00,2022-05-18 01:35:00
-6.10277,105.41801,295.33,0.51,0.41,2022-05-17,1835,N,VIIRS,n,2,266.11,1.32,N,1,VIIRS_SNPP_SP,2022-05-17 18:35:00,2022-05-18 01:35:00
-6.09966,105.42319,310.97,0.51,0.41,2022-05-17,1835,N,VIIRS,n,2,269.18,1.53,N,1,VIIRS_SNPP_SP,2022-05-17 18:35:00,2022-05-18 01:35:00
-6.10507,105.4231,325.62,0.39,0.36,2022-05-18,1816,N,VIIRS,n,2,294.89,3.57,N,1,VIIRS_SNPP_SP,2022-05-18 18:16:00,2022-05-19 01:16:00
-6.10451,105.41958,318.6,0.39,0.36,2022-05-18,1816,N,VIIRS,n,2,296.48,4.52,N,1,VIIRS_SNPP_SP,2022-05-18 18:16:00,2022-05-19 01:16:00
-6.10173,105.42361,346.44,0.39,0.36,2022-05-18,1816,N,VIIRS,n,2,299.85,7.33,N,1,VIIRS_SNPP_SP,2022-05-18 18:16:00,2022-05-19 01:16:00
-6.10117,105.42011,321.66,0.39,0.36,2022-05-18,1816,N,VIIRS,n,2,296.14,5.26,N,1,VIIRS_SNPP_SP,2022-05-18 18:16:00,2022-05-19 01:16:00
-6.10432,105.41998,328.16,0.51,0.49,2022-05-19,654,N,VIIRS,l,2,300.47,9.8,D,1,VIIRS_SNPP_SP,2022-05-19 06:54:00,2022-05-19 13:54:00
-6.10355,105.42455,335.81,0.51,0.49,2022-05-19,654,N,VIIRS,n,2,300.42,8.4,D,1,VIIRS_SNPP_SP,2022-05-19 06:54:00,2022-05-19 13:54:00
-6.09897,105.42393,332.5,0.51,0.49,2022-05-19,654,N,VIIRS,n,2,299.34,8.4,D,1,VIIRS_SNPP_SP,2022-05-19 06:54:00,2022-05-19 13:54:00
-6.10081,105.42471,326.4,0.34,0.56,2022-05-16,701,N20,VIIRS,n,2,284.65,9.37,D,1,VIIRS_NOAA20_SP,2022-05-16 07:01:00,2022-05-16 14:01:00
-6.10373,105.42088,330.87,0.5,0.41,2022-05-17,642,N20,VIIRS,n,2,293.98,11.22,D,1,VIIRS_NOAA20_SP,2022-05-17 06:42:00,2022-05-17 13:42:00
-6.10299,105.42546,339.25,0.5,0.41,2022-05-17,642,N20,VIIRS,n,2,293.05,12.13,D,1,VIIRS_NOAA20_SP,2022-05-17 06:42:00,2022-05-17 13:42:00
-6.10281,105.42432,327.16,0.39,0.36,2022-05-18,623,N20,VIIRS,n,2,283.14,5.08,D,1,VIIRS_NOAA20_SP,2022-05-18 06:23:00,2022-05-18 13:23:00
-6.10671,105.42128,327.18,0.43,0.46,2022-05-19,604,N20,VIIRS,n,2,299.62,4.2,D,1,VIIRS_NOAA20_SP,2022-05-19 06:04:00,2022-05-19 13:04:00
-6.10615,105.42516,327.88,0.43,0.46,2022-05-19,604,N20,VIIRS,l,2,299.7,4.2,D,1,VIIRS_NOAA20_SP,2022-05-19 06:04:00,2022-05-19 13:04:00
-6.10247,105.42081,331.83,0.43,0.46,2022-05-19,604,N20,VIIRS,n,2,302.06,6.59,D,1,VIIRS_NOAA20_SP,2022-05-19 06:04:00,2022-05-19 13:04:00
-6.10191,105.42467,341.72,0.43,0.46,2022-05-19,604,N20,VIIRS,n,2,299.66,6.59,D,1,VIIRS_NOAA20_SP,2022-05-19 06:04:00,2022-05-19 13:04:00
-6.10234,105.42259,305.17,0.42,0.38,2022-05-21,1811,N20,VIIRS,n,2,280.32,4.37,N,1,VIIRS_NOAA20_SP,2022-05-21 18:11:00,2022-05-22 01:11:00
-6.10337,105.42544,334.84,0.39,0.36,2022-05-23,630,N20,VIIRS,n,2,296.51,9.17,D,1,VIIRS_NOAA20_SP,2022-05-23 06:30:00,2022-05-23 13:30:00
-6.10539,105.42205,304.15,0.39,0.36,2022-05-26,1817,N20,VIIRS,n,2,286.42,1.5,N,1,VIIRS_NOAA20_SP,2022-05-26 18:17:00,2022-05-27 01:17:00
-6.10484,105.41856,304.35,0.39,0.36,2022-05-26,1817,N20,VIIRS,n,2,286.62,1.5,N,1,VIIRS_NOAA20_SP,2022-05-26 18:17:00,2022-05-27 01:17:00
-6.10208,105.42258,310.34,0.39,0.36,2022-05-26,1817,N20,VIIRS,n,2,283.4,2.13,N,1,VIIRS_NOAA20_SP,2022-05-26 18:17:00,2022-05-27 01:17:00
-6.10368,105.42326,332.19,0.52,0.5,2022-05-27,655,N20,VIIRS,n,2,293.28,13.56,D,1,VIIRS_NOAA20_SP,2022-05-27 06:55:00,2022-05-27 13:55:00
-6.10299,105.42216,331.97,0.42,0.38,2022-05-28,636,N20,VIIRS,n,2,294.07,8.03,D,1,VIIRS_NOAA20_SP,2022-05-28 06:36:00,2022-05-28 13:36:00
-6.10124,105.42327,328.78,0.37,0.58,2022-06-02,551,N,VIIRS,n,2,292.88,8.95,D,1,VIIRS_SNPP_SP,2022-06-02 05:51:00,2022-06-02 12:51:00
-6.106,105.42381,296.33,0.51,0.41,2022-06-02,1835,N,VIIRS,n,2,269.41,3.97,N,1,VIIRS_SNPP_SP,2022-06-02 18:35:00,2022-06-03 01:35:00
-6.1053,105.41917,298.25,0.51,0.41,2022-06-02,1835,N,VIIRS,n,2,269.98,4.43,N,1,VIIRS_SNPP_SP,2022-06-02 18:35:00,2022-06-03 01:35:00
-6.1022,105.42431,307.22,0.51,0.41,2022-06-02,1835,N,VIIRS,n,2,270.9,4.03,N,1,VIIRS_SNPP_SP,2022-06-02 18:35:00,2022-06-03 01:35:00
-6.10152,105.41974,300.59,0.51,0.41,2022-06-02,1835,N,VIIRS,n,2,269.42,3.96,N,1,VIIRS_SNPP_SP,2022-06-02 18:35:00,2022-06-03 01:35:00
-6.10655,105.42088,302.68,0.39,0.36,2022-06-03,1816,N,VIIRS,n,2,278.38,1.23,N,1,VIIRS_SNPP_SP,2022-06-03 18:16:00,2022-06-04 01:16:00
-6.10321,105.42143,314.78,0.39,0.36,2022-06-03,1816,N,VIIRS,n,2,279.57,1.87,N,1,VIIRS_SNPP_SP,2022-06-03 18:16:00,2022-06-04 01:16:00
-6.1063,105.42335,306.1,0.42,0.45,2022-06-04,1757,N,VIIRS,n,2,282.82,0.99,N,1,VIIRS_SNPP_SP,2022-06-04 17:57:00,2022-06-05 00:57:00
-6.10566,105.41961,305.66,0.42,0.45,2022-06-04,1757,N,VIIRS,n,2,284.1,3.8,N,1,VIIRS_SNPP_SP,2022-06-04 17:57:00,2022-06-05 00:57:00
-6.10213,105.42414,307.1,0.42,0.45,2022-06-04,1757,N,VIIRS,n,2,284.54,0.99,N,1,VIIRS_SNPP_SP,2022-06-04 17:57:00,2022-06-05 00:57:00
-6.10404,105.42184,335.8,0.5,0.41,2022-06-02,642,N20,VIIRS,n,2,300.22,11.79,D,1,VIIRS_NOAA20_SP,2022-06-02 06:42:00,2022-06-02 13:42:00
-6.10438,105.42406,335.13,0.39,0.36,2022-06-03,623,N20,VIIRS,n,2,299.07,7.08,D,1,VIIRS_NOAA20_SP,2022-06-03 06:23:00,2022-06-03 13:23:00
-6.10104,105.42355,333.06,0.39,0.36,2022-06-03,623,N20,VIIRS,n,2,299.16,6.94,D,1,VIIRS_NOAA20_SP,2022-06-03 06:23:00,2022-06-03 13:23:00
-6.10463,105.42201,332.61,0.43,0.46,2022-06-04,604,N20,VIIRS,n,2,298.57,10.94,D,1,VIIRS_NOAA20_SP,2022-06-04 06:04:00,2022-06-04 13:04:00
-6.10401,105.42422,303.37,0.56,0.51,2022-06-04,1848,N20,VIIRS,n,2,282.37,1.23,N,1,VIIRS_NOAA20_SP,2022-06-04 18:48:00,2022-06-05 01:48:00
-6.10329,105.41932,305.26,0.56,0.51,2022-06-04,1848,N20,VIIRS,n,2,284.75,2.93,N,1,VIIRS_NOAA20_SP,2022-06-04 18:48:00,2022-06-05 01:48:00
-6.10067,105.42234,309.12,0.56,0.51,2022-06-04,1848,N20,VIIRS,n,2,283.36,4.41,N,1,VIIRS_NOAA20_SP,2022-06-04 18:48:00,2022-06-05 01:48:00
-6.10277,105.42275,346.45,0.42,0.37,2022-06-05,635,N,VIIRS,n,2,306.22,12.93,D,1,VIIRS_SNPP_SP,2022-06-05 06:35:00,2022-06-05 13:35:00
-6.10202,105.42502,337.21,0.44,0.39,2022-06-06,616,N,VIIRS,n,2,298.2,11.78,D,1,VIIRS_SNPP_SP,2022-06-06 06:16:00,2022-06-06 13:16:00
-6.1012,105.42432,336.93,0.44,0.39,2022-06-06,616,N,VIIRS,n,2,297.79,12.27,D,1,VIIRS_SNPP_SP,2022-06-06 06:16:00,2022-06-06 13:16:00
-6.10186,105.42377,313.76,0.42,0.45,2022-06-07,1841,N,VIIRS,n,2,266.91,1.45,N,1,VIIRS_SNPP_SP,2022-06-07 18:41:00,2022-06-08 01:41:00
-6.10386,105.42277,325.57,0.46,0.64,2022-06-05,545,N20,VIIRS,n,2,293.13,10.82,D,1,VIIRS_NOAA20_SP,2022-06-05 05:45:00,2022-06-05 12:45:00
-6.10062,105.42237,323.17,0.52,0.5,2022-06-07,1752,N20,VIIRS,n,2,285.28,4.72,N,1,VIIRS_NOAA20_SP,2022-06-07 17:52:00,2022-06-08 00:52:00
-6.10438,105.42475,338.09,0.49,0.4,2022-06-10,641,N,VIIRS,n,2,300.44,7.93,D,1,VIIRS_SNPP_SP,2022-06-10 06:41:00,2022-06-10 13:41:00
-6.10065,105.42422,342.39,0.49,0.4,2022-06-10,641,N,VIIRS,n,2,298.22,7.43,D,1,VIIRS_SNPP_SP,2022-06-10 06:41:00,2022-06-10 13:41:00
-6.10534,105.42304,322.28,0.43,0.38,2022-06-14,1810,N,VIIRS,n,2,292.93,3.4,N,1,VIIRS_SNPP_SP,2022-06-14 18:10:00,2022-06-15 01:10:00
-6.10465,105.42216,327.91,0.43,0.38,2022-06-14,1810,N,VIIRS,n,2,294.82,3.12,N,1,VIIRS_SNPP_SP,2022-06-14 18:10:00,2022-06-15 01:10:00
-6.10185,105.42358,319.6,0.43,0.38,2022-06-14,1810,N,VIIRS,n,2,294.72,3.4,N,1,VIIRS_SNPP_SP,2022-06-14 18:10:00,2022-06-15 01:10:00
-6.10116,105.42271,314.74,0.43,0.38,2022-06-14,1810,N,VIIRS,n,2,294.04,3.12,N,1,VIIRS_SNPP_SP,2022-06-14 18:10:00,2022-06-15 01:10:00
-6.10232,105.42353,338.01,0.39,0.36,2022-06-11,1817,N20,VIIRS,n,2,290.25,5.45,N,1,VIIRS_NOAA20_SP,2022-06-11 18:17:00,2022-06-12 01:17:00
-6.10309,105.42378,338.62,0.53,0.5,2022-06-15,1751,N,VIIRS,n,2,288.4,17.57,N,1,VIIRS_SNPP_SP,2022-06-15 17:51:00,2022-06-16 00:51:00
-6.10225,105.41889,320.74,0.53,0.5,2022-06-15,1751,N,VIIRS,n,2,283.11,15.09,N,1,VIIRS_SNPP_SP,2022-06-15 17:51:00,2022-06-16 00:51:00
-6.10445,105.42564,307.44,0.35,0.56,2022-06-17,1854,N,VIIRS,n,2,286.44,4.41,N,1,VIIRS_SNPP_SP,2022-06-17 18:54:00,2022-06-18 01:54:00
-6.10399,105.42239,367.0,0.35,0.56,2022-06-17,1854,N,VIIRS,h,2,291.76,5.29,N,1,VIIRS_SNPP_SP,2022-06-17 18:54:00,2022-06-18 01:54:00
-6.10355,105.41934,316.41,0.35,0.56,2022-06-17,1854,N,VIIRS,n,2,287.52,5.29,N,1,VIIRS_SNPP_SP,2022-06-17 18:54:00,2022-06-18 01:54:00
-6.09878,105.42332,318.33,0.35,0.56,2022-06-17,1854,N,VIIRS,n,2,288.58,5.29,N,1,VIIRS_SNPP_SP,2022-06-17 18:54:00,2022-06-18 01:54:00
-6.10346,105.42335,341.2,0.51,0.41,2022-06-18,1835,N,VIIRS,n,2,293.64,13.53,N,1,VIIRS_SNPP_SP,2022-06-18 18:35:00,2022-06-19 01:35:00
-6.10246,105.4224,348.49,0.39,0.36,2022-06-19,623,N20,VIIRS,n,2,311.48,13.71,D,1,VIIRS_NOAA20_SP,2022-06-19 06:23:00,2022-06-19 13:23:00
-6.10194,105.4259,328.77,0.39,0.36,2022-06-19,623,N20,VIIRS,l,2,303.71,9.0,D,1,VIIRS_NOAA20_SP,2022-06-19 06:23:00,2022-06-19 13:23:00
-6.10396,105.42377,338.97,0.42,0.38,2022-06-21,635,N,VIIRS,n,2,281.74,5.79,D,1,VIIRS_SNPP_SP,2022-06-21 06:35:00,2022-06-21 13:35:00
-6.1005,105.42326,332.01,0.42,0.38,2022-06-21,635,N,VIIRS,n,2,283.54,7.58,D,1,VIIRS_SNPP_SP,2022-06-21 06:35:00,2022-06-21 13:35:00
-6.10028,105.42079,314.25,0.43,0.62,2022-06-21,1739,N,VIIRS,n,2,285.25,4.53,N,1,VIIRS_SNPP_SP,2022-06-21 17:39:00,2022-06-22 00:39:00
-6.10257,105.42246,345.01,0.44,0.38,2022-06-22,616,N,VIIRS,n,2,302.15,15.07,D,1,VIIRS_SNPP_SP,2022-06-22 06:16:00,2022-06-22 13:16:00
-6.10332,105.42349,344.59,0.44,0.38,2022-06-21,1829,N20,VIIRS,n,2,294.7,8.72,N,1,VIIRS_NOAA20_SP,2022-06-21 18:29:00,2022-06-22 01:29:00
-6.10255,105.42271,337.31,0.44,0.38,2022-06-21,1829,N20,VIIRS,n,2,297.82,9.04,N,1,VIIRS_NOAA20_SP,2022-06-21 18:29:00,2022-06-22 01:29:00
-6.10344,105.42514,332.26,0.49,0.4,2022-06-26,641,N,VIIRS,n,2,276.84,6.07,D,1,VIIRS_SNPP_SP,2022-06-26 06:41:00,2022-06-26 13:41:00
-6.10439,105.42499,367.0,0.46,0.64,2022-06-29,545,N,VIIRS,h,2,297.87,23.77,D,1,VIIRS_SNPP_SP,2022-06-29 05:45:00,2022-06-29 12:45:00
-6.10263,105.42215,343.85,0.43,0.38,2022-06-29,1829,N,VIIRS,n,2,308.84,12.24,N,1,VIIRS_SNPP_SP,2022-06-29 18:29:00,2022-06-30 01:29:00
-6.1049,105.42487,344.08,0.42,0.38,2022-06-29,636,N20,VIIRS,l,2,314.64,17.66,D,1,VIIRS_NOAA20_SP,2022-06-29 06:36:00,2022-06-29 13:36:00
-6.1025,105.42121,354.76,0.43,0.62,2022-06-29,1739,N20,VIIRS,n,2,295.74,8.78,N,1,VIIRS_NOAA20_SP,2022-06-29 17:39:00,2022-06-30 00:39:00
-6.09984,105.42544,305.83,0.43,0.62,2022-06-29,1739,N20,VIIRS,n,2,287.06,6.7,N,1,VIIRS_NOAA20_SP,2022-06-29 17:39:00,2022-06-30 00:39:00
-6.09917,105.42172,367.0,0.43,0.62,2022-06-29,1739,N20,VIIRS,h,2,293.26,11.03,N,1,VIIRS_NOAA20_SP,2022-06-29 17:39:00,2022-06-30 00:39:00
-6.10569,105.42482,336.41,0.42,0.61,2022-06-30,707,N,VIIRS,n,2,302.19,7.68,D,1,VIIRS_SNPP_SP,2022-06-30 07:07:00,2022-06-30 14:07:00
-6.10365,105.42182,353.64,0.42,0.61,2022-06-30,707,N,VIIRS,n,2,304.11,13.24,D,1,VIIRS_SNPP_SP,2022-06-30 07:07:00,2022-06-30 14:07:00
-6.10296,105.42592,334.31,0.42,0.61,2022-06-30,707,N,VIIRS,n,2,300.2,13.36,D,1,VIIRS_SNPP_SP,2022-06-30 07:07:00,2022-06-30 14:07:00
-6.10004,105.42376,350.97,0.42,0.61,2022-06-30,707,N,VIIRS,n,2,302.27,7.68,D,1,VIIRS_SNPP_SP,2022-06-30 07:07:00,2022-06-30 14:07:00
-6.10171,105.42236,343.2,0.41,0.45,2022-07-01,648,N,VIIRS,n,2,290.18,5.02,D,1,VIIRS_SNPP_SP,2022-07-01 06:48:00,2022-07-01 13:48:00
-6.10236,105.42444,339.68,0.52,0.42,2022-07-03,610,N,VIIRS,n,2,288.82,9.52,D,1,VIIRS_SNPP_SP,2022-07-03 06:10:00,2022-07-03 13:10:00
-6.10473,105.42403,342.83,0.36,0.57,2022-07-04,551,N,VIIRS,n,2,274.67,4.56,D,1,VIIRS_SNPP_SP,2022-07-04 05:51:00,2022-07-04 12:51:00
-6.09943,105.42317,325.96,0.36,0.57,2022-07-04,551,N,VIIRS,n,2,270.63,4.56,D,1,VIIRS_SNPP_SP,2022-07-04 05:51:00,2022-07-04 12:51:00
-6.10537,105.42289,320.0,0.52,0.41,2022-07-04,1835,N,VIIRS,n,2,290.04,8.96,N,1,VIIRS_SNPP_SP,2022-07-04 18:35:00,2022-07-05 01:35:00
-6.10156,105.42348,342.38,0.52,0.41,2022-07-04,1835,N,VIIRS,n,2,293.99,8.96,N,1,VIIRS_SNPP_SP,2022-07-04 18:35:00,2022-07-05 01:35:00
-6.1042,105.42241,346.84,0.44,0.38,2022-06-30,617,N20,VIIRS,n,2,319.27,20.74,D,1,VIIRS_NOAA20_SP,2022-06-30 06:17:00,2022-06-30 13:17:00
-6.10317,105.42072,334.64,0.56,0.51,2022-07-01,558,N20,VIIRS,n,2,303.02,12.04,D,1,VIIRS_NOAA20_SP,2022-07-01 05:58:00,2022-07-01 12:58:00
-6.10248,105.42564,342.5,0.56,0.51,2022-07-01,558,N20,VIIRS,n,2,301.8,12.04,D,1,VIIRS_NOAA20_SP,2022-07-01 05:58:00,2022-07-01 12:58:00
-6.10448,105.42358,339.6,0.5,0.41,2022-07-04,642,N20,VIIRS,n,2,294.86,19.46,D,1,VIIRS_NOAA20_SP,2022-07-04 06:42:00,2022-07-04 13:42:00
-6.1044,105.4226,325.42,0.34,0.56,2022-07-04,1745,N20,VIIRS,n,2,291.35,3.53,N,1,VIIRS_NOAA20_SP,2022-07-04 17:45:00,2022-07-05 00:45:00
-6.09927,105.42336,367.0,0.34,0.56,2022-07-04,1745,N20,VIIRS,h,2,292.02,3.77,N,1,VIIRS_NOAA20_SP,2022-07-04 17:45:00,2022-07-05 00:45:00
-6.09873,105.4202,309.45,0.34,0.56,2022-07-04,1745,N20,VIIRS,n,2,290.46,3.77,N,1,VIIRS_NOAA20_SP,2022-07-04 17:45:00,2022-07-05 00:45:00
-6.10217,105.42307,344.42,0.41,0.45,2022-07-06,1758,N,VIIRS,n,2,293.76,9.48,N,1,VIIRS_SNPP_SP,2022-07-06 17:58:00,2022-07-07 00:58:00
-6.10154,105.41927,311.0,0.41,0.45,2022-07-06,1758,N,VIIRS,n,2,288.39,9.48,N,1,VIIRS_SNPP_SP,2022-07-06 17:58:00,2022-07-07 00:58:00
-6.103,105.42074,325.19,0.43,0.62,2022-07-07,1739,N,VIIRS,n,2,294.77,4.69,N,1,VIIRS_SNPP_SP,2022-07-07 17:39:00,2022-07-08 00:39:00
-6.10329,105.42119,340.56,0.44,0.38,2022-07-08,617,N,VIIRS,n,2,309.71,11.3,D,1,VIIRS_SNPP_SP,2022-07-08 06:17:00,2022-07-08 13:17:00
-6.1027,105.4251,339.48,0.44,0.38,2022-07-08,617,N,VIIRS,l,2,311.37,11.3,D,1,VIIRS_SNPP_SP,2022-07-08 06:17:00,2022-07-08 13:17:00
-6.10158,105.41987,308.36,0.45,0.63,2022-07-08,1901,N,VIIRS,n,2,292.1,4.16,N,1,VIIRS_SNPP_SP,2022-07-08 19:01:00,2022-07-09 02:01:00
-6.10036,105.42241,324.61,0.45,0.63,2022-07-08,1901,N,VIIRS,n,2,293.01,4.2,N,1,VIIRS_SNPP_SP,2022-07-08 19:01:00,2022-07-09 02:01:00
-6.10305,105.42297,345.05,0.43,0.46,2022-07-09,1842,N,VIIRS,n,2,301.51,13.09,N,1,VIIRS_SNPP_SP,2022-07-09 18:42:00,2022-07-10 01:42:00
-6.10249,105.41913,310.2,0.43,0.46,2022-07-09,1842,N,VIIRS,n,2,293.86,13.09,N,1,VIIRS_SNPP_SP,2022-07-09 18:42:00,2022-07-10 01:42:00
-6.10193,105.4216,335.93,0.44,0.38,2022-07-07,1829,N20,VIIRS,n,2,303.76,8.59,N,1,VIIRS_NOAA20_SP,2022-07-07 18:29:00,2022-07-08 01:29:00
-6.10046,105.42332,332.88,0.43,0.62,2022-07-08,707,N20,VIIRS,n,2,297.46,10.37,D,1,VIIRS_NOAA20_SP,2022-07-08 07:07:00,2022-07-08 14:07:00
-6.10367,105.42493,309.8,0.42,0.38,2022-07-08,1810,N20,VIIRS,n,2,296.11,3.84,N,1,VIIRS_NOAA20_SP,2022-07-08 18:10:00,2022-07-09 01:10:00
-6.10307,105.42114,331.33,0.42,0.38,2022-07-08,1810,N20,VIIRS,n,2,292.87,3.19,N,1,VIIRS_NOAA20_SP,2022-07-08 18:10:00,2022-07-09 01:10:00
-6.1058,105.42244,343.15,0.41,0.45,2022-07-09,648,N20,VIIRS,n,2,304.35,7.04,D,1,VIIRS_NOAA20_SP,2022-07-09 06:48:00,2022-07-09 13:48:00
-6.10517,105.42623,334.86,0.41,0.45,2022-07-09,648,N20,VIIRS,n,2,301.39,7.19,D,1,VIIRS_NOAA20_SP,2022-07-09 06:48:00,2022-07-09 13:48:00
-6.10169,105.42178,333.11,0.41,0.45,2022-07-09,648,N20,VIIRS,l,2,306.18,19.94,D,1,VIIRS_NOAA20_SP,2022-07-09 06:48:00,2022-07-09 13:48:00
-6.10105,105.42561,342.57,0.41,0.45,2022-07-09,648,N20,VIIRS,n,2,301.78,18.16,D,1,VIIRS_NOAA20_SP,2022-07-09 06:48:00,2022-07-09 13:48:00
-6.10481,105.42286,309.62,0.52,0.5,2022-07-09,1752,N20,VIIRS,n,2,293.81,13.08,N,1,VIIRS_NOAA20_SP,2022-07-09 17:52:00,2022-07-10 00:52:00
-6.10092,105.42552,318.31,0.52,0.5,2022-07-09,1752,N20,VIIRS,n,2,294.02,10.44,N,1,VIIRS_NOAA20_SP,2022-07-09 17:52:00,2022-07-10 00:52:00
-6.1002,105.42348,344.57,0.52,0.5,2022-07-09,1752,N20,VIIRS,n,2,297.91,13.08,N,1,VIIRS_NOAA20_SP,2022-07-09 17:52:00,2022-07-10 00:52:00
-6.10014,105.42079,339.77,0.52,0.5,2022-07-09,1752,N20,VIIRS,n,2,296.59,16.89,N,1,VIIRS_NOAA20_SP,2022-07-09 17:52:00,2022-07-10 00:52:00
-6.10345,105.41971,341.04,0.58,0.7,2022-07-10,539,N,VIIRS,n,2,289.89,14.3,D,1,VIIRS_SNPP_SP,2022-07-10 05:39:00,2022-07-10 12:39:00
-6.10272,105.42496,367.0,0.58,0.7,2022-07-10,539,N,VIIRS,h,2,291.78,14.3,D,1,VIIRS_SNPP_SP,2022-07-10 05:39:00,2022-07-10 12:39:00
-6.10342,105.42608,348.13,0.69,0.74,2022-07-10,719,N,VIIRS,n,2,288.49,20.38,D,1,VIIRS_SNPP_SP,2022-07-10 07:19:00,2022-07-10 14:19:00
-6.1025,105.42692,351.37,0.68,0.74,2022-07-10,719,N,VIIRS,n,2,288.88,14.69,D,1,VIIRS_SNPP_SP,2022-07-10 07:19:00,2022-07-10 14:19:00
-6.10676,105.42358,310.29,0.39,0.36,2022-07-10,1823,N,VIIRS,n,2,287.0,6.27,N,1,VIIRS_SNPP_SP,2022-07-10 18:23:00,2022-07-11 01:23:00
-6.10621,105.42006,308.14,0.39,0.36,2022-07-10,1823,N,VIIRS,n,2,288.8,7.82,N,1,VIIRS_SNPP_SP,2022-07-10 18:23:00,2022-07-11 01:23:00
-6.10341,105.42409,314.31,0.39,0.36,2022-07-10,1823,N,VIIRS,n,2,294.64,6.27,N,1,VIIRS_SNPP_SP,2022-07-10 18:23:00,2022-07-11 01:23:00
-6.10286,105.42055,333.45,0.39,0.36,2022-07-10,1823,N,VIIRS,n,2,292.63,7.82,N,1,VIIRS_SNPP_SP,2022-07-10 18:23:00,2022-07-11 01:23:00
-6.10092,105.42129,333.03,0.39,0.36,2022-07-10,1823,N,VIIRS,n,2,289.63,3.71,N,1,VIIRS_SNPP_SP,2022-07-10 18:23:00,2022-07-11 01:23:00
-6.10217,105.4231,367.0,0.33,0.55,2022-07-11,701,N,VIIRS,h,2,293.37,10.6,D,1,VIIRS_SNPP_SP,2022-07-11 07:01:00,2022-07-11 14:01:00
-6.10162,105.42626,331.36,0.33,0.55,2022-07-11,701,N,VIIRS,n,2,287.95,10.6,D,1,VIIRS_SNPP_SP,2022-07-11 07:01:00,2022-07-11 14:01:00
-6.10141,105.42033,308.57,0.5,0.41,2022-07-11,1804,N,VIIRS,n,2,274.96,2.56,N,1,VIIRS_SNPP_SP,2022-07-11 18:04:00,2022-07-12 01:04:00
-6.10204,105.42412,349.72,0.5,0.41,2022-07-12,642,N,VIIRS,n,2,302.67,8.32,D,1,VIIRS_SNPP_SP,2022-07-12 06:42:00,2022-07-12 13:42:00
-6.09829,105.42361,327.17,0.5,0.41,2022-07-12,642,N,VIIRS,l,2,300.1,8.32,D,1,VIIRS_SNPP_SP,2022-07-12 06:42:00,2022-07-12 13:42:00
-6.09756,105.4282,327.24,0.5,0.41,2022-07-12,642,N,VIIRS,l,2,300.52,8.32,D,1,VIIRS_SNPP_SP,2022-07-12 06:42:00,2022-07-12 13:42:00
-6.10367,105.42062,300.53,0.33,0.56,2022-07-12,1745,N,VIIRS,n,2,266.71,2.14,N,1,VIIRS_SNPP_SP,2022-07-12 17:45:00,2022-07-13 00:45:00
-6.10438,105.41988,308.15,0.55,0.51,2022-07-14,1848,N,VIIRS,n,2,290.56,4.86,N,1,VIIRS_SNPP_SP,2022-07-14 18:48:00,2022-07-15 01:48:00
-6.09966,105.42059,310.64,0.55,0.51,2022-07-14,1848,N,VIIRS,n,2,290.86,4.33,N,1,VIIRS_SNPP_SP,2022-07-14 18:48:00,2022-07-15 01:48:00
-6.10422,105.42551,338.91,0.39,0.36,2022-07-10,629,N20,VIIRS,n,2,305.35,9.62,D,1,VIIRS_NOAA20_SP,2022-07-10 06:29:00,2022-07-10 13:29:00
-6.1009,105.42502,330.51,0.39,0.36,2022-07-10,629,N20,VIIRS,l,2,304.92,9.62,D,1,VIIRS_NOAA20_SP,2022-07-10 06:29:00,2022-07-10 13:29:00
-6.09793,105.42084,348.19,0.55,0.68,2022-07-10,1733,N20,VIIRS,n,2,276.14,8.17,N,1,VIIRS_NOAA20_SP,2022-07-10 17:33:00,2022-07-11 00:33:00
-6.10246,105.42381,367.0,0.36,0.57,2022-07-12,551,N20,VIIRS,h,2,290.12,11.09,D,1,VIIRS_NOAA20_SP,2022-07-12 05:51:00,2022-07-12 12:51:00
-6.1022,105.42358,300.3,0.39,0.36,2022-07-13,1817,N20,VIIRS,n,2,265.96,2.04,N,1,VIIRS_NOAA20_SP,2022-07-13 18:17:00,2022-07-14 01:17:00
-6.10002,105.42153,327.21,0.41,0.45,2022-07-14,1758,N20,VIIRS,n,2,293.38,5.91,N,1,VIIRS_NOAA20_SP,2022-07-14 17:58:00,2022-07-15 00:58:00
-6.10573,105.42276,313.77,0.54,0.68,2022-07-18,1733,N,VIIRS,n,2,275.68,2.62,N,1,VIIRS_SNPP_SP,2022-07-18 17:33:00,2022-07-19 00:33:00
-6.10474,105.41746,308.16,0.54,0.68,2022-07-18,1733,N,VIIRS,n,2,274.57,2.62,N,1,VIIRS_SNPP_SP,2022-07-18 17:33:00,2022-07-19 00:33:00
-6.10337,105.42414,311.81,0.54,0.68,2022-07-18,1733,N,VIIRS,n,2,275.38,7.39,N,1,VIIRS_SNPP_SP,2022-07-18 17:33:00,2022-07-19 00:33:00
-6.10243,105.41889,337.48,0.54,0.68,2022-07-18,1733,N,VIIRS,n,2,275.14,10.72,N,1,VIIRS_SNPP_SP,2022-07-18 17:33:00,2022-07-19 00:33:00
-6.1036,105.42164,334.71,0.52,0.42,2022-07-19,610,N,VIIRS,n,2,303.6,17.5,D,1,VIIRS_SNPP_SP,2022-07-19 06:10:00,2022-07-19 13:10:00
-6.10417,105.42307,341.35,0.42,0.38,2022-07-15,635,N20,VIIRS,n,2,301.59,6.12,D,1,VIIRS_NOAA20_SP,2022-07-15 06:35:00,2022-07-15 13:35:00
-6.10071,105.42254,338.64,0.42,0.38,2022-07-15,635,N20,VIIRS,n,2,304.08,6.12,D,1,VIIRS_NOAA20_SP,2022-07-15 06:35:00,2022-07-15 13:35:00
-6.10264,105.42046,331.94,0.6,0.71,2022-07-18,539,N20,VIIRS,n,2,292.81,12.34,D,1,VIIRS_NOAA20_SP,2022-07-18 05:39:00,2022-07-18 12:39:00
-6.10196,105.42561,353.85,0.6,0.71,2022-07-18,539,N20,VIIRS,n,2,293.55,12.34,D,1,VIIRS_NOAA20_SP,2022-07-18 05:39:00,2022-07-18 12:39:00
-6.10473,105.42168,342.28,0.7,0.75,2022-07-18,719,N20,VIIRS,n,2,292.0,18.58,D,1,VIIRS_NOAA20_SP,2022-07-18 07:19:00,2022-07-18 14:19:00
-6.10432,105.42452,355.43,0.7,0.75,2022-07-18,719,N20,VIIRS,n,2,291.7,18.87,D,1,VIIRS_NOAA20_SP,2022-07-18 07:19:00,2022-07-18 14:19:00
-6.10352,105.42845,332.13,0.7,0.75,2022-07-18,719,N20,VIIRS,n,2,290.0,18.36,D,1,VIIRS_NOAA20_SP,2022-07-18 07:19:00,2022-07-18 14:19:00
-6.10182,105.42152,336.34,0.33,0.56,2022-07-19,700,N20,VIIRS,n,2,296.88,8.46,D,1,VIIRS_NOAA20_SP,2022-07-19 07:00:00,2022-07-19 14:00:00
-6.10128,105.4247,367.0,0.33,0.56,2022-07-19,700,N20,VIIRS,h,2,297.66,8.46,D,1,VIIRS_NOAA20_SP,2022-07-19 07:00:00,2022-07-19 14:00:00
-6.10426,105.42394,367.0,0.35,0.57,2022-07-20,552,N,VIIRS,h,2,295.15,15.82,D,1,VIIRS_SNPP_SP,2022-07-20 05:52:00,2022-07-20 12:52:00
-6.10301,105.42441,331.56,0.52,0.41,2022-07-20,1836,N,VIIRS,n,2,294.89,5.57,N,1,VIIRS_SNPP_SP,2022-07-20 18:36:00,2022-07-21 01:36:00
-6.10231,105.41972,332.59,0.52,0.41,2022-07-20,1836,N,VIIRS,n,2,295.81,5.57,N,1,VIIRS_SNPP_SP,2022-07-20 18:36:00,2022-07-21 01:36:00
-6.09981,105.42446,367.0,0.54,0.68,2022-07-21,713,N,VIIRS,h,2,294.18,21.72,D,1,VIIRS_SNPP_SP,2022-07-21 07:13:00,2022-07-21 14:13:00
-6.10598,105.41967,304.79,0.39,0.36,2022-07-21,1817,N,VIIRS,n,2,284.02,6.58,N,1,VIIRS_SNPP_SP,2022-07-21 18:17:00,2022-07-22 01:17:00
-6.10265,105.4202,334.2,0.39,0.36,2022-07-21,1817,N,VIIRS,n,2,285.39,6.58,N,1,VIIRS_SNPP_SP,2022-07-21 18:17:00,2022-07-22 01:17:00
-6.1007,105.42404,324.49,0.39,0.36,2022-07-21,1817,N,VIIRS,n,2,283.04,1.61,N,1,VIIRS_SNPP_SP,2022-07-21 18:17:00,2022-07-22 01:17:00
-6.10015,105.42056,316.76,0.39,0.36,2022-07-21,1817,N,VIIRS,n,2,282.52,1.66,N,1,VIIRS_SNPP_SP,2022-07-21 18:17:00,2022-07-22 01:17:00
-6.1041,105.42475,310.66,0.41,0.45,2022-07-22,1758,N,VIIRS,n,2,269.06,3.06,N,1,VIIRS_SNPP_SP,2022-07-22 17:58:00,2022-07-23 00:58:00
-6.10347,105.42104,344.53,0.41,0.45,2022-07-22,1758,N,VIIRS,n,2,269.24,3.17,N,1,VIIRS_SNPP_SP,2022-07-22 17:58:00,2022-07-23 00:58:00
-6.10281,105.41715,301.91,0.41,0.45,2022-07-22,1758,N,VIIRS,n,2,271.19,3.17,N,1,VIIRS_SNPP_SP,2022-07-22 17:58:00,2022-07-23 00:58:00
-6.09933,105.4217,302.09,0.41,0.45,2022-07-22,1758,N,VIIRS,n,2,267.68,3.17,N,1,VIIRS_SNPP_SP,2022-07-22 17:58:00,2022-07-23 00:58:00
-6.10142,105.42235,344.3,0.42,0.38,2022-07-23,636,N,VIIRS,n,2,295.43,10.22,D,1,VIIRS_SNPP_SP,2022-07-23 06:36:00,2022-07-23 13:36:00
-6.10223,105.42287,347.65,0.34,0.56,2022-07-20,1745,N20,VIIRS,n,2,293.36,3.59,N,1,VIIRS_NOAA20_SP,2022-07-20 17:45:00,2022-07-21 00:45:00
-6.1017,105.41979,316.71,0.34,0.56,2022-07-20,1745,N20,VIIRS,n,2,290.5,3.59,N,1,VIIRS_NOAA20_SP,2022-07-20 17:45:00,2022-07-21 00:45:00
-6.10491,105.42581,298.36,0.55,0.51,2022-07-22,1848,N20,VIIRS,n,2,269.81,1.31,N,1,VIIRS_NOAA20_SP,2022-07-22 18:48:00,2022-07-23 01:48:00
-6.1042,105.42072,320.94,0.55,0.51,2022-07-22,1848,N20,VIIRS,n,2,272.33,3.39,N,1,VIIRS_NOAA20_SP,2022-07-22 18:48:00,2022-07-23 01:48:00
-6.10337,105.42805,295.52,0.55,0.51,2022-07-22,1848,N20,VIIRS,n,2,268.79,1.77,N,1,VIIRS_NOAA20_SP,2022-07-22 18:48:00,2022-07-23 01:48:00
-6.10261,105.42292,340.66,0.55,0.51,2022-07-22,1848,N20,VIIRS,n,2,269.0,1.77,N,1,VIIRS_NOAA20_SP,2022-07-22 18:48:00,2022-07-23 01:48:00
-6.10191,105.41811,304.47,0.55,0.51,2022-07-22,1848,N20,VIIRS,n,2,274.16,3.16,N,1,VIIRS_NOAA20_SP,2022-07-22 18:48:00,2022-07-23 01:48:00
-6.10023,105.42665,300.76,0.55,0.51,2022-07-22,1848,N20,VIIRS,n,2,267.81,1.31,N,1,VIIRS_NOAA20_SP,2022-07-22 18:48:00,2022-07-23 01:48:00
-6.09951,105.42151,339.3,0.55,0.51,2022-07-22,1848,N20,VIIRS,n,2,270.47,3.39,N,1,VIIRS_NOAA20_SP,2022-07-22 18:48:00,2022-07-23 01:48:00
-6.09794,105.42378,296.68,0.55,0.51,2022-07-22,1848,N20,VIIRS,n,2,271.9,1.77,N,1,VIIRS_NOAA20_SP,2022-07-22 18:48:00,2022-07-23 01:48:00
-6.10362,105.42246,356.08,0.47,0.64,2022-07-23,545,N20,VIIRS,n,2,289.75,13.09,D,1,VIIRS_NOAA20_SP,2022-07-23 05:45:00,2022-07-23 12:45:00
-6.10307,105.42644,340.5,0.47,0.64,2022-07-23,545,N20,VIIRS,n,2,286.97,10.36,D,1,VIIRS_NOAA20_SP,2022-07-23 05:45:00,2022-07-23 12:45:00
-6.10502,105.42334,356.4,0.43,0.62,2022-07-24,707,N20,VIIRS,l,2,286.07,6.44,D,1,VIIRS_NOAA20_SP,2022-07-24 07:07:00,2022-07-24 14:07:00
-6.1043,105.42744,332.77,0.43,0.62,2022-07-24,707,N20,VIIRS,n,2,282.08,6.44,D,1,VIIRS_NOAA20_SP,2022-07-24 07:07:00,2022-07-24 14:07:00
-6.10343,105.42748,303.55,0.42,0.38,2022-07-24,1810,N20,VIIRS,n,2,273.64,3.49,N,1,VIIRS_NOAA20_SP,2022-07-24 18:10:00,2022-07-25 01:10:00
-6.10282,105.42369,340.22,0.42,0.38,2022-07-24,1810,N20,VIIRS,n,2,277.69,3.49,N,1,VIIRS_NOAA20_SP,2022-07-24 18:10:00,2022-07-25 01:10:00
-6.10221,105.41988,311.82,0.42,0.38,2022-07-24,1810,N20,VIIRS,n,2,274.82,3.01,N,1,VIIRS_NOAA20_SP,2022-07-24 18:10:00,2022-07-25 01:10:00
-6.09996,105.42797,298.79,0.42,0.38,2022-07-24,1810,N20,VIIRS,n,2,273.86,3.49,N,1,VIIRS_NOAA20_SP,2022-07-24 18:10:00,2022-07-25 01:10:00
-6.09935,105.42422,309.2,0.42,0.38,2022-07-24,1810,N20,VIIRS,n,2,274.54,3.49,N,1,VIIRS_NOAA20_SP,2022-07-24 18:10:00,2022-07-25 01:10:00
-6.09875,105.42043,300.87,0.42,0.38,2022-07-24,1810,N20,VIIRS,n,2,273.96,3.01,N,1,VIIRS_NOAA20_SP,2022-07-24 18:10:00,2022-07-25 01:10:00
-6.09994,105.42521,297.66,0.55,0.68,2022-07-26,1733,N20,VIIRS,n,2,275.0,2.78,N,1,VIIRS_NOAA20_SP,2022-07-26 17:33:00,2022-07-27 00:33:00
-6.09905,105.42032,326.63,0.55,0.68,2022-07-26,1733,N20,VIIRS,n,2,275.02,2.78,N,1,VIIRS_NOAA20_SP,2022-07-26 17:33:00,2022-07-27 00:33:00
-6.10389,105.4251,339.33,0.53,0.42,2022-07-27,610,N20,VIIRS,n,2,278.89,20.39,D,1,VIIRS_NOAA20_SP,2022-07-27 06:10:00,2022-07-27 13:10:00
-6.10165,105.42445,328.32,0.52,0.5,2022-07-30,654,N20,VIIRS,n,2,295.49,9.67,D,1,VIIRS_NOAA20_SP,2022-07-30 06:54:00,2022-07-30 13:54:00
-6.10187,105.42126,339.09,0.42,0.45,2022-07-30,1758,N20,VIIRS,n,2,294.84,7.04,N,1,VIIRS_NOAA20_SP,2022-07-30 17:58:00,2022-07-31 00:58:00
-6.10572,105.42183,336.43,0.42,0.38,2022-07-31,635,N20,VIIRS,n,2,305.18,5.99,D,1,VIIRS_NOAA20_SP,2022-07-31 06:35:00,2022-07-31 13:35:00
-6.10227,105.4213,338.25,0.42,0.38,2022-07-31,635,N20,VIIRS,n,2,307.48,10.31,D,1,VIIRS_NOAA20_SP,2022-07-31 06:35:00,2022-07-31 13:35:00
-6.10168,105.4251,336.75,0.42,0.38,2022-07-31,635,N20,VIIRS,n,2,304.75,11.19,D,1,VIIRS_NOAA20_SP,2022-07-31 06:35:00,2022-07-31 13:35:00
-6.10136,105.4211,325.28,0.43,0.62,2022-07-31,1739,N20,VIIRS,n,2,289.53,3.2,N,1,VIIRS_NOAA20_SP,2022-07-31 17:39:00,2022-08-01 00:39:00
-6.10309,105.42453,344.82,0.44,0.38,2022-08-01,616,N20,VIIRS,n,2,311.29,16.74,D,1,VIIRS_NOAA20_SP,2022-08-01 06:16:00,2022-08-01 13:16:00
-6.10345,105.42493,344.5,0.56,0.52,2022-08-02,557,N20,VIIRS,n,2,290.81,21.23,D,1,VIIRS_NOAA20_SP,2022-08-02 05:57:00,2022-08-02 12:57:00
-6.10269,105.42245,345.12,0.56,0.52,2022-08-02,557,N20,VIIRS,n,2,291.5,22.88,D,1,VIIRS_NOAA20_SP,2022-08-02 05:57:00,2022-08-02 12:57:00
-6.10248,105.4234,334.13,0.43,0.46,2022-08-02,1842,N20,VIIRS,n,2,304.14,19.59,N,1,VIIRS_NOAA20_SP,2022-08-02 18:42:00,2022-08-03 01:42:00
-6.10191,105.41959,336.56,0.43,0.46,2022-08-02,1842,N20,VIIRS,n,2,291.57,19.59,N,1,VIIRS_NOAA20_SP,2022-08-02 18:42:00,2022-08-03 01:42:00
-6.10096,105.42544,326.28,0.7,0.75,2022-08-03,719,N20,VIIRS,n,2,285.7,8.25,D,1,VIIRS_NOAA20_SP,2022-08-03 07:19:00,2022-08-03 14:19:00
-6.10059,105.42445,325.51,0.7,0.75,2022-08-03,719,N20,VIIRS,n,2,286.04,8.32,D,1,VIIRS_NOAA20_SP,2022-08-03 07:19:00,2022-08-03 14:19:00
-6.10511,105.42207,344.73,0.33,0.55,2022-08-04,700,N20,VIIRS,n,2,285.28,10.23,D,1,VIIRS_NOAA20_SP,2022-08-04 07:00:00,2022-08-04 14:00:00
-6.10458,105.42517,356.46,0.33,0.55,2022-08-04,700,N20,VIIRS,l,2,283.53,10.98,D,1,VIIRS_NOAA20_SP,2022-08-04 07:00:00,2022-08-04 14:00:00
-6.10332,105.42352,315.22,0.34,0.56,2022-08-05,1745,N20,VIIRS,n,2,290.49,4.61,N,1,VIIRS_NOAA20_SP,2022-08-05 17:45:00,2022-08-06 00:45:00
-6.10279,105.42044,367.0,0.34,0.56,2022-08-05,1745,N20,VIIRS,h,2,290.77,4.61,N,1,VIIRS_NOAA20_SP,2022-08-05 17:45:00,2022-08-06 00:45:00
-6.1047,105.42454,337.71,0.39,0.36,2022-08-06,622,N20,VIIRS,n,2,292.25,5.87,D,1,VIIRS_NOAA20_SP,2022-08-06 06:22:00,2022-08-06 13:22:00
-6.10213,105.42391,340.91,0.39,0.36,2022-08-06,622,N20,VIIRS,n,2,295.93,12.0,D,1,VIIRS_NOAA20_SP,2022-08-06 06:22:00,2022-08-06 13:22:00
-6.10312,105.42285,327.84,0.55,0.51,2022-08-07,1848,N20,VIIRS,n,2,293.99,7.58,N,1,VIIRS_NOAA20_SP,2022-08-07 18:48:00,2022-08-08 01:48:00
-6.105,105.42517,349.63,0.47,0.64,2022-08-08,545,N20,VIIRS,n,2,296.83,16.71,D,1,VIIRS_NOAA20_SP,2022-08-08 05:45:00,2022-08-08 12:45:00
-6.10215,105.42523,342.28,0.69,0.75,2022-08-11,720,N,VIIRS,n,2,290.72,15.58,D,1,VIIRS_SNPP_SP,2022-08-11 07:20:00,2022-08-11 14:20:00
-6.10559,105.42437,306.36,0.39,0.36,2022-08-11,1823,N,VIIRS,n,2,292.37,4.32,N,1,VIIRS_SNPP_SP,2022-08-11 18:23:00,2022-08-12 01:23:00
-6.10504,105.42082,324.02,0.39,0.36,2022-08-11,1823,N,VIIRS,n,2,294.78,8.01,N,1,VIIRS_SNPP_SP,2022-08-11 18:23:00,2022-08-12 01:23:00
-6.10168,105.42134,341.97,0.39,0.36,2022-08-11,1823,N,VIIRS,n,2,300.28,8.01,N,1,VIIRS_SNPP_SP,2022-08-11 18:23:00,2022-08-12 01:23:00
-6.10463,105.42523,332.71,0.34,0.56,2022-08-12,701,N,VIIRS,n,2,292.07,6.57,D,1,VIIRS_SNPP_SP,2022-08-12 07:01:00,2022-08-12 14:01:00
-6.10245,105.42136,341.75,0.49,0.41,2022-08-12,1805,N,VIIRS,n,2,292.36,10.25,N,1,VIIRS_SNPP_SP,2022-08-12 18:05:00,2022-08-13 01:05:00
-6.1029,105.42621,335.98,0.5,0.41,2022-08-13,642,N,VIIRS,n,2,296.41,12.17,D,1,VIIRS_SNPP_SP,2022-08-13 06:42:00,2022-08-13 13:42:00
-6.10442,105.41959,314.67,0.33,0.55,2022-08-13,1746,N,VIIRS,n,2,288.3,4.3,N,1,VIIRS_SNPP_SP,2022-08-13 17:46:00,2022-08-14 00:46:00
-6.10281,105.42172,317.44,0.33,0.55,2022-08-13,1746,N,VIIRS,n,2,289.07,2.25,N,1,VIIRS_SNPP_SP,2022-08-13 17:46:00,2022-08-14 00:46:00
-6.10225,105.41843,306.55,0.33,0.55,2022-08-13,1746,N,VIIRS,n,2,287.8,2.25,N,1,VIIRS_SNPP_SP,2022-08-13 17:46:00,2022-08-14 00:46:00
-6.10628,105.4236,352.2,0.42,0.61,2022-08-09,706,N20,VIIRS,n,2,296.19,13.05,D,1,VIIRS_NOAA20_SP,2022-08-09 07:06:00,2022-08-09 14:06:00
-6.10544,105.42307,318.05,0.43,0.38,2022-08-09,1810,N20,VIIRS,n,2,295.74,3.13,N,1,VIIRS_NOAA20_SP,2022-08-09 18:10:00,2022-08-10 01:10:00
-6.10197,105.42361,341.89,0.43,0.38,2022-08-09,1810,N20,VIIRS,n,2,303.04,15.95,N,1,VIIRS_NOAA20_SP,2022-08-09 18:10:00,2022-08-10 01:10:00
-6.10136,105.41979,309.17,0.43,0.38,2022-08-09,1810,N20,VIIRS,n,2,295.75,5.92,N,1,VIIRS_NOAA20_SP,2022-08-09 18:10:00,2022-08-10 01:10:00
-6.10402,105.42078,330.09,0.41,0.45,2022-08-10,648,N20,VIIRS,l,2,300.77,8.51,D,1,VIIRS_NOAA20_SP,2022-08-10 06:48:00,2022-08-10 13:48:00
-6.10342,105.42448,343.52,0.41,0.45,2022-08-10,648,N20,VIIRS,n,2,302.76,8.51,D,1,VIIRS_NOAA20_SP,2022-08-10 06:48:00,2022-08-10 13:48:00
-6.10541,105.42255,306.26,0.53,0.5,2022-08-10,1751,N20,VIIRS,n,2,290.84,2.85,N,1,VIIRS_NOAA20_SP,2022-08-10 17:51:00,2022-08-11 00:51:00
-6.10079,105.42328,306.4,0.53,0.5,2022-08-10,1751,N20,VIIRS,n,2,291.61,2.85,N,1,VIIRS_NOAA20_SP,2022-08-10 17:51:00,2022-08-11 00:51:00
-6.10263,105.42213,327.32,0.36,0.58,2022-08-13,551,N20,VIIRS,n,2,291.31,5.99,D,1,VIIRS_NOAA20_SP,2022-08-13 05:51:00,2022-08-13 12:51:00
-6.1022,105.42525,331.56,0.36,0.58,2022-08-13,551,N20,VIIRS,n,2,290.7,6.5,D,1,VIIRS_NOAA20_SP,2022-08-13 05:51:00,2022-08-13 12:51:00
-6.1017,105.42455,352.39,0.41,0.45,2022-08-18,649,N,VIIRS,n,2,302.74,21.12,D,1,VIIRS_SNPP_SP,2022-08-18 06:49:00,2022-08-18 13:49:00
-6.10345,105.41985,320.07,0.52,0.5,2022-08-18,1752,N,VIIRS,n,2,292.46,5.38,N,1,VIIRS_SNPP_SP,2022-08-18 17:52:00,2022-08-19 00:52:00
-6.10108,105.42431,341.58,0.51,0.5,2022-08-15,654,N20,VIIRS,n,2,274.79,10.03,D,1,VIIRS_NOAA20_SP,2022-08-15 06:54:00,2022-08-15 13:54:00
-6.10451,105.42146,332.47,0.42,0.38,2022-08-16,635,N20,VIIRS,n,2,301.79,8.75,D,1,VIIRS_NOAA20_SP,2022-08-16 06:35:00,2022-08-16 13:35:00
-6.10391,105.42525,335.03,0.42,0.38,2022-08-16,635,N20,VIIRS,n,2,301.33,14.23,D,1,VIIRS_NOAA20_SP,2022-08-16 06:35:00,2022-08-16 13:35:00
-6.10057,105.42152,344.19,0.44,0.62,2022-08-16,1739,N20,VIIRS,n,2,289.33,7.61,N,1,VIIRS_NOAA20_SP,2022-08-16 17:39:00,2022-08-17 00:39:00
-6.10407,105.42133,331.38,0.44,0.38,2022-08-17,616,N20,VIIRS,l,2,303.65,11.12,D,1,VIIRS_NOAA20_SP,2022-08-17 06:16:00,2022-08-17 13:16:00
-6.10349,105.42525,337.02,0.44,0.38,2022-08-17,616,N20,VIIRS,n,2,304.58,11.12,D,1,VIIRS_NOAA20_SP,2022-08-17 06:16:00,2022-08-17 13:16:00
-6.10291,105.42404,351.56,0.57,0.52,2022-08-18,557,N20,VIIRS,n,2,299.26,18.03,D,1,VIIRS_NOAA20_SP,2022-08-18 05:57:00,2022-08-18 12:57:00
-6.10099,105.42439,347.3,0.52,0.41,2022-08-20,611,N,VIIRS,n,2,300.65,20.28,D,1,VIIRS_SNPP_SP,2022-08-20 06:11:00,2022-08-20 13:11:00
-6.10515,105.42215,329.24,0.36,0.57,2022-08-20,1855,N,VIIRS,n,2,281.48,1.44,N,1,VIIRS_SNPP_SP,2022-08-20 18:55:00,2022-08-21 01:55:00
-6.1047,105.41906,306.49,0.36,0.57,2022-08-20,1855,N,VIIRS,n,2,281.83,1.44,N,1,VIIRS_SNPP_SP,2022-08-20 18:55:00,2022-08-21 01:55:00
-6.10399,105.42258,347.32,0.36,0.57,2022-08-20,1855,N,VIIRS,n,2,282.53,2.9,N,1,VIIRS_SNPP_SP,2022-08-20 18:55:00,2022-08-21 01:55:00
-6.10356,105.41943,318.96,0.36,0.57,2022-08-20,1855,N,VIIRS,n,2,281.88,2.9,N,1,VIIRS_SNPP_SP,2022-08-20 18:55:00,2022-08-21 01:55:00
-6.09987,105.4231,332.42,0.36,0.57,2022-08-20,1855,N,VIIRS,n,2,282.46,1.44,N,1,VIIRS_SNPP_SP,2022-08-20 18:55:00,2022-08-21 01:55:00
-6.0994,105.41988,311.65,0.36,0.57,2022-08-20,1855,N,VIIRS,n,2,282.1,1.44,N,1,VIIRS_SNPP_SP,2022-08-20 18:55:00,2022-08-21 01:55:00
-6.10388,105.42386,328.72,0.39,0.36,2022-08-22,1817,N,VIIRS,n,2,296.19,4.89,N,1,VIIRS_SNPP_SP,2022-08-22 18:17:00,2022-08-23 01:17:00
-6.10333,105.42038,331.64,0.39,0.36,2022-08-22,1817,N,VIIRS,n,2,296.49,6.85,N,1,VIIRS_SNPP_SP,2022-08-22 18:17:00,2022-08-23 01:17:00
-6.10054,105.42439,311.51,0.39,0.36,2022-08-22,1817,N,VIIRS,n,2,294.79,1.3,N,1,VIIRS_SNPP_SP,2022-08-22 18:17:00,2022-08-23 01:17:00
-6.09999,105.42091,313.91,0.39,0.36,2022-08-22,1817,N,VIIRS,n,2,295.27,1.92,N,1,VIIRS_SNPP_SP,2022-08-22 18:17:00,2022-08-23 01:17:00
-6.10311,105.42175,344.35,0.41,0.45,2022-08-23,1758,N,VIIRS,n,2,296.33,7.57,N,1,VIIRS_SNPP_SP,2022-08-23 17:58:00,2022-08-24 00:58:00
-6.10136,105.42453,344.28,0.61,0.71,2022-08-19,538,N20,VIIRS,n,2,289.74,13.18,D,1,VIIRS_NOAA20_SP,2022-08-19 05:38:00,2022-08-19 12:38:00
-6.10123,105.42425,345.06,0.61,0.71,2022-08-19,538,N20,VIIRS,n,2,289.28,14.38,D,1,VIIRS_NOAA20_SP,2022-08-19 05:38:00,2022-08-19 12:38:00
-6.09987,105.42458,307.77,0.59,0.7,2022-08-22,1906,N20,VIIRS,n,2,287.89,2.25,N,1,VIIRS_NOAA20_SP,2022-08-22 19:06:00,2022-08-23 02:06:00
-6.09916,105.41932,320.56,0.59,0.7,2022-08-22,1906,N20,VIIRS,n,2,287.72,2.25,N,1,VIIRS_NOAA20_SP,2022-08-22 19:06:00,2022-08-23 02:06:00
-6.10516,105.42377,344.87,0.44,0.46,2022-08-23,603,N20,VIIRS,n,2,296.45,12.13,D,1,VIIRS_NOAA20_SP,2022-08-23 06:03:00,2022-08-23 13:03:00
-6.10445,105.42326,342.39,0.44,0.46,2022-08-23,603,N20,VIIRS,n,2,296.56,9.67,D,1,VIIRS_NOAA20_SP,2022-08-23 06:03:00,2022-08-23 13:03:00
-6.10227,105.42028,328.65,0.42,0.61,2022-08-24,1740,N,VIIRS,n,2,292.01,5.25,N,1,VIIRS_SNPP_SP,2022-08-24 17:40:00,2022-08-25 00:40:00
-6.10142,105.42354,348.75,0.43,0.38,2022-08-25,617,N,VIIRS,n,2,312.18,20.41,D,1,VIIRS_SNPP_SP,2022-08-25 06:17:00,2022-08-25 13:17:00
-6.10508,105.42444,308.34,0.49,0.4,2022-08-28,1805,N,VIIRS,n,2,286.88,3.8,N,1,VIIRS_SNPP_SP,2022-08-28 18:05:00,2022-08-29 01:05:00
-6.10434,105.42,331.11,0.49,0.4,2022-08-28,1805,N,VIIRS,n,2,288.61,3.8,N,1,VIIRS_SNPP_SP,2022-08-28 18:05:00,2022-08-29 01:05:00
-6.1006,105.42058,329.35,0.49,0.4,2022-08-28,1805,N,VIIRS,n,2,289.48,5.98,N,1,VIIRS_SNPP_SP,2022-08-28 18:05:00,2022-08-29 01:05:00
-6.10451,105.42012,308.27,0.43,0.38,2022-08-24,1829,N20,VIIRS,n,2,294.15,3.01,N,1,VIIRS_NOAA20_SP,2022-08-24 18:29:00,2022-08-25 01:29:00
-6.10161,105.42455,327.54,0.43,0.38,2022-08-24,1829,N20,VIIRS,n,2,298.53,5.32,N,1,VIIRS_NOAA20_SP,2022-08-24 18:29:00,2022-08-25 01:29:00
-6.10102,105.42065,331.26,0.43,0.38,2022-08-24,1829,N20,VIIRS,n,2,296.52,5.32,N,1,VIIRS_NOAA20_SP,2022-08-24 18:29:00,2022-08-25 01:29:00
-6.1034,105.42287,345.14,0.42,0.61,2022-08-25,706,N20,VIIRS,n,2,298.42,7.31,D,1,VIIRS_NOAA20_SP,2022-08-25 07:06:00,2022-08-25 14:06:00
-6.10269,105.42688,328.99,0.42,0.61,2022-08-25,706,N20,VIIRS,n,2,296.11,7.31,D,1,VIIRS_NOAA20_SP,2022-08-25 07:06:00,2022-08-25 14:06:00
-6.10061,105.42146,335.0,0.43,0.38,2022-08-25,1810,N20,VIIRS,n,2,300.39,7.35,N,1,VIIRS_NOAA20_SP,2022-08-25 18:10:00,2022-08-26 01:10:00
-6.10096,105.42339,334.02,0.36,0.57,2022-08-28,1854,N20,VIIRS,n,2,287.14,3.58,N,1,VIIRS_NOAA20_SP,2022-08-28 18:54:00,2022-08-29 01:54:00
-6.10053,105.42028,329.14,0.36,0.57,2022-08-28,1854,N20,VIIRS,n,2,284.47,3.58,N,1,VIIRS_NOAA20_SP,2022-08-28 18:54:00,2022-08-29 01:54:00
-6.10456,105.42503,327.68,0.43,0.46,2022-08-31,605,N,VIIRS,l,2,299.19,7.89,D,1,VIIRS_SNPP_SP,2022-08-31 06:05:00,2022-08-31 13:05:00
-6.10095,105.42436,345.86,0.43,0.46,2022-08-31,605,N,VIIRS,n,2,302.78,16.91,D,1,VIIRS_SNPP_SP,2022-08-31 06:05:00,2022-08-31 13:05:00
-6.09675,105.42365,329.33,0.43,0.46,2022-08-31,605,N,VIIRS,l,2,300.8,6.86,D,1,VIIRS_SNPP_SP,2022-08-31 06:05:00,2022-08-31 13:05:00
-6.0962,105.42744,326.42,0.43,0.46,2022-08-31,605,N,VIIRS,l,2,299.42,6.86,D,3,VIIRS_SNPP_SP,2022-08-31 06:05:00,2022-08-31 13:05:00
-6.1005,105.42256,303.52,0.56,0.51,2022-08-31,1849,N,VIIRS,n,2,279.74,5.17,N,1,VIIRS_SNPP_SP,2022-08-31 18:49:00,2022-09-01 01:49:00
-6.10384,105.42276,339.48,0.44,0.38,2022-09-01,1830,N,VIIRS,n,2,294.46,6.96,N,1,VIIRS_SNPP_SP,2022-09-01 18:30:00,2022-09-02 01:30:00
-6.10273,105.42197,331.43,0.43,0.62,2022-09-02,707,N,VIIRS,n,2,289.21,8.44,D,1,VIIRS_SNPP_SP,2022-09-02 07:07:00,2022-09-02 14:07:00
-6.10201,105.42615,330.11,0.43,0.62,2022-09-02,707,N,VIIRS,n,2,289.11,11.53,D,1,VIIRS_SNPP_SP,2022-09-02 07:07:00,2022-09-02 14:07:00
-6.10453,105.42309,312.02,0.52,0.41,2022-08-29,1835,N20,VIIRS,n,2,281.28,5.72,N,1,VIIRS_NOAA20_SP,2022-08-29 18:35:00,2022-08-30 01:35:00
-6.10074,105.42371,338.0,0.52,0.41,2022-08-29,1835,N20,VIIRS,n,2,291.36,5.72,N,1,VIIRS_NOAA20_SP,2022-08-29 18:35:00,2022-08-30 01:35:00
-6.10427,105.42349,314.9,0.39,0.36,2022-08-30,1816,N20,VIIRS,n,2,291.76,3.64,N,1,VIIRS_NOAA20_SP,2022-08-30 18:16:00,2022-08-31 01:16:00
-6.10095,105.42401,333.25,0.39,0.36,2022-08-30,1816,N20,VIIRS,n,2,296.96,3.44,N,1,VIIRS_NOAA20_SP,2022-08-30 18:16:00,2022-08-31 01:16:00
-6.10039,105.42053,310.75,0.39,0.36,2022-08-30,1816,N20,VIIRS,n,2,291.55,3.44,N,1,VIIRS_NOAA20_SP,2022-08-30 18:16:00,2022-08-31 01:16:00
-6.10335,105.42335,346.27,0.52,0.5,2022-08-31,654,N20,VIIRS,n,2,296.73,12.08,D,1,VIIRS_NOAA20_SP,2022-08-31 06:54:00,2022-08-31 13:54:00
-6.09792,105.42768,326.91,0.52,0.5,2022-08-31,654,N20,VIIRS,n,2,295.3,12.08,D,1,VIIRS_NOAA20_SP,2022-08-31 06:54:00,2022-08-31 13:54:00
-6.10381,105.42168,339.03,0.42,0.38,2022-09-01,635,N20,VIIRS,n,2,302.03,9.4,D,1,VIIRS_NOAA20_SP,2022-09-01 06:35:00,2022-09-01 13:35:00
-6.10322,105.42551,339.1,0.42,0.38,2022-09-01,635,N20,VIIRS,n,2,301.21,9.4,D,1,VIIRS_NOAA20_SP,2022-09-01 06:35:00,2022-09-01 13:35:00
-6.10423,105.41985,298.96,0.36,0.57,2022-09-05,1855,N,VIIRS,n,2,265.11,2.57,N,1,VIIRS_SNPP_SP,2022-09-05 18:55:00,2022-09-06 01:55:00
-6.10241,105.42228,323.08,0.36,0.57,2022-09-05,1855,N,VIIRS,n,2,266.53,3.51,N,1,VIIRS_SNPP_SP,2022-09-05 18:55:00,2022-09-06 01:55:00
-6.10332,105.42463,319.58,0.39,0.36,2022-09-07,1817,N,VIIRS,n,2,280.85,3.75,N,1,VIIRS_SNPP_SP,2022-09-07 18:17:00,2022-09-08 01:17:00
-6.10277,105.42115,331.89,0.39,0.36,2022-09-07,1817,N,VIIRS,n,2,282.78,3.75,N,1,VIIRS_SNPP_SP,2022-09-07 18:17:00,2022-09-08 01:17:00
-6.10174,105.42157,331.84,0.39,0.36,2022-09-04,1823,N20,VIIRS,n,2,283.14,2.46,N,1,VIIRS_NOAA20_SP,2022-09-04 18:23:00,2022-09-05 01:23:00
-6.10236,105.42072,319.9,0.5,0.41,2022-09-05,1804,N20,VIIRS,n,2,273.43,5.42,N,1,VIIRS_NOAA20_SP,2022-09-05 18:04:00,2022-09-06 01:04:00
-6.10045,105.42348,308.36,0.59,0.7,2022-09-07,1907,N20,VIIRS,n,2,274.92,3.89,N,1,VIIRS_NOAA20_SP,2022-09-07 19:07:00,2022-09-08 02:07:00
-6.09978,105.41857,305.52,0.59,0.7,2022-09-07,1907,N20,VIIRS,n,2,274.22,3.89,N,1,VIIRS_NOAA20_SP,2022-09-07 19:07:00,2022-09-08 02:07:00
-6.10247,105.42325,341.51,0.43,0.38,2022-09-10,617,N,VIIRS,n,2,292.61,7.41,D,1,VIIRS_SNPP_SP,2022-09-10 06:17:00,2022-09-10 13:17:00
-6.10314,105.4224,347.81,0.39,0.36,2022-09-12,1824,N,VIIRS,n,2,302.87,13.19,N,1,VIIRS_SNPP_SP,2022-09-12 18:24:00,2022-09-13 01:24:00
-6.10383,105.42154,332.75,0.41,0.45,2022-09-11,648,N20,VIIRS,n,2,298.21,9.11,D,1,VIIRS_NOAA20_SP,2022-09-11 06:48:00,2022-09-11 13:48:00
-6.1032,105.42532,342.74,0.41,0.45,2022-09-11,648,N20,VIIRS,n,2,298.21,9.11,D,1,VIIRS_NOAA20_SP,2022-09-11 06:48:00,2022-09-11 13:48:00
-6.09954,105.42279,308.4,0.77,0.77,2022-09-12,1913,N20,VIIRS,n,2,284.82,2.88,N,1,VIIRS_NOAA20_SP,2022-09-12 19:13:00,2022-09-13 02:13:00
-6.0988,105.4173,305.7,0.76,0.77,2022-09-12,1913,N20,VIIRS,n,2,284.48,2.88,N,1,VIIRS_NOAA20_SP,2022-09-12 19:13:00,2022-09-13 02:13:00
-6.10163,105.42323,349.94,0.39,0.36,2022-09-15,624,N,VIIRS,n,2,311.75,16.81,D,1,VIIRS_SNPP_SP,2022-09-15 06:24:00,2022-09-15 13:24:00
-6.10302,105.42384,333.54,0.44,0.38,2022-09-17,1830,N,VIIRS,n,2,292.48,6.98,N,1,VIIRS_SNPP_SP,2022-09-17 18:30:00,2022-09-18 01:30:00
-6.10241,105.41988,307.51,0.44,0.38,2022-09-17,1830,N,VIIRS,n,2,289.53,5.82,N,1,VIIRS_SNPP_SP,2022-09-17 18:30:00,2022-09-18 01:30:00
-6.10219,105.42326,332.93,0.52,0.42,2022-09-13,610,N20,VIIRS,n,2,281.39,10.17,D,1,VIIRS_NOAA20_SP,2022-09-13 06:10:00,2022-09-13 13:10:00
-6.10384,105.42171,316.01,0.52,0.42,2022-09-14,1835,N20,VIIRS,n,2,293.51,2.74,N,1,VIIRS_NOAA20_SP,2022-09-14 18:35:00,2022-09-15 01:35:00
-6.10093,105.42413,321.34,0.52,0.42,2022-09-14,1835,N20,VIIRS,n,2,295.11,5.46,N,1,VIIRS_NOAA20_SP,2022-09-14 18:35:00,2022-09-15 01:35:00
-6.10004,105.42233,316.28,0.52,0.42,2022-09-14,1835,N20,VIIRS,n,2,294.84,2.74,N,1,VIIRS_NOAA20_SP,2022-09-14 18:35:00,2022-09-15 01:35:00
-6.10304,105.42381,337.04,0.55,0.68,2022-09-15,713,N20,VIIRS,n,2,293.95,9.13,D,1,VIIRS_NOAA20_SP,2022-09-15 07:13:00,2022-09-15 14:13:00
-6.1018,105.42435,329.43,0.39,0.36,2022-09-15,1816,N20,VIIRS,n,2,291.01,3.89,N,1,VIIRS_NOAA20_SP,2022-09-15 18:16:00,2022-09-16 01:16:00
-6.10125,105.42088,330.91,0.39,0.36,2022-09-15,1816,N20,VIIRS,n,2,289.55,3.89,N,1,VIIRS_NOAA20_SP,2022-09-15 18:16:00,2022-09-16 01:16:00
-6.10384,105.42429,348.2,0.42,0.38,2022-09-17,635,N20,VIIRS,n,2,303.73,11.15,D,1,VIIRS_NOAA20_SP,2022-09-17 06:35:00,2022-09-17 13:35:00
-6.10037,105.42378,334.88,0.42,0.38,2022-09-17,635,N20,VIIRS,l,2,305.65,11.15,D,1,VIIRS_NOAA20_SP,2022-09-17 06:35:00,2022-09-17 13:35:00
-6.09691,105.42327,332.33,0.42,0.38,2022-09-17,635,N20,VIIRS,l,2,306.05,12.98,D,1,VIIRS_NOAA20_SP,2022-09-17 06:35:00,2022-09-17 13:35:00
-6.10337,105.42473,342.66,0.43,0.62,2022-09-18,708,N,VIIRS,n,2,291.59,13.46,D,1,VIIRS_SNPP_SP,2022-09-18 07:08:00,2022-09-18 14:08:00
-6.10309,105.4241,345.26,0.39,0.36,2022-09-20,630,N,VIIRS,n,2,293.93,11.92,D,1,VIIRS_SNPP_SP,2022-09-20 06:30:00,2022-09-20 13:30:00
-6.10404,105.42316,339.67,0.51,0.41,2022-09-21,611,N,VIIRS,n,2,293.82,11.5,D,1,VIIRS_SNPP_SP,2022-09-21 06:11:00,2022-09-21 13:11:00
-6.10149,105.4243,347.16,0.51,0.41,2022-09-21,611,N,VIIRS,n,2,295.46,17.73,D,1,VIIRS_SNPP_SP,2022-09-21 06:11:00,2022-09-21 13:11:00
-6.10024,105.42255,334.74,0.51,0.41,2022-09-21,611,N,VIIRS,n,2,292.13,14.1,D,1,VIIRS_SNPP_SP,2022-09-21 06:11:00,2022-09-21 13:11:00
-6.10361,105.42213,319.44,0.36,0.57,2022-09-21,1855,N,VIIRS,n,2,266.69,2.51,N,1,VIIRS_SNPP_SP,2022-09-21 18:55:00,2022-09-22 01:55:00
-6.10417,105.42412,300.5,0.39,0.36,2022-09-20,1823,N20,VIIRS,n,2,274.37,1.55,N,1,VIIRS_NOAA20_SP,2022-09-20 18:23:00,2022-09-21 01:23:00
-6.10362,105.42059,311.06,0.39,0.36,2022-09-20,1823,N20,VIIRS,n,2,274.1,1.55,N,1,VIIRS_NOAA20_SP,2022-09-20 18:23:00,2022-09-21 01:23:00
-6.10084,105.42464,311.56,0.39,0.36,2022-09-20,1823,N20,VIIRS,n,2,274.83,1.55,N,1,VIIRS_NOAA20_SP,2022-09-20 18:23:00,2022-09-21 01:23:00
-6.10029,105.42112,325.26,0.39,0.36,2022-09-20,1823,N20,VIIRS,n,2,274.63,1.55,N,1,VIIRS_NOAA20_SP,2022-09-20 18:23:00,2022-09-21 01:23:00
-6.10168,105.42094,313.31,0.5,0.41,2022-09-21,1804,N20,VIIRS,n,2,273.55,2.1,N,1,VIIRS_NOAA20_SP,2022-09-21 18:04:00,2022-09-22 01:04:00
-6.10278,105.42194,318.97,0.34,0.56,2022-09-22,1745,N20,VIIRS,n,2,270.06,3.13,N,1,VIIRS_NOAA20_SP,2022-09-22 17:45:00,2022-09-23 00:45:00
-6.1024,105.42107,339.83,0.53,0.5,2022-09-24,655,N,VIIRS,n,2,297.65,10.81,D,1,VIIRS_SNPP_SP,2022-09-24 06:55:00,2022-09-24 13:55:00
-6.10156,105.42604,340.85,0.53,0.5,2022-09-24,655,N,VIIRS,n,2,296.93,14.7,D,1,VIIRS_SNPP_SP,2022-09-24 06:55:00,2022-09-24 13:55:00
-6.10297,105.42362,347.94,0.43,0.38,2022-09-25,636,N,VIIRS,n,2,312.15,25.12,D,1,VIIRS_SNPP_SP,2022-09-25 06:36:00,2022-09-25 13:36:00
-6.10345,105.42525,336.18,0.43,0.38,2022-09-26,617,N,VIIRS,l,2,294.05,7.35,D,1,VIIRS_SNPP_SP,2022-09-26 06:17:00,2022-09-26 13:17:00
-6.09995,105.42469,335.25,0.43,0.38,2022-09-26,617,N,VIIRS,l,2,292.52,9.22,D,1,VIIRS_SNPP_SP,2022-09-26 06:17:00,2022-09-26 13:17:00
-6.10013,105.42082,328.47,0.46,0.64,2022-09-26,1901,N,VIIRS,n,2,279.97,4.25,N,1,VIIRS_SNPP_SP,2022-09-26 19:01:00,2022-09-27 02:01:00
-6.10451,105.42311,345.28,0.44,0.46,2022-09-24,604,N20,VIIRS,n,2,301.53,15.36,D,1,VIIRS_NOAA20_SP,2022-09-24 06:04:00,2022-09-24 13:04:00
-6.10378,105.42056,316.55,0.56,0.51,2022-09-24,1848,N20,VIIRS,n,2,290.07,6.95,N,1,VIIRS_NOAA20_SP,2022-09-24 18:48:00,2022-09-25 01:48:00
-6.1013,105.42365,338.66,0.56,0.51,2022-09-24,1848,N20,VIIRS,n,2,293.11,8.24,N,1,VIIRS_NOAA20_SP,2022-09-24 18:48:00,2022-09-25 01:48:00
-6.10063,105.41884,306.13,0.56,0.51,2022-09-24,1848,N20,VIIRS,n,2,289.9,8.24,N,1,VIIRS_NOAA20_SP,2022-09-24 18:48:00,2022-09-25 01:48:00
-6.09909,105.42133,341.77,0.56,0.51,2022-09-24,1848,N20,VIIRS,n,2,291.87,6.95,N,1,VIIRS_NOAA20_SP,2022-09-24 18:48:00,2022-09-25 01:48:00
-6.1026,105.42371,341.62,0.46,0.64,2022-09-25,545,N20,VIIRS,n,2,293.87,10.18,D,1,VIIRS_NOAA20_SP,2022-09-25 05:45:00,2022-09-25 12:45:00
-6.10388,105.42352,345.49,0.43,0.62,2022-09-26,707,N20,VIIRS,n,2,291.86,12.85,D,1,VIIRS_NOAA20_SP,2022-09-26 07:07:00,2022-09-26 14:07:00
-6.10286,105.42523,301.8,0.42,0.38,2022-09-26,1810,N20,VIIRS,n,2,275.26,3.56,N,1,VIIRS_NOAA20_SP,2022-09-26 18:10:00,2022-09-27 01:10:00
-6.10225,105.42149,339.07,0.42,0.38,2022-09-26,1810,N20,VIIRS,n,2,279.68,3.56,N,1,VIIRS_NOAA20_SP,2022-09-26 18:10:00,2022-09-27 01:10:00
-6.10046,105.42404,334.45,0.57,0.69,2022-09-28,540,N,VIIRS,n,2,294.67,13.4,D,1,VIIRS_SNPP_SP,2022-09-28 05:40:00,2022-09-28 12:40:00
-6.09943,105.42558,335.89,0.7,0.75,2022-09-28,720,N,VIIRS,n,2,291.81,18.3,D,1,VIIRS_SNPP_SP,2022-09-28 07:20:00,2022-09-28 14:20:00
-6.10317,105.42346,339.0,0.39,0.36,2022-09-28,1824,N,VIIRS,n,2,302.41,9.62,N,1,VIIRS_SNPP_SP,2022-09-28 18:24:00,2022-09-29 01:24:00
-6.10262,105.41993,311.91,0.39,0.36,2022-09-28,1824,N,VIIRS,n,2,295.65,9.62,N,1,VIIRS_SNPP_SP,2022-09-28 18:24:00,2022-09-29 01:24:00
-6.10427,105.42432,338.61,0.34,0.56,2022-09-29,701,N,VIIRS,n,2,276.78,5.42,D,1,VIIRS_SNPP_SP,2022-09-29 07:01:00,2022-09-29 14:01:00
-6.10289,105.423,338.83,0.49,0.4,2022-09-29,1805,N,VIIRS,n,2,292.26,9.71,N,1,VIIRS_SNPP_SP,2022-09-29 18:05:00,2022-09-30 01:05:00
-6.10126,105.42457,343.91,0.5,0.41,2022-09-30,643,N,VIIRS,n,2,302.68,18.66,D,1,VIIRS_SNPP_SP,2022-09-30 06:43:00,2022-09-30 13:43:00
-6.09747,105.42406,331.0,0.5,0.41,2022-09-30,643,N,VIIRS,l,2,302.17,8.94,D,1,VIIRS_SNPP_SP,2022-09-30 06:43:00,2022-09-30 13:43:00
-6.09369,105.42352,330.69,0.5,0.41,2022-09-30,643,N,VIIRS,l,2,301.13,8.94,D,1,VIIRS_SNPP_SP,2022-09-30 06:43:00,2022-09-30 13:43:00
-6.10438,105.42178,336.6,0.39,0.36,2022-10-01,624,N,VIIRS,l,2,306.98,6.93,D,1,VIIRS_SNPP_SP,2022-10-01 06:24:00,2022-10-01 13:24:00
-6.10386,105.4253,333.64,0.39,0.36,2022-10-01,624,N,VIIRS,l,2,306.8,8.96,D,1,VIIRS_SNPP_SP,2022-10-01 06:24:00,2022-10-01 13:24:00
-6.10104,105.42129,340.66,0.39,0.36,2022-10-01,624,N,VIIRS,n,2,306.76,6.93,D,1,VIIRS_SNPP_SP,2022-10-01 06:24:00,2022-10-01 13:24:00
-6.10051,105.42479,341.75,0.39,0.36,2022-10-01,624,N,VIIRS,n,2,308.63,8.96,D,1,VIIRS_SNPP_SP,2022-10-01 06:24:00,2022-10-01 13:24:00
-6.09987,105.41804,326.65,0.55,0.68,2022-09-28,1733,N20,VIIRS,n,2,285.93,5.17,N,1,VIIRS_NOAA20_SP,2022-09-28 17:33:00,2022-09-29 00:33:00
-6.10262,105.41949,331.4,0.77,0.77,2022-09-28,1913,N20,VIIRS,n,2,287.16,10.96,N,1,VIIRS_NOAA20_SP,2022-09-28 19:13:00,2022-09-29 02:13:00
-6.09854,105.42151,322.2,0.77,0.77,2022-09-28,1913,N20,VIIRS,n,2,287.17,10.29,N,1,VIIRS_NOAA20_SP,2022-09-28 19:13:00,2022-09-29 02:13:00
-6.10154,105.42187,341.6,0.36,0.57,2022-09-29,1854,N20,VIIRS,n,2,280.09,2.36,N,1,VIIRS_NOAA20_SP,2022-09-29 18:54:00,2022-09-30 01:54:00
-6.10113,105.41889,302.24,0.36,0.57,2022-09-29,1854,N20,VIIRS,n,2,277.72,2.36,N,1,VIIRS_NOAA20_SP,2022-09-29 18:54:00,2022-09-30 01:54:00
-6.10427,105.42191,317.39,0.52,0.42,2022-09-30,1835,N20,VIIRS,n,2,288.95,8.39,N,1,VIIRS_NOAA20_SP,2022-09-30 18:35:00,2022-10-01 01:35:00
-6.10358,105.42454,322.46,0.52,0.42,2022-09-30,1835,N20,VIIRS,n,2,291.07,8.06,N,1,VIIRS_NOAA20_SP,2022-09-30 18:35:00,2022-10-01 01:35:00
-6.1029,105.41987,329.07,0.52,0.42,2022-09-30,1835,N20,VIIRS,n,2,284.32,8.06,N,1,VIIRS_NOAA20_SP,2022-09-30 18:35:00,2022-10-01 01:35:00
-6.10047,105.42257,334.82,0.52,0.42,2022-09-30,1835,N20,VIIRS,n,2,294.44,8.39,N,1,VIIRS_NOAA20_SP,2022-09-30 18:35:00,2022-10-01 01:35:00
-6.10136,105.42197,320.68,0.39,0.36,2022-10-01,1816,N20,VIIRS,n,2,287.87,3.68,N,1,VIIRS_NOAA20_SP,2022-10-01 18:16:00,2022-10-02 01:16:00
-6.10233,105.42219,340.82,0.44,0.38,2022-10-03,1830,N,VIIRS,n,2,272.26,6.69,N,1,VIIRS_SNPP_SP,2022-10-03 18:30:00,2022-10-04 01:30:00
-6.10602,105.42226,300.49,0.42,0.38,2022-10-04,1811,N,VIIRS,n,2,277.4,1.72,N,1,VIIRS_SNPP_SP,2022-10-04 18:11:00,2022-10-05 01:11:00
-6.10429,105.42339,303.99,0.42,0.38,2022-10-04,1811,N,VIIRS,n,2,277.86,3.22,N,1,VIIRS_SNPP_SP,2022-10-04 18:11:00,2022-10-05 01:11:00
-6.10257,105.42287,302.22,0.42,0.38,2022-10-04,1811,N,VIIRS,n,2,277.77,1.72,N,1,VIIRS_SNPP_SP,2022-10-04 18:11:00,2022-10-05 01:11:00
-6.10557,105.42418,300.13,0.51,0.5,2022-10-05,1752,N,VIIRS,n,2,261.73,2.18,N,1,VIIRS_SNPP_SP,2022-10-05 17:52:00,2022-10-06 00:52:00
-6.10479,105.41956,307.75,0.51,0.5,2022-10-05,1752,N,VIIRS,n,2,266.32,2.18,N,1,VIIRS_SNPP_SP,2022-10-05 17:52:00,2022-10-06 00:52:00
-6.10099,105.42495,306.51,0.51,0.5,2022-10-05,1752,N,VIIRS,n,2,268.8,2.18,N,1,VIIRS_SNPP_SP,2022-10-05 17:52:00,2022-10-06 00:52:00
-6.10021,105.42027,320.02,0.51,0.5,2022-10-05,1752,N,VIIRS,n,2,270.62,2.18,N,1,VIIRS_SNPP_SP,2022-10-05 17:52:00,2022-10-06 00:52:00
-6.10327,105.42502,335.93,0.44,0.38,2022-10-04,616,N20,VIIRS,l,2,298.01,12.89,D,1,VIIRS_NOAA20_SP,2022-10-04 06:16:00,2022-10-04 13:16:00
-6.1032,105.42247,326.03,0.5,0.41,2022-10-07,1804,N20,VIIRS,n,2,279.02,3.51,N,1,VIIRS_NOAA20_SP,2022-10-07 18:04:00,2022-10-08 01:04:00
-6.10426,105.42348,328.48,0.39,0.36,2022-10-09,1818,N,VIIRS,n,2,284.21,2.39,N,1,VIIRS_SNPP_SP,2022-10-09 18:18:00,2022-10-10 01:18:00
-6.1018,105.42233,312.51,0.46,0.64,2022-10-12,1902,N,VIIRS,n,2,279.23,2.66,N,1,VIIRS_SNPP_SP,2022-10-12 19:02:00,2022-10-13 02:02:00
-6.10207,105.42171,308.13,0.56,0.51,2022-10-10,1848,N20,VIIRS,n,2,270.16,3.03,N,1,VIIRS_NOAA20_SP,2022-10-10 18:48:00,2022-10-11 01:48:00
-6.10224,105.42157,315.39,0.44,0.38,2022-10-11,1829,N20,VIIRS,n,2,270.75,2.98,N,1,VIIRS_NOAA20_SP,2022-10-11 18:29:00,2022-10-12 01:29:00
-6.10361,105.42221,323.63,0.42,0.38,2022-10-12,1810,N20,VIIRS,n,2,291.97,4.42,N,1,VIIRS_NOAA20_SP,2022-10-12 18:10:00,2022-10-13 01:10:00
-6.10446,105.42319,318.58,0.39,0.36,2022-10-14,1824,N,VIIRS,n,2,274.94,1.61,N,1,VIIRS_SNPP_SP,2022-10-14 18:24:00,2022-10-15 01:24:00
-6.10208,105.42272,313.07,0.33,0.55,2022-10-16,1746,N,VIIRS,n,2,281.52,2.1,N,1,VIIRS_SNPP_SP,2022-10-16 17:46:00,2022-10-17 00:46:00
-6.10321,105.42267,344.33,0.39,0.36,2022-10-17,624,N,VIIRS,n,2,292.31,9.61,D,1,VIIRS_SNPP_SP,2022-10-17 06:24:00,2022-10-17 13:24:00
-6.10465,105.42351,303.9,0.39,0.36,2022-10-17,1816,N20,VIIRS,n,2,274.88,1.05,N,1,VIIRS_NOAA20_SP,2022-10-17 18:16:00,2022-10-18 01:16:00
-6.1041,105.42003,304.19,0.39,0.36,2022-10-17,1816,N20,VIIRS,n,2,273.94,1.05,N,1,VIIRS_NOAA20_SP,2022-10-17 18:16:00,2022-10-18 01:16:00
-6.10133,105.42403,300.0,0.39,0.36,2022-10-17,1816,N20,VIIRS,n,2,273.79,0.79,N,1,VIIRS_NOAA20_SP,2022-10-17 18:16:00,2022-10-18 01:16:00
-6.10078,105.42056,302.74,0.39,0.36,2022-10-17,1816,N20,VIIRS,n,2,273.44,0.79,N,1,VIIRS_NOAA20_SP,2022-10-17 18:16:00,2022-10-18 01:16:00
-6.10559,105.42154,305.54,0.52,0.42,2022-10-24,1836,N,VIIRS,n,2,276.58,3.26,N,1,VIIRS_SNPP_SP,2022-10-24 18:36:00,2022-10-25 01:36:00
-6.10174,105.4221,328.66,0.52,0.42,2022-10-24,1836,N,VIIRS,n,2,279.0,3.26,N,1,VIIRS_SNPP_SP,2022-10-24 18:36:00,2022-10-25 01:36:00
-6.1026,105.42362,333.2,0.42,0.38,2022-10-27,636,N,VIIRS,n,2,278.81,6.94,D,1,VIIRS_SNPP_SP,2022-10-27 06:36:00,2022-10-27 13:36:00
-6.10555,105.42284,313.36,0.46,0.63,2022-10-28,1901,N,VIIRS,n,2,283.11,2.55,N,1,VIIRS_SNPP_SP,2022-10-28 19:01:00,2022-10-29 02:01:00
-6.10405,105.42087,340.26,0.46,0.63,2022-10-28,1901,N,VIIRS,n,2,283.97,6.34,N,1,VIIRS_SNPP_SP,2022-10-28 19:01:00,2022-10-29 02:01:00
-6.09968,105.42371,323.14,0.46,0.63,2022-10-28,1901,N,VIIRS,n,2,286.3,2.55,N,1,VIIRS_SNPP_SP,2022-10-28 19:01:00,2022-10-29 02:01:00
-6.09909,105.41956,307.54,0.46,0.63,2022-10-28,1901,N,VIIRS,n,2,285.31,2.55,N,1,VIIRS_SNPP_SP,2022-10-28 19:01:00,2022-10-29 02:01:00
-6.10212,105.42284,340.31,0.55,0.51,2022-10-29,558,N,VIIRS,n,2,300.62,14.76,D,1,VIIRS_SNPP_SP,2022-10-29 05:58:00,2022-10-29 12:58:00
-6.10381,105.42091,334.02,0.5,0.41,2022-11-01,642,N,VIIRS,n,2,296.12,8.65,D,1,VIIRS_SNPP_SP,2022-11-01 06:42:00,2022-11-01 13:42:00
-6.10308,105.42553,338.13,0.5,0.41,2022-11-01,642,N,VIIRS,n,2,295.97,8.65,D,1,VIIRS_SNPP_SP,2022-11-01 06:42:00,2022-11-01 13:42:00
-6.10457,105.42279,311.56,0.42,0.38,2022-10-28,1810,N20,VIIRS,n,2,277.15,4.01,N,1,VIIRS_NOAA20_SP,2022-10-28 18:10:00,2022-10-29 01:10:00
-6.10111,105.42332,331.32,0.42,0.38,2022-10-28,1810,N20,VIIRS,n,2,279.4,4.01,N,1,VIIRS_NOAA20_SP,2022-10-28 18:10:00,2022-10-29 01:10:00
-6.10427,105.42461,344.17,0.41,0.45,2022-10-29,648,N20,VIIRS,n,2,303.47,18.01,D,1,VIIRS_NOAA20_SP,2022-10-29 06:48:00,2022-10-29 13:48:00
-6.10366,105.42176,309.9,0.52,0.5,2022-10-29,1751,N20,VIIRS,n,2,263.61,1.32,N,1,VIIRS_NOAA20_SP,2022-10-29 17:51:00,2022-10-30 00:51:00
-6.09907,105.42243,296.73,0.52,0.5,2022-10-29,1751,N20,VIIRS,n,2,268.63,1.32,N,1,VIIRS_NOAA20_SP,2022-10-29 17:51:00,2022-10-30 00:51:00
-6.10517,105.422,328.68,0.39,0.36,2022-10-30,629,N20,VIIRS,n,2,278.12,6.14,D,1,VIIRS_NOAA20_SP,2022-10-30 06:29:00,2022-10-30 13:29:00
-6.10185,105.42149,328.25,0.39,0.36,2022-10-30,629,N20,VIIRS,n,2,277.62,7.34,D,1,VIIRS_NOAA20_SP,2022-10-30 06:29:00,2022-10-30 13:29:00
-6.10347,105.4245,331.3,0.52,0.42,2022-10-31,610,N20,VIIRS,n,2,285.14,8.47,D,1,VIIRS_NOAA20_SP,2022-10-31 06:10:00,2022-10-31 13:10:00
-6.10309,105.42219,332.74,0.52,0.42,2022-10-31,610,N20,VIIRS,n,2,286.5,6.79,D,1,VIIRS_NOAA20_SP,2022-10-31 06:10:00,2022-10-31 13:10:00
-6.10271,105.42419,310.55,0.52,0.42,2022-11-01,1835,N20,VIIRS,n,2,270.52,2.12,N,1,VIIRS_NOAA20_SP,2022-11-01 18:35:00,2022-11-02 01:35:00
-6.10202,105.41952,312.47,0.52,0.42,2022-11-01,1835,N20,VIIRS,n,2,269.84,2.49,N,1,VIIRS_NOAA20_SP,2022-11-01 18:35:00,2022-11-02 01:35:00
-6.10338,105.42189,336.15,0.52,0.5,2022-11-06,1752,N,VIIRS,n,2,280.22,8.04,N,1,VIIRS_SNPP_SP,2022-11-06 17:52:00,2022-11-07 00:52:00
-6.10532,105.42261,339.03,0.52,0.5,2022-11-03,654,N20,VIIRS,n,2,278.74,6.39,D,1,VIIRS_NOAA20_SP,2022-11-03 06:54:00,2022-11-03 13:54:00
-6.10382,105.42387,345.15,0.42,0.38,2022-11-04,635,N20,VIIRS,n,2,289.0,8.22,D,1,VIIRS_NOAA20_SP,2022-11-04 06:35:00,2022-11-04 13:35:00
-6.1025,105.42272,345.69,0.39,0.36,2022-11-07,630,N,VIIRS,n,2,289.86,12.74,D,1,VIIRS_SNPP_SP,2022-11-07 06:30:00,2022-11-07 13:30:00
-6.10056,105.4219,304.09,0.39,0.36,2022-11-10,1817,N,VIIRS,n,2,273.06,0.57,N,1,VIIRS_SNPP_SP,2022-11-10 18:17:00,2022-11-11 01:17:00
-6.10298,105.42358,337.53,0.52,0.42,2022-11-16,610,N20,VIIRS,n,2,294.04,11.52,D,1,VIIRS_NOAA20_SP,2022-11-16 06:10:00,2022-11-16 13:10:00
-6.10407,105.42422,337.53,0.42,0.38,2022-11-20,635,N20,VIIRS,n,2,290.03,11.98,D,1,VIIRS_NOAA20_SP,2022-11-20 06:35:00,2022-11-20 13:35:00
-6.1022,105.42355,325.51,0.5,0.41,2022-11-24,1804,N20,VIIRS,n,2,286.09,4.59,N,1,VIIRS_NOAA20_SP,2022-11-24 18:04:00,2022-11-25 01:04:00
-6.10341,105.42116,325.98,0.42,0.45,2022-11-27,1758,N,VIIRS,n,2,283.97,2.89,N,1,VIIRS_SNPP_SP,2022-11-27 17:58:00,2022-11-28 00:58:00
-6.10178,105.4218,340.55,0.42,0.38,2022-11-28,636,N,VIIRS,n,2,302.94,12.07,D,1,VIIRS_SNPP_SP,2022-11-28 06:36:00,2022-11-28 13:36:00
-6.10353,105.42243,341.32,0.44,0.38,2022-11-29,617,N,VIIRS,l,2,303.59,9.69,D,1,VIIRS_SNPP_SP,2022-11-29 06:17:00,2022-11-29 13:17:00
-6.10455,105.42227,320.45,0.43,0.46,2022-11-30,1842,N,VIIRS,n,2,287.09,3.39,N,1,VIIRS_SNPP_SP,2022-11-30 18:42:00,2022-12-01 01:42:00
-6.10036,105.42303,313.89,0.43,0.46,2022-11-30,1842,N,VIIRS,n,2,286.49,3.39,N,1,VIIRS_SNPP_SP,2022-11-30 18:42:00,2022-12-01 01:42:00
-6.10331,105.42132,330.29,0.39,0.36,2022-12-01,1823,N,VIIRS,n,2,283.66,3.67,N,1,VIIRS_SNPP_SP,2022-12-01 18:23:00,2022-12-02 01:23:00
-6.10422,105.42105,298.74,0.55,0.51,2022-11-27,1848,N20,VIIRS,n,2,272.36,1.31,N,1,VIIRS_NOAA20_SP,2022-11-27 18:48:00,2022-11-28 01:48:00
-6.1025,105.42336,306.27,0.55,0.51,2022-11-27,1848,N20,VIIRS,n,2,272.29,1.26,N,1,VIIRS_NOAA20_SP,2022-11-27 18:48:00,2022-11-28 01:48:00
-6.10179,105.41855,306.34,0.55,0.51,2022-11-27,1848,N20,VIIRS,n,2,271.68,1.26,N,1,VIIRS_NOAA20_SP,2022-11-27 18:48:00,2022-11-28 01:48:00
-6.09954,105.42183,311.2,0.55,0.51,2022-11-27,1848,N20,VIIRS,n,2,271.74,1.31,N,1,VIIRS_NOAA20_SP,2022-11-27 18:48:00,2022-11-28 01:48:00
-6.10144,105.42137,316.49,0.43,0.38,2022-11-28,1829,N20,VIIRS,n,2,279.47,1.04,N,1,VIIRS_NOAA20_SP,2022-11-28 18:29:00,2022-11-29 01:29:00
-6.10433,105.42326,338.21,0.43,0.62,2022-11-29,706,N20,VIIRS,n,2,293.23,14.97,D,1,VIIRS_NOAA20_SP,2022-11-29 07:06:00,2022-11-29 14:06:00
-6.10224,105.42063,310.05,0.42,0.38,2022-11-29,1810,N20,VIIRS,n,2,265.75,1.38,N,1,VIIRS_NOAA20_SP,2022-11-29 18:10:00,2022-11-30 01:10:00
-6.10229,105.42482,326.53,0.41,0.45,2022-11-30,647,N20,VIIRS,n,2,280.11,8.61,D,1,VIIRS_NOAA20_SP,2022-11-30 06:47:00,2022-11-30 13:47:00
-6.10287,105.41903,310.52,0.53,0.5,2022-11-30,1751,N20,VIIRS,n,2,286.82,4.12,N,1,VIIRS_NOAA20_SP,2022-11-30 17:51:00,2022-12-01 00:51:00
-6.10264,105.42119,312.97,0.53,0.5,2022-11-30,1751,N20,VIIRS,n,2,288.03,3.41,N,1,VIIRS_NOAA20_SP,2022-11-30 17:51:00,2022-12-01 00:51:00
-6.10355,105.42427,326.81,0.39,0.36,2022-12-04,623,N,VIIRS,n,2,284.67,6.21,D,1,VIIRS_SNPP_SP,2022-12-04 06:23:00,2022-12-04 13:23:00
-6.10305,105.42408,304.87,0.5,0.41,2022-12-10,1803,N20,VIIRS,n,2,280.52,2.07,N,1,VIIRS_NOAA20_SP,2022-12-10 18:03:00,2022-12-11 01:03:00
-6.10231,105.41955,312.19,0.5,0.41,2022-12-10,1803,N20,VIIRS,n,2,276.25,2.73,N,1,VIIRS_NOAA20_SP,2022-12-10 18:03:00,2022-12-11 01:03:00
-6.10367,105.42224,338.73,0.42,0.38,2022-12-14,636,N,VIIRS,n,2,293.97,9.74,D,1,VIIRS_SNPP_SP,2022-12-14 06:36:00,2022-12-14 13:36:00
-6.10416,105.42237,330.61,0.44,0.38,2022-12-15,617,N,VIIRS,n,2,278.34,7.48,D,1,VIIRS_SNPP_SP,2022-12-15 06:17:00,2022-12-15 13:17:00
-6.10171,105.42182,326.01,0.68,0.74,2022-12-17,720,N,VIIRS,n,2,289.25,12.98,D,1,VIIRS_SNPP_SP,2022-12-17 07:20:00,2022-12-17 14:20:00
-6.10102,105.42445,328.75,0.68,0.74,2022-12-17,720,N,VIIRS,n,2,289.68,13.38,D,1,VIIRS_SNPP_SP,2022-12-17 07:20:00,2022-12-17 14:20:00
-6.10486,105.42267,329.53,0.39,0.36,2022-12-17,1824,N,VIIRS,n,2,284.44,3.33,N,1,VIIRS_SNPP_SP,2022-12-17 18:24:00,2022-12-18 01:24:00
-6.10152,105.42319,324.95,0.39,0.36,2022-12-17,1824,N,VIIRS,n,2,284.8,2.32,N,1,VIIRS_SNPP_SP,2022-12-17 18:24:00,2022-12-18 01:24:00
-6.10287,105.42049,328.75,0.33,0.55,2022-12-18,701,N,VIIRS,n,2,294.32,6.35,D,1,VIIRS_SNPP_SP,2022-12-18 07:01:00,2022-12-18 14:01:00
-6.10236,105.42352,348.74,0.33,0.55,2022-12-18,701,N,VIIRS,n,2,295.65,6.35,D,1,VIIRS_SNPP_SP,2022-12-18 07:01:00,2022-12-18 14:01:00
-6.10412,105.42361,310.57,0.5,0.41,2022-12-18,1805,N,VIIRS,n,2,278.97,2.1,N,1,VIIRS_SNPP_SP,2022-12-18 18:05:00,2022-12-19 01:05:00
-6.10582,105.424,344.78,0.39,0.36,2022-12-17,629,N20,VIIRS,n,2,308.16,8.75,D,1,VIIRS_NOAA20_SP,2022-12-17 06:29:00,2022-12-17 13:29:00
-6.10251,105.42348,348.5,0.39,0.36,2022-12-17,629,N20,VIIRS,n,2,306.86,8.75,D,1,VIIRS_NOAA20_SP,2022-12-17 06:29:00,2022-12-17 13:29:00
-6.10344,105.42197,300.34,0.42,0.38,2022-12-31,1810,N20,VIIRS,n,2,267.49,1.0,N,1,VIIRS_NOAA20_SP,2022-12-31 18:10:00,2023-01-01 01:10:00
-6.10236,105.42178,307.93,0.43,0.46,2023-01-01,1843,N,VIIRS,n,2,273.46,0.99,N,1,VIIRS_SNPP_SP,2023-01-01 18:43:00,2023-01-02 01:43:00
-6.10173,105.42326,307.45,0.43,0.46,2023-01-01,1843,N,VIIRS,n,2,273.21,1.78,N,1,VIIRS_SNPP_SP,2023-01-01 18:43:00,2023-01-02 01:43:00
-6.10424,105.42396,318.03,0.39,0.36,2023-01-02,1824,N,VIIRS,n,2,282.11,1.91,N,1,VIIRS_SNPP_SP,2023-01-02 18:24:00,2023-01-03 01:24:00
-6.10369,105.42043,314.31,0.39,0.36,2023-01-02,1824,N,VIIRS,n,2,282.0,2.54,N,1,VIIRS_SNPP_SP,2023-01-02 18:24:00,2023-01-03 01:24:00
-6.10512,105.42162,311.03,0.42,0.38,2023-01-08,1812,N,VIIRS,n,2,287.27,1.85,N,1,VIIRS_SNPP_SP,2023-01-08 18:12:00,2023-01-09 01:12:00
-6.10164,105.42217,313.47,0.42,0.38,2023-01-08,1812,N,VIIRS,n,2,288.39,1.85,N,1,VIIRS_SNPP_SP,2023-01-08 18:12:00,2023-01-09 01:12:00
-6.10343,105.4243,309.91,0.39,0.36,2023-01-10,1823,N20,VIIRS,n,2,295.48,2.81,N,1,VIIRS_NOAA20_SP,2023-01-10 18:23:00,2023-01-11 01:23:00
-6.10287,105.42078,331.36,0.39,0.36,2023-01-10,1823,N20,VIIRS,n,2,295.23,3.94,N,1,VIIRS_NOAA20_SP,2023-01-10 18:23:00,2023-01-11 01:23:00
-6.10482,105.42283,310.66,0.35,0.57,2023-01-11,1856,N,VIIRS,n,2,289.82,2.85,N,1,VIIRS_SNPP_SP,2023-01-11 18:56:00,2023-01-12 01:56:00
-6.10442,105.42428,328.15,0.54,0.68,2023-01-13,714,N,VIIRS,n,2,293.17,14.66,D,1,VIIRS_SNPP_SP,2023-01-13 07:14:00,2023-01-13 14:14:00
-6.10224,105.42197,328.85,0.54,0.68,2023-01-13,714,N,VIIRS,n,2,293.64,15.63,D,1,VIIRS_SNPP_SP,2023-01-13 07:14:00,2023-01-13 14:14:00
-6.10605,105.42339,309.7,0.39,0.36,2023-01-13,1818,N,VIIRS,n,2,290.4,1.84,N,1,VIIRS_SNPP_SP,2023-01-13 18:18:00,2023-01-14 01:18:00
-6.10272,105.42393,317.13,0.39,0.36,2023-01-13,1818,N,VIIRS,n,2,294.92,1.84,N,1,VIIRS_SNPP_SP,2023-01-13 18:18:00,2023-01-14 01:18:00
-6.10317,105.4209,317.42,0.5,0.41,2023-01-11,1804,N20,VIIRS,n,2,293.78,3.99,N,1,VIIRS_NOAA20_SP,2023-01-11 18:04:00,2023-01-12 01:04:00
-6.10621,105.42197,337.49,0.39,0.36,2023-01-13,622,N20,VIIRS,l,2,307.54,6.08,D,1,VIIRS_NOAA20_SP,2023-01-13 06:22:00,2023-01-13 13:22:00
-6.10568,105.42548,332.66,0.39,0.36,2023-01-13,622,N20,VIIRS,l,2,306.47,5.67,D,1,VIIRS_NOAA20_SP,2023-01-13 06:22:00,2023-01-13 13:22:00
-6.10286,105.42149,339.94,0.39,0.36,2023-01-13,622,N20,VIIRS,n,2,307.93,6.08,D,1,VIIRS_NOAA20_SP,2023-01-13 06:22:00,2023-01-13 13:22:00
-6.10234,105.42501,331.44,0.39,0.36,2023-01-13,622,N20,VIIRS,l,2,303.77,5.67,D,1,VIIRS_NOAA20_SP,2023-01-13 06:22:00,2023-01-13 13:22:00
-6.10577,105.42228,334.24,0.44,0.46,2023-01-14,604,N20,VIIRS,n,2,299.31,10.84,D,1,VIIRS_NOAA20_SP,2023-01-14 06:04:00,2023-01-14 13:04:00
-6.10521,105.42615,328.76,0.44,0.46,2023-01-14,604,N20,VIIRS,n,2,297.42,10.07,D,1,VIIRS_NOAA20_SP,2023-01-14 06:04:00,2023-01-14 13:04:00
-6.10476,105.42143,303.7,0.43,0.38,2023-01-15,1829,N20,VIIRS,n,2,280.17,1.21,N,1,VIIRS_NOAA20_SP,2023-01-15 18:29:00,2023-01-16 01:29:00
-6.10126,105.42197,308.42,0.43,0.38,2023-01-15,1829,N20,VIIRS,n,2,279.67,1.21,N,1,VIIRS_NOAA20_SP,2023-01-15 18:29:00,2023-01-16 01:29:00
-6.10274,105.42377,316.43,0.42,0.38,2023-01-16,1810,N20,VIIRS,n,2,277.5,1.76,N,1,VIIRS_NOAA20_SP,2023-01-16 18:10:00,2023-01-17 01:10:00
-6.10212,105.41997,301.79,0.42,0.38,2023-01-16,1810,N20,VIIRS,n,2,274.88,1.76,N,1,VIIRS_NOAA20_SP,2023-01-16 18:10:00,2023-01-17 01:10:00
-6.10353,105.42264,332.73,0.42,0.38,2023-01-24,1812,N,VIIRS,n,2,267.13,3.23,N,1,VIIRS_SNPP_SP,2023-01-24 18:12:00,2023-01-25 01:12:00
-6.10005,105.42315,301.68,0.42,0.38,2023-01-24,1812,N,VIIRS,n,2,264.09,3.23,N,1,VIIRS_SNPP_SP,2023-01-24 18:12:00,2023-01-25 01:12:00
-6.1037,105.42284,338.46,0.52,0.5,2023-01-30,656,N,VIIRS,n,2,272.21,6.78,D,1,VIIRS_SNPP_SP,2023-01-30 06:56:00,2023-01-30 13:56:00
-6.10525,105.42299,302.35,0.43,0.38,2023-01-31,1829,N20,VIIRS,n,2,276.89,3.07,N,1,VIIRS_NOAA20_SP,2023-01-31 18:29:00,2023-02-01 01:29:00
-6.10176,105.42355,331.14,0.43,0.38,2023-01-31,1829,N20,VIIRS,n,2,281.3,3.07,N,1,VIIRS_NOAA20_SP,2023-01-31 18:29:00,2023-02-01 01:29:00
-6.10497,105.42197,335.79,0.49,0.41,2023-02-05,643,N,VIIRS,l,2,307.61,10.91,D,1,VIIRS_SNPP_SP,2023-02-05 06:43:00,2023-02-05 13:43:00
-6.10123,105.42139,339.63,0.49,0.41,2023-02-05,643,N,VIIRS,n,2,306.8,15.8,D,1,VIIRS_SNPP_SP,2023-02-05 06:43:00,2023-02-05 13:43:00
-6.10158,105.42155,337.46,0.39,0.36,2023-02-06,624,N,VIIRS,l,2,296.09,8.33,D,1,VIIRS_SNPP_SP,2023-02-06 06:24:00,2023-02-06 13:24:00
-6.10105,105.42507,337.38,0.39,0.36,2023-02-06,624,N,VIIRS,l,2,295.87,11.13,D,1,VIIRS_SNPP_SP,2023-02-06 06:24:00,2023-02-06 13:24:00
-6.10251,105.42086,309.98,0.52,0.41,2023-02-05,1835,N20,VIIRS,n,2,280.25,2.97,N,1,VIIRS_NOAA20_SP,2023-02-05 18:35:00,2023-02-06 01:35:00
-6.09806,105.42239,330.7,0.41,0.45,2023-02-18,648,N20,VIIRS,l,2,303.19,8.45,D,1,VIIRS_NOAA20_SP,2023-02-18 06:48:00,2023-02-18 13:48:00
-6.09745,105.42614,331.15,0.41,0.45,2023-02-18,648,N20,VIIRS,l,2,302.76,8.45,D,1,VIIRS_NOAA20_SP,2023-02-18 06:48:00,2023-02-18 13:48:00
-6.09753,105.42593,330.14,0.49,0.4,2023-03-09,643,N,VIIRS,l,2,302.0,13.8,D,1,VIIRS_SNPP_SP,2023-03-09 06:43:00,2023-03-09 13:43:00
-6.10277,105.42195,332.72,0.39,0.36,2023-03-07,629,N20,VIIRS,l,2,307.61,14.23,D,1,VIIRS_NOAA20_SP,2023-03-07 06:29:00,2023-03-07 13:29:00
-6.10225,105.42313,331.01,0.42,0.38,2023-03-20,637,N,VIIRS,l,2,302.25,12.81,D,1,VIIRS_SNPP_SP,2023-03-20 06:37:00,2023-03-20 13:37:00
-6.09531,105.4221,330.73,0.42,0.38,2023-03-20,637,N,VIIRS,l,2,303.05,9.96,D,1,VIIRS_SNPP_SP,2023-03-20 06:37:00,2023-03-20 13:37:00
-6.10387,105.42078,330.7,0.5,0.41,2023-03-17,642,N20,VIIRS,l,2,303.2,9.14,D,1,VIIRS_NOAA20_SP,2023-03-17 06:42:00,2023-03-17 13:42:00
-6.10314,105.42531,332.32,0.5,0.41,2023-03-17,642,N20,VIIRS,l,2,304.24,16.69,D,1,VIIRS_NOAA20_SP,2023-03-17 06:42:00,2023-03-17 13:42:00
-6.10013,105.42025,330.33,0.5,0.41,2023-03-17,642,N20,VIIRS,l,2,303.74,11.33,D,1,VIIRS_NOAA20_SP,2023-03-17 06:42:00,2023-03-17 13:42:00
-6.09941,105.42475,333.29,0.5,0.41,2023-03-17,642,N20,VIIRS,l,2,305.69,5.57,D,1,VIIRS_NOAA20_SP,2023-03-17 06:42:00,2023-03-17 13:42:00
-6.09867,105.42932,332.08,0.5,0.41,2023-03-17,642,N20,VIIRS,l,2,304.41,5.57,D,1,VIIRS_NOAA20_SP,2023-03-17 06:42:00,2023-03-17 13:42:00
-6.09567,105.42424,335.57,0.5,0.41,2023-03-17,642,N20,VIIRS,l,2,305.65,5.57,D,1,VIIRS_NOAA20_SP,2023-03-17 06:42:00,2023-03-17 13:42:00
-6.09493,105.4288,332.62,0.5,0.41,2023-03-17,642,N20,VIIRS,l,2,302.88,5.57,D,3,VIIRS_NOAA20_SP,2023-03-17 06:42:00,2023-03-17 13:42:00
-6.09631,105.42662,335.44,0.39,0.36,2023-03-18,623,N20,VIIRS,l,2,309.75,15.46,D,1,VIIRS_NOAA20_SP,2023-03-18 06:23:00,2023-03-18 13:23:00
-6.09996,105.42813,327.27,0.43,0.46,2023-04-20,605,N20,VIIRS,l,2,298.13,13.83,D,1,VIIRS_NOAA20_SP,2023-04-20 06:05:00,2023-04-20 13:05:00
-6.10132,105.42416,327.26,0.4,0.45,2023-05-01,650,N,VIIRS,l,2,299.8,6.88,D,1,VIIRS_SNPP_SP,2023-05-01 06:50:00,2023-05-01 13:50:00
-6.09718,105.42362,328.43,0.4,0.45,2023-05-01,650,N,VIIRS,l,2,300.68,6.88,D,1,VIIRS_SNPP_SP,2023-05-01 06:50:00,2023-05-01 13:50:00
-6.09656,105.42743,328.8,0.41,0.45,2023-05-01,650,N,VIIRS,l,2,300.72,12.96,D,1,VIIRS_SNPP_SP,2023-05-01 06:50:00,2023-05-01 13:50:00
-6.09304,105.42312,326.87,0.4,0.45,2023-05-01,650,N,VIIRS,l,2,299.47,6.89,D,1,VIIRS_SNPP_SP,2023-05-01 06:50:00,2023-05-01 13:50:00
-6.10238,105.42302,313.32,0.39,0.36,2023-05-02,1824,N20,VIIRS,n,2,296.06,2.91,N,1,VIIRS_NOAA20_SP,2023-05-02 18:24:00,2023-05-03 01:24:00
-6.0956,105.4218,329.96,0.5,0.41,2023-05-04,642,N20,VIIRS,l,2,303.29,13.59,D,1,VIIRS_NOAA20_SP,2023-05-04 06:42:00,2023-05-04 13:42:00
-6.09486,105.42638,328.72,0.5,0.41,2023-05-04,642,N20,VIIRS,l,2,302.24,12.5,D,3,VIIRS_NOAA20_SP,2023-05-04 06:42:00,2023-05-04 13:42:00
-6.10471,105.42397,309.45,0.42,0.38,2023-05-24,1811,N20,VIIRS,n,2,296.81,3.76,N,1,VIIRS_NOAA20_SP,2023-05-24 18:11:00,2023-05-25 01:11:00
-6.10356,105.42367,334.89,0.39,0.36,2023-05-29,624,N,VIIRS,l,2,306.97,10.68,D,1,VIIRS_SNPP_SP,2023-05-29 06:24:00,2023-05-29 13:24:00
-6.10452,105.42254,318.3,0.39,0.36,2023-05-29,1817,N20,VIIRS,n,2,298.35,2.98,N,1,VIIRS_NOAA20_SP,2023-05-29 18:17:00,2023-05-30 01:17:00
-6.1053,105.42089,313.1,0.43,0.38,2023-06-01,1812,N,VIIRS,n,2,297.63,4.59,N,1,VIIRS_SNPP_SP,2023-06-01 18:12:00,2023-06-02 01:12:00
-6.10478,105.42297,334.23,0.44,0.38,2023-06-01,617,N20,VIIRS,l,2,309.1,10.31,D,1,VIIRS_NOAA20_SP,2023-06-01 06:17:00,2023-06-01 13:17:00
-6.10416,105.42357,333.61,0.44,0.38,2023-06-01,617,N20,VIIRS,l,2,308.5,10.42,D,1,VIIRS_NOAA20_SP,2023-06-01 06:17:00,2023-06-01 13:17:00
-6.10506,105.42262,311.32,0.39,0.36,2023-06-03,1824,N20,VIIRS,n,2,298.09,3.17,N,1,VIIRS_NOAA20_SP,2023-06-03 18:24:00,2023-06-04 01:24:00
-6.10185,105.42484,317.57,0.53,0.5,2023-06-10,1752,N20,VIIRS,n,2,293.56,7.74,N,1,VIIRS_NOAA20_SP,2023-06-10 17:52:00,2023-06-11 00:52:00
-6.10251,105.42218,313.35,0.43,0.38,2023-06-17,1812,N,VIIRS,n,2,296.07,3.84,N,1,VIIRS_SNPP_SP,2023-06-17 18:12:00,2023-06-18 01:12:00
-6.10481,105.41948,333.28,0.54,0.68,2023-09-10,714,N,VIIRS,n,2,296.62,13.53,D,1,VIIRS_SNPP_SP,2023-09-10 07:14:00,2023-09-10 14:14:00
-6.1039,105.42448,367.0,0.54,0.68,2023-09-10,714,N,VIIRS,h,2,300.59,13.53,D,1,VIIRS_SNPP_SP,2023-09-10 07:14:00,2023-09-10 14:14:00
-6.1026,105.41963,353.09,0.54,0.68,2023-09-10,714,N,VIIRS,n,2,298.13,18.08,D,1,VIIRS_SNPP_SP,2023-09-10 07:14:00,2023-09-10 14:14:00
-6.10171,105.42478,367.0,0.55,0.68,2023-09-10,714,N,VIIRS,h,2,298.58,18.08,D,1,VIIRS_SNPP_SP,2023-09-10 07:14:00,2023-09-10 14:14:00
-6.10244,105.42324,345.94,0.39,0.36,2023-09-10,1818,N,VIIRS,n,2,303.16,10.94,N,1,VIIRS_SNPP_SP,2023-09-10 18:18:00,2023-09-11 01:18:00
-6.10034,105.42332,322.07,0.39,0.36,2023-09-10,1818,N,VIIRS,n,2,296.87,1.87,N,1,VIIRS_SNPP_SP,2023-09-10 18:18:00,2023-09-11 01:18:00
-6.10304,105.42312,342.74,0.52,0.5,2023-09-11,655,N,VIIRS,n,2,299.63,17.69,D,1,VIIRS_SNPP_SP,2023-09-11 06:55:00,2023-09-11 13:55:00
-6.10245,105.42342,340.16,0.41,0.45,2023-09-11,1759,N,VIIRS,n,2,295.91,3.94,N,1,VIIRS_SNPP_SP,2023-09-11 17:59:00,2023-09-12 00:59:00
-6.10428,105.42179,310.15,0.44,0.38,2023-09-12,1830,N20,VIIRS,n,2,296.26,2.2,N,1,VIIRS_NOAA20_SP,2023-09-12 18:30:00,2023-09-13 01:30:00
-6.10076,105.42236,310.62,0.44,0.38,2023-09-12,1830,N20,VIIRS,n,2,296.12,1.9,N,1,VIIRS_NOAA20_SP,2023-09-12 18:30:00,2023-09-13 01:30:00
-6.10263,105.42169,312.86,0.43,0.46,2023-09-14,1843,N,VIIRS,n,2,297.75,2.56,N,1,VIIRS_SNPP_SP,2023-09-14 18:43:00,2023-09-15 01:43:00
-6.10423,105.42297,330.13,0.42,0.45,2023-09-14,649,N20,VIIRS,l,2,304.13,11.14,D,1,VIIRS_NOAA20_SP,2023-09-14 06:49:00,2023-09-14 13:49:00
-6.10354,105.42083,307.88,0.52,0.5,2023-09-14,1752,N20,VIIRS,n,2,294.65,2.69,N,1,VIIRS_NOAA20_SP,2023-09-14 17:52:00,2023-09-15 00:52:00
-6.10485,105.42204,336.12,0.39,0.36,2023-09-15,630,N20,VIIRS,l,2,311.04,12.55,D,1,VIIRS_NOAA20_SP,2023-09-15 06:30:00,2023-09-15 13:30:00
-6.10367,105.42153,338.14,0.42,0.38,2023-09-20,636,N20,VIIRS,l,2,310.76,10.36,D,1,VIIRS_NOAA20_SP,2023-09-20 06:36:00,2023-09-20 13:36:00
-6.10264,105.42026,311.33,0.35,0.57,2023-09-24,1855,N,VIIRS,n,2,296.15,1.91,N,1,VIIRS_SNPP_SP,2023-09-24 18:55:00,2023-09-25 01:55:00
-6.1036,105.42059,313.02,0.52,0.41,2023-09-25,1836,N,VIIRS,n,2,299.14,3.15,N,1,VIIRS_SNPP_SP,2023-09-25 18:36:00,2023-09-26 01:36:00
-6.10373,105.42169,314.31,0.39,0.36,2023-09-23,1823,N20,VIIRS,n,2,301.42,2.92,N,1,VIIRS_NOAA20_SP,2023-09-23 18:23:00,2023-09-24 01:23:00
-6.10228,105.42079,305.69,0.49,0.41,2023-09-24,1805,N20,VIIRS,n,2,284.33,0.61,N,1,VIIRS_NOAA20_SP,2023-09-24 18:05:00,2023-09-25 01:05:00
-6.10415,105.42094,304.25,0.43,0.46,2023-09-30,1842,N,VIIRS,n,2,284.96,1.77,N,1,VIIRS_SNPP_SP,2023-09-30 18:42:00,2023-10-01 01:42:00
-6.10325,105.4222,313.28,0.42,0.38,2023-10-07,1811,N,VIIRS,n,2,298.68,3.09,N,1,VIIRS_SNPP_SP,2023-10-07 18:11:00,2023-10-08 01:11:00
-6.10332,105.42331,309.59,0.39,0.36,2023-10-04,1817,N20,VIIRS,n,2,298.17,2.07,N,1,VIIRS_NOAA20_SP,2023-10-04 18:17:00,2023-10-05 01:17:00
-6.10276,105.41983,311.88,0.39,0.36,2023-10-04,1817,N20,VIIRS,n,2,298.74,2.99,N,1,VIIRS_NOAA20_SP,2023-10-04 18:17:00,2023-10-05 01:17:00
-6.10342,105.42047,312.25,0.41,0.45,2023-10-05,1758,N20,VIIRS,n,2,297.14,3.25,N,1,VIIRS_NOAA20_SP,2023-10-05 17:58:00,2023-10-06 00:58:00
-6.10405,105.42178,339.14,0.42,0.38,2023-10-06,636,N20,VIIRS,n,2,307.57,8.02,D,1,VIIRS_NOAA20_SP,2023-10-06 06:36:00,2023-10-06 13:36:00
-6.10381,105.42148,333.32,0.41,0.45,2023-10-08,648,N,VIIRS,l,2,303.92,11.5,D,1,VIIRS_SNPP_SP,2023-10-08 06:48:00,2023-10-08 13:48:00
-6.10248,105.42278,342.44,0.39,0.36,2023-10-09,629,N,VIIRS,n,2,311.09,14.3,D,1,VIIRS_SNPP_SP,2023-10-09 06:29:00,2023-10-09 13:29:00
-6.10313,105.41981,313.34,0.51,0.41,2023-10-11,1836,N,VIIRS,n,2,296.86,3.88,N,1,VIIRS_SNPP_SP,2023-10-11 18:36:00,2023-10-12 01:36:00
-6.10468,105.424,314.89,0.39,0.36,2023-10-12,1817,N,VIIRS,n,2,298.24,2.85,N,1,VIIRS_SNPP_SP,2023-10-12 18:17:00,2023-10-13 01:17:00
-6.10413,105.4205,314.71,0.39,0.36,2023-10-12,1817,N,VIIRS,n,2,299.64,4.01,N,1,VIIRS_SNPP_SP,2023-10-12 18:17:00,2023-10-13 01:17:00
-6.10234,105.42065,311.55,0.44,0.46,2023-10-08,1842,N20,VIIRS,n,2,293.84,5.36,N,1,VIIRS_NOAA20_SP,2023-10-08 18:42:00,2023-10-09 01:42:00
-6.104,105.42017,315.35,0.39,0.36,2023-10-09,1823,N20,VIIRS,n,2,297.04,3.28,N,1,VIIRS_NOAA20_SP,2023-10-09 18:23:00,2023-10-10 01:23:00
-6.10342,105.42123,335.03,0.5,0.41,2023-10-11,642,N20,VIIRS,l,2,306.24,10.26,D,1,VIIRS_NOAA20_SP,2023-10-11 06:42:00,2023-10-11 13:42:00
-6.10232,105.42304,333.44,0.39,0.36,2023-10-12,623,N20,VIIRS,l,2,306.45,9.98,D,1,VIIRS_NOAA20_SP,2023-10-12 06:23:00,2023-10-12 13:23:00
-6.10268,105.422,341.95,0.42,0.38,2023-10-14,636,N,VIIRS,n,2,311.58,13.86,D,1,VIIRS_SNPP_SP,2023-10-14 06:36:00,2023-10-14 13:36:00
-6.10374,105.42273,311.37,0.39,0.36,2023-10-17,1823,N,VIIRS,n,2,296.36,1.94,N,1,VIIRS_SNPP_SP,2023-10-17 18:23:00,2023-10-18 01:23:00
-6.10319,105.41921,309.79,0.39,0.36,2023-10-17,1823,N,VIIRS,n,2,295.58,1.94,N,1,VIIRS_SNPP_SP,2023-10-17 18:23:00,2023-10-18 01:23:00
-6.10216,105.42251,315.33,0.43,0.38,2023-10-14,1829,N20,VIIRS,n,2,298.45,5.13,N,1,VIIRS_NOAA20_SP,2023-10-14 18:29:00,2023-10-15 01:29:00
-6.10359,105.42195,314.19,0.42,0.38,2023-10-15,1810,N20,VIIRS,n,2,298.32,2.27,N,1,VIIRS_NOAA20_SP,2023-10-15 18:10:00,2023-10-16 01:10:00
-6.10178,105.41949,311.44,0.53,0.5,2023-10-16,1752,N20,VIIRS,n,2,294.22,3.51,N,1,VIIRS_NOAA20_SP,2023-10-16 17:52:00,2023-10-17 00:52:00
-6.1031,105.42169,336.52,0.39,0.36,2023-10-17,629,N20,VIIRS,l,2,308.48,9.89,D,1,VIIRS_NOAA20_SP,2023-10-17 06:29:00,2023-10-17 13:29:00
-6.10372,105.4213,318.61,0.5,0.41,2023-10-18,1804,N,VIIRS,n,2,296.16,3.5,N,1,VIIRS_SNPP_SP,2023-10-18 18:04:00,2023-10-19 01:04:00
-6.10258,105.42205,313.51,0.34,0.56,2023-10-19,1746,N,VIIRS,n,2,290.98,2.25,N,1,VIIRS_SNPP_SP,2023-10-19 17:46:00,2023-10-20 00:46:00
-6.10147,105.4224,309.7,0.34,0.56,2023-10-19,1746,N,VIIRS,n,2,290.7,2.2,N,1,VIIRS_SNPP_SP,2023-10-19 17:46:00,2023-10-20 00:46:00
-6.10425,105.4239,310.73,0.43,0.38,2023-10-22,1830,N,VIIRS,n,2,294.5,1.76,N,1,VIIRS_SNPP_SP,2023-10-22 18:30:00,2023-10-23 01:30:00
-6.10366,105.42,315.84,0.43,0.38,2023-10-22,1830,N,VIIRS,n,2,295.37,3.38,N,1,VIIRS_SNPP_SP,2023-10-22 18:30:00,2023-10-23 01:30:00
-6.10298,105.4211,316.81,0.36,0.57,2023-10-18,1854,N20,VIIRS,n,2,293.25,2.82,N,1,VIIRS_NOAA20_SP,2023-10-18 18:54:00,2023-10-19 01:54:00
-6.10256,105.41814,311.25,0.36,0.57,2023-10-18,1854,N20,VIIRS,n,2,291.12,2.74,N,1,VIIRS_NOAA20_SP,2023-10-18 18:54:00,2023-10-19 01:54:00
-6.1047,105.42013,316.27,0.52,0.41,2023-10-19,1835,N20,VIIRS,n,2,295.95,4.1,N,1,VIIRS_NOAA20_SP,2023-10-19 18:35:00,2023-10-20 01:35:00
-6.10091,105.42072,312.55,0.52,0.41,2023-10-19,1835,N20,VIIRS,n,2,295.96,4.1,N,1,VIIRS_NOAA20_SP,2023-10-19 18:35:00,2023-10-20 01:35:00
-6.10467,105.42378,331.51,0.52,0.5,2023-10-21,654,N20,VIIRS,n,2,298.71,15.02,D,1,VIIRS_NOAA20_SP,2023-10-21 06:54:00,2023-10-21 13:54:00
-6.10429,105.42244,340.16,0.42,0.38,2023-10-22,635,N20,VIIRS,n,2,307.16,13.0,D,1,VIIRS_NOAA20_SP,2023-10-22 06:35:00,2023-10-22 13:35:00
-6.10368,105.42158,325.96,0.42,0.38,2023-10-23,1811,N,VIIRS,n,2,301.79,4.81,N,1,VIIRS_SNPP_SP,2023-10-23 18:11:00,2023-10-24 01:11:00
-6.10566,105.42324,331.73,0.41,0.45,2023-10-24,648,N,VIIRS,l,2,306.12,6.62,D,1,VIIRS_SNPP_SP,2023-10-24 06:48:00,2023-10-24 13:48:00
-6.10397,105.41972,333.91,0.41,0.45,2023-10-24,648,N,VIIRS,l,2,305.92,5.77,D,1,VIIRS_SNPP_SP,2023-10-24 06:48:00,2023-10-24 13:48:00
-6.10339,105.42337,335.57,0.41,0.45,2023-10-24,648,N,VIIRS,l,2,306.01,5.77,D,1,VIIRS_SNPP_SP,2023-10-24 06:48:00,2023-10-24 13:48:00
-6.10154,105.42258,334.23,0.41,0.45,2023-10-24,648,N,VIIRS,l,2,305.99,6.62,D,1,VIIRS_SNPP_SP,2023-10-24 06:48:00,2023-10-24 13:48:00
-6.10549,105.42387,331.34,0.39,0.36,2023-10-25,630,N,VIIRS,l,2,305.81,4.04,D,1,VIIRS_SNPP_SP,2023-10-25 06:30:00,2023-10-25 13:30:00
-6.10269,105.41987,332.59,0.39,0.36,2023-10-25,630,N,VIIRS,l,2,305.52,4.04,D,1,VIIRS_SNPP_SP,2023-10-25 06:30:00,2023-10-25 13:30:00
-6.10215,105.42336,332.0,0.39,0.36,2023-10-25,630,N,VIIRS,l,2,303.65,4.04,D,1,VIIRS_SNPP_SP,2023-10-25 06:30:00,2023-10-25 13:30:00
-6.1029,105.42187,316.93,0.52,0.41,2023-10-27,1836,N,VIIRS,n,2,299.32,3.65,N,1,VIIRS_SNPP_SP,2023-10-27 18:36:00,2023-10-28 01:36:00
-6.105,105.4199,314.35,0.43,0.46,2023-10-24,1842,N20,VIIRS,n,2,294.82,3.08,N,1,VIIRS_NOAA20_SP,2023-10-24 18:42:00,2023-10-25 01:42:00
-6.1008,105.42052,313.34,0.43,0.46,2023-10-24,1842,N20,VIIRS,n,2,295.23,2.88,N,1,VIIRS_NOAA20_SP,2023-10-24 18:42:00,2023-10-25 01:42:00
-6.10324,105.42269,315.23,0.39,0.36,2023-10-25,1823,N20,VIIRS,n,2,297.9,2.15,N,1,VIIRS_NOAA20_SP,2023-10-25 18:23:00,2023-10-26 01:23:00
-6.1027,105.4192,310.59,0.39,0.36,2023-10-25,1823,N20,VIIRS,n,2,296.71,2.15,N,1,VIIRS_NOAA20_SP,2023-10-25 18:23:00,2023-10-26 01:23:00
-6.10612,105.42433,332.83,0.49,0.4,2023-10-27,641,N20,VIIRS,l,2,305.57,7.83,D,1,VIIRS_NOAA20_SP,2023-10-27 06:41:00,2023-10-27 13:41:00
-6.10242,105.42368,330.89,0.49,0.4,2023-10-27,641,N20,VIIRS,l,2,304.79,7.83,D,1,VIIRS_NOAA20_SP,2023-10-27 06:41:00,2023-10-27 13:41:00
-6.10531,105.42303,313.19,0.39,0.36,2023-10-28,1817,N,VIIRS,n,2,299.13,2.27,N,1,VIIRS_SNPP_SP,2023-10-28 18:17:00,2023-10-29 01:17:00
-6.10476,105.41954,311.66,0.39,0.36,2023-10-28,1817,N,VIIRS,n,2,298.98,2.77,N,1,VIIRS_SNPP_SP,2023-10-28 18:17:00,2023-10-29 01:17:00
-6.10256,105.42443,331.78,0.52,0.5,2023-10-29,655,N,VIIRS,l,2,305.31,15.18,D,1,VIIRS_SNPP_SP,2023-10-29 06:55:00,2023-10-29 13:55:00
-6.10353,105.42062,338.91,0.42,0.38,2023-10-30,636,N,VIIRS,l,2,310.95,7.15,D,1,VIIRS_SNPP_SP,2023-10-30 06:36:00,2023-10-30 13:36:00
-6.10293,105.42445,335.14,0.42,0.38,2023-10-30,636,N,VIIRS,l,2,309.35,7.15,D,1,VIIRS_SNPP_SP,2023-10-30 06:36:00,2023-10-30 13:36:00
-6.10514,105.42131,341.52,0.39,0.36,2023-10-28,623,N20,VIIRS,l,2,316.07,10.83,D,1,VIIRS_NOAA20_SP,2023-10-28 06:23:00,2023-10-28 13:23:00
-6.10442,105.42293,337.27,0.44,0.46,2023-10-29,604,N20,VIIRS,l,2,308.05,8.93,D,1,VIIRS_NOAA20_SP,2023-10-29 06:04:00,2023-10-29 13:04:00
-6.10233,105.41988,320.93,0.55,0.51,2023-10-29,1848,N20,VIIRS,n,2,301.24,4.9,N,1,VIIRS_NOAA20_SP,2023-10-29 18:48:00,2023-10-30 01:48:00
-6.10406,105.4196,317.45,0.43,0.38,2023-10-30,1829,N20,VIIRS,n,2,298.48,4.61,N,1,VIIRS_NOAA20_SP,2023-10-30 18:29:00,2023-10-31 01:29:00
-6.10285,105.41898,316.68,0.43,0.38,2023-10-30,1829,N20,VIIRS,n,2,298.8,3.64,N,1,VIIRS_NOAA20_SP,2023-10-30 18:29:00,2023-10-31 01:29:00
-6.10492,105.4208,336.09,0.41,0.45,2023-11-01,648,N20,VIIRS,n,2,299.31,14.46,D,1,VIIRS_NOAA20_SP,2023-11-01 06:48:00,2023-11-01 13:48:00
-6.10509,105.4202,313.08,0.39,0.36,2023-11-02,1823,N,VIIRS,n,2,292.99,2.1,N,1,VIIRS_SNPP_SP,2023-11-02 18:23:00,2023-11-03 01:23:00
-6.10174,105.42072,311.52,0.39,0.36,2023-11-02,1823,N,VIIRS,n,2,293.44,2.1,N,1,VIIRS_SNPP_SP,2023-11-02 18:23:00,2023-11-03 01:23:00
-6.10446,105.42145,340.11,0.5,0.41,2023-11-04,642,N,VIIRS,n,2,303.5,14.69,D,1,VIIRS_SNPP_SP,2023-11-04 06:42:00,2023-11-04 13:42:00
-6.1007,105.42091,333.13,0.5,0.41,2023-11-04,642,N,VIIRS,n,2,302.06,13.91,D,1,VIIRS_SNPP_SP,2023-11-04 06:42:00,2023-11-04 13:42:00
-6.10366,105.42217,338.4,0.43,0.46,2023-11-06,604,N,VIIRS,n,2,300.59,10.42,D,1,VIIRS_SNPP_SP,2023-11-06 06:04:00,2023-11-06 13:04:00
-6.10254,105.42091,330.53,0.52,0.5,2023-11-06,654,N20,VIIRS,n,2,297.85,11.87,D,1,VIIRS_NOAA20_SP,2023-11-06 06:54:00,2023-11-06 13:54:00
-6.1016,105.42164,303.66,0.41,0.45,2023-11-06,1758,N20,VIIRS,n,2,269.59,1.79,N,1,VIIRS_NOAA20_SP,2023-11-06 17:58:00,2023-11-07 00:58:00
-6.10282,105.42072,332.16,0.41,0.45,2023-11-09,648,N,VIIRS,n,2,294.77,12.11,D,1,VIIRS_SNPP_SP,2023-11-09 06:48:00,2023-11-09 13:48:00
-6.10368,105.42076,338.84,0.39,0.36,2023-11-10,630,N,VIIRS,n,2,307.33,6.66,D,1,VIIRS_SNPP_SP,2023-11-10 06:30:00,2023-11-10 13:30:00
-6.10315,105.42427,336.97,0.39,0.36,2023-11-10,630,N,VIIRS,n,2,305.14,10.64,D,1,VIIRS_SNPP_SP,2023-11-10 06:30:00,2023-11-10 13:30:00
-6.10425,105.4231,344.63,0.42,0.38,2023-11-07,635,N20,VIIRS,n,2,308.75,15.81,D,1,VIIRS_NOAA20_SP,2023-11-07 06:35:00,2023-11-07 13:35:00
-6.10014,105.42052,306.56,0.46,0.64,2023-11-08,1901,N20,VIIRS,n,2,291.73,2.57,N,1,VIIRS_NOAA20_SP,2023-11-08 19:01:00,2023-11-09 02:01:00
-6.0997,105.41735,304.43,0.46,0.64,2023-11-08,1901,N20,VIIRS,n,2,290.73,2.57,N,1,VIIRS_NOAA20_SP,2023-11-08 19:01:00,2023-11-09 02:01:00
-6.10472,105.42034,313.52,0.43,0.46,2023-11-09,1842,N20,VIIRS,n,2,287.93,2.01,N,1,VIIRS_NOAA20_SP,2023-11-09 18:42:00,2023-11-10 01:42:00
-6.10051,105.42104,307.7,0.43,0.46,2023-11-09,1842,N20,VIIRS,n,2,286.03,2.01,N,1,VIIRS_NOAA20_SP,2023-11-09 18:42:00,2023-11-10 01:42:00
-6.10458,105.42196,310.6,0.39,0.36,2023-11-10,1823,N20,VIIRS,n,2,292.61,2.41,N,1,VIIRS_NOAA20_SP,2023-11-10 18:23:00,2023-11-11 01:23:00
-6.10403,105.41846,312.08,0.39,0.36,2023-11-10,1823,N20,VIIRS,n,2,290.73,2.41,N,1,VIIRS_NOAA20_SP,2023-11-10 18:23:00,2023-11-11 01:23:00
-6.10124,105.42248,314.54,0.39,0.36,2023-11-10,1823,N20,VIIRS,n,2,290.85,2.08,N,1,VIIRS_NOAA20_SP,2023-11-10 18:23:00,2023-11-11 01:23:00
-6.1007,105.41899,308.14,0.39,0.36,2023-11-10,1823,N20,VIIRS,n,2,290.03,2.08,N,1,VIIRS_NOAA20_SP,2023-11-10 18:23:00,2023-11-11 01:23:00
-6.10312,105.41988,319.48,0.5,0.41,2023-11-11,1804,N20,VIIRS,n,2,296.46,4.44,N,1,VIIRS_NOAA20_SP,2023-11-11 18:04:00,2023-11-12 01:04:00
-6.10273,105.41948,311.21,0.52,0.42,2023-11-12,1836,N,VIIRS,n,2,294.79,3.12,N,1,VIIRS_SNPP_SP,2023-11-12 18:36:00,2023-11-13 01:36:00
-6.1059,105.42464,331.03,0.5,0.41,2023-11-12,642,N20,VIIRS,n,2,299.37,16.5,D,1,VIIRS_NOAA20_SP,2023-11-12 06:42:00,2023-11-12 13:42:00
-6.1051,105.42088,341.08,0.5,0.41,2023-11-12,642,N20,VIIRS,n,2,302.16,15.05,D,1,VIIRS_NOAA20_SP,2023-11-12 06:42:00,2023-11-12 13:42:00
-6.10291,105.41953,333.08,0.5,0.41,2023-11-12,642,N20,VIIRS,n,2,300.39,9.49,D,1,VIIRS_NOAA20_SP,2023-11-12 06:42:00,2023-11-12 13:42:00
-6.10285,105.41993,313.34,0.34,0.56,2023-11-12,1745,N20,VIIRS,n,2,290.42,2.94,N,1,VIIRS_NOAA20_SP,2023-11-12 17:45:00,2023-11-13 00:45:00
-6.10682,105.4228,327.96,0.39,0.36,2023-11-13,623,N20,VIIRS,l,2,299.3,11.47,D,1,VIIRS_NOAA20_SP,2023-11-13 06:23:00,2023-11-13 13:23:00
-6.10251,105.42052,319.74,0.43,0.46,2023-11-17,1842,N,VIIRS,n,2,295.11,4.45,N,1,VIIRS_SNPP_SP,2023-11-17 18:42:00,2023-11-18 01:42:00
-6.10584,105.42039,309.19,0.39,0.36,2023-11-18,1823,N,VIIRS,n,2,295.58,3.1,N,1,VIIRS_SNPP_SP,2023-11-18 18:23:00,2023-11-19 01:23:00
-6.10249,105.42091,331.32,0.39,0.36,2023-11-18,1823,N,VIIRS,n,2,303.24,3.1,N,1,VIIRS_SNPP_SP,2023-11-18 18:23:00,2023-11-19 01:23:00
-6.10457,105.42338,331.01,0.33,0.55,2023-11-19,701,N,VIIRS,n,2,295.4,9.85,D,1,VIIRS_SNPP_SP,2023-11-19 07:01:00,2023-11-19 14:01:00
-6.10275,105.4212,337.69,0.5,0.41,2023-11-20,642,N,VIIRS,n,2,294.62,10.96,D,1,VIIRS_SNPP_SP,2023-11-20 06:42:00,2023-11-20 13:42:00
-6.10333,105.42216,349.09,0.39,0.36,2023-11-18,629,N20,VIIRS,n,2,310.29,14.18,D,1,VIIRS_NOAA20_SP,2023-11-18 06:29:00,2023-11-18 13:29:00
-6.10343,105.41901,319.66,0.52,0.42,2023-11-20,1836,N20,VIIRS,n,2,294.71,5.71,N,1,VIIRS_NOAA20_SP,2023-11-20 18:36:00,2023-11-21 01:36:00
-6.10203,105.42023,297.66,0.44,0.46,2023-11-25,1842,N20,VIIRS,n,2,269.98,1.28,N,1,VIIRS_NOAA20_SP,2023-11-25 18:42:00,2023-11-26 01:42:00
-6.10368,105.42361,332.65,0.39,0.36,2023-11-26,1823,N20,VIIRS,n,2,283.29,3.88,N,1,VIIRS_NOAA20_SP,2023-11-26 18:23:00,2023-11-27 01:23:00
-6.10314,105.4201,334.36,0.39,0.36,2023-11-26,1823,N20,VIIRS,n,2,281.88,3.87,N,1,VIIRS_NOAA20_SP,2023-11-26 18:23:00,2023-11-27 01:23:00
-6.10035,105.42415,308.09,0.39,0.36,2023-11-26,1823,N20,VIIRS,n,2,278.53,3.88,N,1,VIIRS_NOAA20_SP,2023-11-26 18:23:00,2023-11-27 01:23:00
-6.0998,105.42061,312.12,0.39,0.36,2023-11-26,1823,N20,VIIRS,n,2,278.84,3.87,N,1,VIIRS_NOAA20_SP,2023-11-26 18:23:00,2023-11-27 01:23:00
-6.104,105.42321,341.76,0.52,0.5,2023-11-30,655,N,VIIRS,n,2,288.15,10.19,D,1,VIIRS_SNPP_SP,2023-11-30 06:55:00,2023-11-30 13:55:00
-6.10209,105.42384,346.82,0.5,0.41,2023-11-28,642,N20,VIIRS,n,2,281.7,10.58,D,1,VIIRS_NOAA20_SP,2023-11-28 06:42:00,2023-11-28 13:42:00
-6.09598,105.41873,326.21,0.7,0.75,2023-11-29,1727,N20,VIIRS,n,2,284.51,8.62,N,3,VIIRS_NOAA20_SP,2023-11-29 17:27:00,2023-11-30 00:27:00
-6.10296,105.4213,316.91,0.6,0.7,2023-11-29,1907,N20,VIIRS,n,2,285.71,2.65,N,1,VIIRS_NOAA20_SP,2023-11-29 19:07:00,2023-11-30 02:07:00
-6.10233,105.41671,305.07,0.6,0.7,2023-11-29,1907,N20,VIIRS,n,2,285.01,2.65,N,1,VIIRS_NOAA20_SP,2023-11-29 19:07:00,2023-11-30 02:07:00
-6.10437,105.4217,332.75,0.33,0.55,2023-12-05,701,N,VIIRS,n,2,290.65,4.79,D,1,VIIRS_SNPP_SP,2023-12-05 07:01:00,2023-12-05 14:01:00
-6.10382,105.42485,335.08,0.33,0.55,2023-12-05,701,N,VIIRS,n,2,289.48,6.11,D,1,VIIRS_SNPP_SP,2023-12-05 07:01:00,2023-12-05 14:01:00
-6.10397,105.42236,343.12,0.5,0.41,2023-12-05,1804,N,VIIRS,n,2,295.99,22.44,N,1,VIIRS_SNPP_SP,2023-12-05 18:04:00,2023-12-06 01:04:00
-6.10021,105.42293,322.79,0.5,0.41,2023-12-05,1804,N,VIIRS,n,2,290.07,4.95,N,1,VIIRS_SNPP_SP,2023-12-05 18:04:00,2023-12-06 01:04:00
-6.10496,105.4241,346.98,0.52,0.42,2023-12-05,610,N20,VIIRS,n,2,299.67,17.34,D,1,VIIRS_NOAA20_SP,2023-12-05 06:10:00,2023-12-05 13:10:00
-6.10197,105.42278,344.01,0.36,0.57,2023-12-05,1855,N20,VIIRS,n,2,286.43,7.27,N,1,VIIRS_NOAA20_SP,2023-12-05 18:55:00,2023-12-06 01:55:00
-6.10153,105.4196,349.88,0.36,0.57,2023-12-05,1855,N20,VIIRS,n,2,284.08,7.27,N,1,VIIRS_NOAA20_SP,2023-12-05 18:55:00,2023-12-06 01:55:00
-6.10313,105.42437,317.23,0.43,0.38,2023-12-09,1830,N,VIIRS,n,2,293.39,10.69,N,1,VIIRS_SNPP_SP,2023-12-09 18:30:00,2023-12-10 01:30:00
-6.10253,105.42043,333.24,0.43,0.38,2023-12-09,1830,N,VIIRS,n,2,293.7,13.43,N,1,VIIRS_SNPP_SP,2023-12-09 18:30:00,2023-12-10 01:30:00
-6.10375,105.42147,335.57,0.52,0.5,2023-12-08,654,N20,VIIRS,n,2,270.98,8.56,D,1,VIIRS_NOAA20_SP,2023-12-08 06:54:00,2023-12-08 13:54:00
-6.10278,105.425,341.04,0.52,0.5,2023-12-08,654,N20,VIIRS,n,2,269.74,9.72,D,1,VIIRS_NOAA20_SP,2023-12-08 06:54:00,2023-12-08 13:54:00
-6.10279,105.42063,339.2,0.56,0.51,2023-12-11,558,N20,VIIRS,n,2,293.16,13.0,D,1,VIIRS_NOAA20_SP,2023-12-11 05:58:00,2023-12-11 12:58:00
-6.10211,105.42554,342.99,0.56,0.51,2023-12-11,558,N20,VIIRS,n,2,292.98,13.0,D,1,VIIRS_NOAA20_SP,2023-12-11 05:58:00,2023-12-11 12:58:00
-6.10511,105.42491,303.56,0.44,0.46,2023-12-11,1842,N20,VIIRS,n,2,284.46,1.23,N,1,VIIRS_NOAA20_SP,2023-12-11 18:42:00,2023-12-12 01:42:00
-6.10452,105.42094,325.9,0.44,0.46,2023-12-11,1842,N20,VIIRS,n,2,286.84,4.2,N,1,VIIRS_NOAA20_SP,2023-12-11 18:42:00,2023-12-12 01:42:00
-6.10089,105.42564,306.78,0.44,0.46,2023-12-11,1842,N20,VIIRS,n,2,284.41,1.44,N,1,VIIRS_NOAA20_SP,2023-12-11 18:42:00,2023-12-12 01:42:00
-6.1003,105.42163,353.26,0.44,0.46,2023-12-11,1842,N20,VIIRS,n,2,287.84,12.1,N,1,VIIRS_NOAA20_SP,2023-12-11 18:42:00,2023-12-12 01:42:00
-6.10231,105.4233,346.5,0.39,0.36,2023-12-12,629,N,VIIRS,n,2,274.08,13.14,D,1,VIIRS_SNPP_SP,2023-12-12 06:29:00,2023-12-12 13:29:00
-6.10445,105.42274,332.76,0.55,0.68,2023-12-12,1733,N,VIIRS,n,2,291.24,5.78,N,1,VIIRS_SNPP_SP,2023-12-12 17:33:00,2023-12-13 00:33:00
-6.10238,105.42384,325.86,0.55,0.68,2023-12-12,1733,N,VIIRS,n,2,290.59,3.69,N,1,VIIRS_SNPP_SP,2023-12-12 17:33:00,2023-12-13 00:33:00
-6.10131,105.41776,315.31,0.55,0.68,2023-12-12,1733,N,VIIRS,n,2,291.08,5.02,N,1,VIIRS_SNPP_SP,2023-12-12 17:33:00,2023-12-13 00:33:00
-6.1052,105.42013,309.5,0.74,0.76,2023-12-12,1913,N,VIIRS,n,2,287.63,3.1,N,1,VIIRS_SNPP_SP,2023-12-12 19:13:00,2023-12-13 02:13:00
-6.10206,105.41926,320.98,0.74,0.76,2023-12-12,1913,N,VIIRS,n,2,288.58,5.16,N,1,VIIRS_SNPP_SP,2023-12-12 19:13:00,2023-12-13 02:13:00
-6.09815,105.42152,321.83,0.74,0.76,2023-12-12,1913,N,VIIRS,n,2,288.57,3.1,N,1,VIIRS_SNPP_SP,2023-12-12 19:13:00,2023-12-13 02:13:00
-6.10429,105.42452,342.48,0.52,0.42,2023-12-13,610,N,VIIRS,n,2,306.64,8.94,D,1,VIIRS_SNPP_SP,2023-12-13 06:10:00,2023-12-13 13:10:00
-6.10046,105.4239,337.26,0.52,0.42,2023-12-13,610,N,VIIRS,n,2,298.63,8.94,D,1,VIIRS_SNPP_SP,2023-12-13 06:10:00,2023-12-13 13:10:00
-6.10344,105.42326,338.37,0.35,0.57,2023-12-13,1855,N,VIIRS,n,2,289.81,5.02,N,1,VIIRS_SNPP_SP,2023-12-13 18:55:00,2023-12-14 01:55:00
-6.103,105.42008,343.01,0.35,0.57,2023-12-13,1855,N,VIIRS,n,2,290.4,6.95,N,1,VIIRS_SNPP_SP,2023-12-13 18:55:00,2023-12-14 01:55:00
-6.10389,105.423,347.1,0.52,0.41,2023-12-14,1836,N,VIIRS,n,2,296.2,7.07,N,1,VIIRS_SNPP_SP,2023-12-14 18:36:00,2023-12-15 01:36:00
-6.10008,105.42365,333.12,0.52,0.41,2023-12-14,1836,N,VIIRS,n,2,296.1,7.07,N,1,VIIRS_SNPP_SP,2023-12-14 18:36:00,2023-12-15 01:36:00
-6.10183,105.42482,339.16,0.54,0.68,2023-12-15,713,N,VIIRS,n,2,296.18,16.71,D,1,VIIRS_SNPP_SP,2023-12-15 07:13:00,2023-12-15 14:13:00
-6.1034,105.42195,337.01,0.39,0.36,2023-12-15,1817,N,VIIRS,n,2,303.79,11.82,N,1,VIIRS_SNPP_SP,2023-12-15 18:17:00,2023-12-16 01:17:00
-6.10138,105.4225,336.08,0.52,0.5,2023-12-16,654,N,VIIRS,n,2,304.5,18.75,D,1,VIIRS_SNPP_SP,2023-12-16 06:54:00,2023-12-16 13:54:00
-6.10302,105.42564,341.62,0.71,0.75,2023-12-12,719,N20,VIIRS,n,2,292.73,13.68,D,1,VIIRS_NOAA20_SP,2023-12-12 07:19:00,2023-12-12 14:19:00
-6.1025,105.42828,331.38,0.71,0.75,2023-12-12,719,N20,VIIRS,n,2,292.01,17.34,D,1,VIIRS_NOAA20_SP,2023-12-12 07:19:00,2023-12-12 14:19:00
-6.1027,105.42265,351.81,0.34,0.56,2023-12-13,701,N20,VIIRS,n,2,307.5,14.69,D,1,VIIRS_NOAA20_SP,2023-12-13 07:01:00,2023-12-13 14:01:00
-6.10217,105.42581,344.61,0.34,0.56,2023-12-13,701,N20,VIIRS,n,2,301.19,14.69,D,1,VIIRS_NOAA20_SP,2023-12-13 07:01:00,2023-12-13 14:01:00
-6.10229,105.42162,335.63,0.5,0.41,2023-12-13,1804,N20,VIIRS,n,2,293.26,10.94,N,1,VIIRS_NOAA20_SP,2023-12-13 18:04:00,2023-12-14 01:04:00
-6.10593,105.42177,337.23,0.5,0.41,2023-12-14,642,N20,VIIRS,n,2,298.2,6.29,D,1,VIIRS_NOAA20_SP,2023-12-14 06:42:00,2023-12-14 13:42:00
-6.10521,105.42625,330.58,0.5,0.41,2023-12-14,642,N20,VIIRS,n,2,297.06,6.29,D,1,VIIRS_NOAA20_SP,2023-12-14 06:42:00,2023-12-14 13:42:00
-6.10221,105.4211,334.45,0.5,0.41,2023-12-14,642,N20,VIIRS,n,2,299.59,14.61,D,1,VIIRS_NOAA20_SP,2023-12-14 06:42:00,2023-12-14 13:42:00
-6.10147,105.42567,336.06,0.5,0.41,2023-12-14,642,N20,VIIRS,n,2,294.2,14.61,D,1,VIIRS_NOAA20_SP,2023-12-14 06:42:00,2023-12-14 13:42:00
-6.10256,105.41993,338.62,0.33,0.56,2023-12-14,1745,N20,VIIRS,n,2,293.18,4.97,N,1,VIIRS_NOAA20_SP,2023-12-14 17:45:00,2023-12-15 00:45:00
-6.10297,105.42302,308.83,0.6,0.7,2023-12-15,1907,N20,VIIRS,n,2,291.96,2.27,N,1,VIIRS_NOAA20_SP,2023-12-15 19:07:00,2023-12-16 02:07:00
-6.10231,105.41805,313.9,0.6,0.7,2023-12-15,1907,N20,VIIRS,n,2,292.33,2.27,N,1,VIIRS_NOAA20_SP,2023-12-15 19:07:00,2023-12-16 02:07:00
-6.10303,105.4225,342.01,0.43,0.46,2023-12-16,604,N20,VIIRS,n,2,308.88,13.47,D,1,VIIRS_NOAA20_SP,2023-12-16 06:04:00,2023-12-16 13:04:00
-6.10339,105.4243,336.48,0.42,0.38,2023-12-17,636,N,VIIRS,l,2,309.43,13.38,D,1,VIIRS_SNPP_SP,2023-12-17 06:36:00,2023-12-17 13:36:00
-6.10171,105.42473,336.67,0.44,0.38,2023-12-18,617,N,VIIRS,l,2,309.68,14.39,D,1,VIIRS_SNPP_SP,2023-12-18 06:17:00,2023-12-18 13:17:00
-6.10323,105.42278,315.59,0.44,0.38,2023-12-17,1829,N20,VIIRS,n,2,294.49,3.84,N,1,VIIRS_NOAA20_SP,2023-12-17 18:29:00,2023-12-18 01:29:00
-6.10106,105.42372,304.74,0.42,0.38,2023-12-18,1811,N20,VIIRS,n,2,286.65,2.41,N,1,VIIRS_NOAA20_SP,2023-12-18 18:11:00,2023-12-19 01:11:00
-6.10137,105.42094,310.71,0.52,0.5,2023-12-19,1752,N20,VIIRS,n,2,293.7,2.29,N,1,VIIRS_NOAA20_SP,2023-12-19 17:52:00,2023-12-20 00:52:00
-6.10319,105.42348,340.09,0.39,0.36,2023-12-20,629,N20,VIIRS,l,2,314.76,13.58,D,1,VIIRS_NOAA20_SP,2023-12-20 06:29:00,2023-12-20 13:29:00
-6.10372,105.42476,331.26,0.49,0.41,2023-12-22,642,N,VIIRS,l,2,303.41,17.34,D,1,VIIRS_SNPP_SP,2023-12-22 06:42:00,2023-12-22 13:42:00
-6.1038,105.42289,335.51,0.39,0.36,2023-12-23,623,N,VIIRS,n,2,301.32,6.47,D,1,VIIRS_SNPP_SP,2023-12-23 06:23:00,2023-12-23 13:23:00
-6.10045,105.42238,330.87,0.39,0.36,2023-12-23,623,N,VIIRS,n,2,299.86,6.47,D,1,VIIRS_SNPP_SP,2023-12-23 06:23:00,2023-12-23 13:23:00
-6.10295,105.42186,314.0,0.43,0.38,2023-12-25,1829,N,VIIRS,n,2,294.54,3.31,N,1,VIIRS_SNPP_SP,2023-12-25 18:29:00,2023-12-26 01:29:00
-6.10295,105.42043,315.31,0.52,0.42,2023-12-22,1836,N20,VIIRS,n,2,290.91,3.44,N,1,VIIRS_NOAA20_SP,2023-12-22 18:36:00,2023-12-23 01:36:00
-6.10202,105.42219,319.61,0.39,0.36,2023-12-23,1817,N20,VIIRS,n,2,299.66,2.67,N,1,VIIRS_NOAA20_SP,2023-12-23 18:17:00,2023-12-24 01:17:00
-6.10445,105.4248,325.99,0.56,0.51,2023-12-27,558,N20,VIIRS,n,2,294.13,17.88,D,1,VIIRS_NOAA20_SP,2023-12-27 05:58:00,2023-12-27 12:58:00
-6.10351,105.42139,312.78,0.39,0.36,2023-12-28,1823,N20,VIIRS,n,2,292.71,4.43,N,1,VIIRS_NOAA20_SP,2023-12-28 18:23:00,2023-12-29 01:23:00
-6.10316,105.4203,307.0,0.43,0.46,2024-01-28,1842,N20,VIIRS,n,2,288.41,3.56,N,1,VIIRS_NOAA20_SP,2024-01-28 18:42:00,2024-01-29 01:42:00
-6.10166,105.42097,309.41,0.5,0.41,2024-02-07,1805,N,VIIRS,n,2,281.03,2.21,N,1,VIIRS_SNPP_SP,2024-02-07 18:05:00,2024-02-08 01:05:00
-6.1033,105.4231,317.77,0.52,0.42,2024-02-08,1836,N20,VIIRS,n,2,297.34,3.19,N,1,VIIRS_NOAA20_SP,2024-02-08 18:36:00,2024-02-09 01:36:00
-6.10151,105.42116,307.33,0.39,0.36,2024-02-09,1817,N20,VIIRS,n,2,276.02,1.54,N,1,VIIRS_NOAA20_SP,2024-02-09 18:17:00,2024-02-10 01:17:00
-6.10226,105.42039,310.4,0.44,0.38,2024-02-11,1830,N,VIIRS,n,2,291.66,3.77,N,1,VIIRS_SNPP_SP,2024-02-11 18:30:00,2024-02-12 01:30:00
-6.10052,105.42227,328.19,0.43,0.62,2024-02-12,707,N,VIIRS,n,2,297.7,11.83,D,1,VIIRS_SNPP_SP,2024-02-12 07:07:00,2024-02-12 14:07:00
-6.09978,105.42643,329.78,0.43,0.62,2024-02-12,707,N,VIIRS,n,2,298.58,17.67,D,1,VIIRS_SNPP_SP,2024-02-12 07:07:00,2024-02-12 14:07:00
-6.10403,105.42344,336.03,0.41,0.45,2024-02-13,648,N,VIIRS,n,2,301.24,5.82,D,1,VIIRS_SNPP_SP,2024-02-13 06:48:00,2024-02-13 13:48:00
-6.09987,105.42286,332.2,0.41,0.45,2024-02-13,648,N,VIIRS,n,2,301.19,5.82,D,1,VIIRS_SNPP_SP,2024-02-13 06:48:00,2024-02-13 13:48:00
-6.09924,105.4267,331.26,0.41,0.45,2024-02-13,648,N,VIIRS,n,2,301.09,5.82,D,1,VIIRS_SNPP_SP,2024-02-13 06:48:00,2024-02-13 13:48:00
-6.10491,105.42032,330.64,0.42,0.38,2024-02-11,636,N20,VIIRS,l,2,305.0,9.3,D,1,VIIRS_NOAA20_SP,2024-02-11 06:36:00,2024-02-11 13:36:00
-6.10432,105.4241,338.16,0.42,0.38,2024-02-11,636,N20,VIIRS,n,2,306.14,6.28,D,1,VIIRS_NOAA20_SP,2024-02-11 06:36:00,2024-02-11 13:36:00
-6.10086,105.42358,332.49,0.42,0.38,2024-02-11,636,N20,VIIRS,l,2,305.15,6.28,D,1,VIIRS_NOAA20_SP,2024-02-11 06:36:00,2024-02-11 13:36:00
-6.09739,105.4231,334.17,0.42,0.38,2024-02-11,636,N20,VIIRS,l,2,306.89,4.94,D,1,VIIRS_NOAA20_SP,2024-02-11 06:36:00,2024-02-11 13:36:00
-6.0968,105.42693,331.41,0.42,0.38,2024-02-11,636,N20,VIIRS,l,2,304.88,4.94,D,1,VIIRS_NOAA20_SP,2024-02-11 06:36:00,2024-02-11 13:36:00
-6.09393,105.42259,331.0,0.42,0.38,2024-02-11,636,N20,VIIRS,l,2,304.49,4.94,D,1,VIIRS_NOAA20_SP,2024-02-11 06:36:00,2024-02-11 13:36:00
-6.09967,105.42535,325.25,0.5,0.41,2024-03-27,642,N,VIIRS,l,2,297.84,16.27,D,1,VIIRS_SNPP_SP,2024-03-27 06:42:00,2024-03-27 13:42:00
-6.09589,105.4248,327.62,0.5,0.41,2024-03-27,642,N,VIIRS,l,2,298.52,13.55,D,1,VIIRS_SNPP_SP,2024-03-27 06:42:00,2024-03-27 13:42:00
-6.09471,105.4234,331.19,0.51,0.41,2024-08-09,611,N,VIIRS,l,2,304.83,19.12,D,1,VIIRS_SNPP_SP,2024-08-09 06:11:00,2024-08-09 13:11:00
-6.09512,105.42544,328.66,0.34,0.56,2024-08-10,552,N,VIIRS,l,2,299.85,12.55,D,1,VIIRS_SNPP_SP,2024-08-10 05:52:00,2024-08-10 12:52:00
-6.09783,105.42552,331.7,0.42,0.38,2024-08-09,635,N20,VIIRS,l,2,306.44,7.46,D,1,VIIRS_NOAA20_SP,2024-08-09 06:35:00,2024-08-09 13:35:00
-6.09436,105.42502,330.41,0.42,0.38,2024-08-09,635,N20,VIIRS,l,2,305.18,7.46,D,1,VIIRS_NOAA20_SP,2024-08-09 06:35:00,2024-08-09 13:35:00
-6.09656,105.42531,326.48,0.44,0.62,2024-08-22,707,N,VIIRS,l,2,297.52,16.14,D,1,VIIRS_SNPP_SP,2024-08-22 07:07:00,2024-08-22 14:07:00
-6.09689,105.42281,328.22,0.36,0.57,2024-08-22,551,N20,VIIRS,l,2,303.09,7.58,D,1,VIIRS_NOAA20_SP,2024-08-22 05:51:00,2024-08-22 12:51:00
-6.09647,105.4258,329.18,0.36,0.57,2024-08-22,551,N20,VIIRS,l,2,303.14,7.58,D,1,VIIRS_NOAA20_SP,2024-08-22 05:51:00,2024-08-22 12:51:00
-6.09604,105.42887,328.86,0.36,0.57,2024-08-22,551,N20,VIIRS,l,2,302.3,11.78,D,3,VIIRS_NOAA20_SP,2024-08-22 05:51:00,2024-08-22 12:51:00
-6.09961,105.42297,328.03,0.41,0.45,2025-03-03,648,N,VIIRS,l,2,298.69,12.91,D,1,VIIRS_SNPP_SP,2025-03-03 06:48:00,2025-03-03 13:48:00
-6.09544,105.42242,329.88,0.41,0.45,2025-03-03,648,N,VIIRS,n,2,299.13,10.78,D,1,VIIRS_SNPP_SP,2025-03-03 06:48:00,2025-03-03 13:48:00
-6.09482,105.42616,327.71,0.43,0.46,2025-05-03,605,N,VIIRS,l,2,302.46,14.89,D,3,VIIRS_SNPP_SP,2025-05-03 06:05:00,2025-05-03 13:05:00
-6.09833,105.42352,327.98,0.53,0.42,2025-05-04,609,N20,VIIRS,l,2,300.7,16.34,D,1,VIIRS_NOAA20_SP,2025-05-04 06:09:00,2025-05-04 13:09:00
-6.09739,105.42392,333.45,0.39,0.36,2025-05-07,630,N,VIIRS,l,2,306.58,6.44,D,1,VIIRS_SNPP_SP,2025-05-07 06:30:00,2025-05-07 13:30:00
-6.09686,105.42743,331.24,0.39,0.36,2025-05-07,630,N,VIIRS,l,2,305.88,6.44,D,1,VIIRS_SNPP_SP,2025-05-07 06:30:00,2025-05-07 13:30:00
-6.09891,105.42025,330.45,0.49,0.4,2026-03-17,648,N,VIIRS,l,2,304.9,6.77,D,1.0,VIIRS_SNPP_SP,2026-03-17 06:48:00,2026-03-17 13:48:00
-6.09819,105.42482,334.97,0.49,0.41,2026-03-17,648,N,VIIRS,l,2,306.97,6.77,D,1.0,VIIRS_SNPP_SP,2026-03-17 06:48:00,2026-03-17 13:48:00
-6.09445,105.42424,335.41,0.49,0.41,2026-03-17,648,N,VIIRS,l,2,306.78,6.77,D,1.0,VIIRS_SNPP_SP,2026-03-17 06:48:00,2026-03-17 13:48:00
-6.09373,105.42879,331.07,0.49,0.41,2026-03-17,648,N,VIIRS,l,2,303.09,9.85,D,3.0,VIIRS_SNPP_SP,2026-03-17 06:48:00,2026-03-17 13:48:00
-6.09841,105.42515,332.35,0.51,0.41,2026-03-20,613,N20,VIIRS,l,2,306.87,16.68,D,1.0,VIIRS_NOAA20_SP,2026-03-20 06:13:00,2026-03-20 13:13:00
-6.10188,105.42364,314.29,0.39,0.37,2026-06-19,1834,N,VIIRS,n,2.0NRT,297.34,3.07,N,,VIIRS_SNPP_NRT,2026-06-19 18:34:00,2026-06-20 01:34:00
-6.104,105.4225,336.39,0.39,0.36,2026-06-22,633,N,VIIRS,l,2.0NRT,306.6,8.68,D,,VIIRS_SNPP_NRT,2026-06-22 06:33:00,2026-06-22 13:33:00
-6.10071,105.42111,305.68,0.44,0.38,2026-06-20,1834,N20,VIIRS,n,2.0NRT,278.11,1.53,N,,VIIRS_NOAA20_NRT,2026-06-20 18:34:00,2026-06-21 01:34:00
-6.10381,105.42313,325.73,0.42,0.38,2026-06-21,1813,N20,VIIRS,n,2.0NRT,297.17,5.46,N,,VIIRS_NOAA20_NRT,2026-06-21 18:13:00,2026-06-22 01:13:00
-6.10194,105.42078,312.78,0.52,0.5,2026-06-22,1756,N20,VIIRS,n,2.0NRT,291.97,4.03,N,,VIIRS_NOAA20_NRT,2026-06-22 17:56:00,2026-06-23 00:56:00
-6.10312,105.4206,325.69,0.41,0.37,2026-06-25,1821,N,VIIRS,n,2.0NRT,296.91,4.32,N,,VIIRS_SNPP_NRT,2026-06-25 18:21:00,2026-06-26 01:21:00
-6.10374,105.42151,322.13,0.5,0.49,2026-06-26,1802,N,VIIRS,n,2.0NRT,287.22,4.01,N,,VIIRS_SNPP_NRT,2026-06-26 18:02:00,2026-06-27 01:02:00
-6.10336,105.42393,306.7,0.5,0.49,2026-06-26,1802,N,VIIRS,n,2.0NRT,286.05,2.72,N,,VIIRS_SNPP_NRT,2026-06-26 18:02:00,2026-06-27 01:02:00
-6.1026,105.41939,317.77,0.5,0.49,2026-06-26,1802,N,VIIRS,n,2.0NRT,287.34,2.72,N,,VIIRS_SNPP_NRT,2026-06-26 18:02:00,2026-06-27 01:02:00
-6.10289,105.42415,332.47,0.39,0.36,2026-06-26,1821,N20,VIIRS,n,2.0NRT,293.33,6.85,N,,VIIRS_NOAA20_NRT,2026-06-26 18:21:00,2026-06-27 01:21:00
-6.10224,105.42386,332.52,0.42,0.38,2026-06-28,640,N20,VIIRS,l,2.0NRT,303.12,10.63,D,,VIIRS_NOAA20_NRT,2026-06-28 06:40:00,2026-06-28 13:40:00
-6.09956,105.42176,322.49,0.42,0.61,2026-06-28,1743,N20,VIIRS,n,2.0NRT,293.36,4.08,N,,VIIRS_NOAA20_NRT,2026-06-28 17:43:00,2026-06-29 00:43:00
-6.10249,105.42228,309.99,0.49,0.4,2026-07-02,1809,N20,VIIRS,n,2.0NRT,297.69,2.65,N,,VIIRS_NOAA20_NRT,2026-07-02 18:09:00,2026-07-03 01:09:00
-6.10326,105.42123,331.0,0.55,0.68,2026-08-17,726,N,VIIRS,l,2.0NRT,304.97,17.27,D,,VIIRS_SNPP_NRT,2026-08-17 07:26:00,2026-08-17 14:26:00
-6.10392,105.42168,319.65,0.39,0.36,2026-08-17,1828,N,VIIRS,n,2.0NRT,297.94,1.99,N,,VIIRS_SNPP_NRT,2026-08-17 18:28:00,2026-08-18 01:28:00
-6.10059,105.4222,309.18,0.39,0.36,2026-08-17,1828,N,VIIRS,n,2.0NRT,297.6,1.99,N,,VIIRS_SNPP_NRT,2026-08-17 18:28:00,2026-08-18 01:28:00
-6.10239,105.42332,341.04,0.43,0.38,2026-08-16,622,N20,VIIRS,n,2.0NRT,307.71,10.84,D,,VIIRS_NOAA20_NRT,2026-08-16 06:22:00,2026-08-16 13:22:00
-6.10291,105.42545,336.28,0.54,0.51,2026-08-17,603,N20,VIIRS,n,2.0NRT,295.43,11.16,D,,VIIRS_NOAA20_NRT,2026-08-17 06:03:00,2026-08-17 13:03:00
-6.1018,105.42262,316.33,0.45,0.47,2026-08-17,1847,N20,VIIRS,n,2.0NRT,296.01,3.83,N,,VIIRS_NOAA20_NRT,2026-08-17 18:47:00,2026-08-18 01:47:00
-6.10371,105.41536,336.99,0.57,0.69,2026-08-22,550,N,VIIRS,n,2.0NRT,294.73,46.99,D,,VIIRS_SNPP_NRT,2026-08-22 05:50:00,2026-08-22 12:50:00
-6.10306,105.41888,341.18,0.57,0.69,2026-08-22,550,N,VIIRS,n,2.0NRT,297.99,61.77,D,,VIIRS_SNPP_NRT,2026-08-22 05:50:00,2026-08-22 12:50:00
-6.10281,105.42184,331.55,0.57,0.69,2026-08-22,550,N,VIIRS,n,2.0NRT,305.52,46.99,D,,VIIRS_SNPP_NRT,2026-08-22 05:50:00,2026-08-22 12:50:00
-6.10213,105.42677,367.0,0.57,0.69,2026-08-22,550,N,VIIRS,h,2.0NRT,301.53,84.54,D,,VIIRS_SNPP_NRT,2026-08-22 05:50:00,2026-08-22 12:50:00
-6.10387,105.42156,339.87,0.7,0.75,2026-08-22,731,N,VIIRS,n,2.0NRT,293.91,11.13,D,,VIIRS_SNPP_NRT,2026-08-22 07:31:00,2026-08-22 14:31:00
-6.1026,105.4286,342.68,0.7,0.75,2026-08-22,731,N,VIIRS,n,2.0NRT,293.3,11.13,D,,VIIRS_SNPP_NRT,2026-08-22 07:31:00,2026-08-22 14:31:00
-6.10122,105.4251,349.63,0.7,0.75,2026-08-22,731,N,VIIRS,n,2.0NRT,295.24,23.51,D,,VIIRS_SNPP_NRT,2026-08-22 07:31:00,2026-08-22 14:31:00
-6.10846,105.41312,311.47,0.39,0.36,2026-08-22,1834,N,VIIRS,n,2.0NRT,294.4,1.66,N,,VIIRS_SNPP_NRT,2026-08-22 18:34:00,2026-08-23 01:34:00
-6.1051,105.41364,319.55,0.39,0.36,2026-08-22,1834,N,VIIRS,n,2.0NRT,293.08,1.66,N,,VIIRS_SNPP_NRT,2026-08-22 18:34:00,2026-08-23 01:34:00
-6.10454,105.4101,310.44,0.39,0.36,2026-08-22,1834,N,VIIRS,n,2.0NRT,291.88,1.66,N,,VIIRS_SNPP_NRT,2026-08-22 18:34:00,2026-08-23 01:34:00
-6.10453,105.43185,313.3,0.39,0.36,2026-08-22,1834,N,VIIRS,n,2.0NRT,294.13,1.81,N,,VIIRS_SNPP_NRT,2026-08-22 18:34:00,2026-08-23 01:34:00
-6.10117,105.43237,307.93,0.39,0.36,2026-08-22,1834,N,VIIRS,n,2.0NRT,294.35,1.81,N,,VIIRS_SNPP_NRT,2026-08-22 18:34:00,2026-08-23 01:34:00
-6.0967,105.4258,315.5,0.39,0.36,2026-08-22,1834,N,VIIRS,n,2.0NRT,293.25,3.5,N,,VIIRS_SNPP_NRT,2026-08-22 18:34:00,2026-08-23 01:34:00
-6.10414,105.42503,328.24,0.49,0.4,2026-08-23,1815,N,VIIRS,n,2.0NRT,298.48,11.57,N,,VIIRS_SNPP_NRT,2026-08-23 18:15:00,2026-08-24 01:15:00
-6.10423,105.42348,351.8,0.68,0.74,2026-08-21,1732,N20,VIIRS,n,2.0NRT,293.13,43.23,N,,VIIRS_NOAA20_NRT,2026-08-21 17:32:00,2026-08-22 00:32:00
-6.10281,105.41593,352.25,0.68,0.74,2026-08-21,1732,N20,VIIRS,n,2.0NRT,291.33,20.11,N,,VIIRS_NOAA20_NRT,2026-08-21 17:32:00,2026-08-22 00:32:00
-6.10258,105.42072,367.0,0.68,0.74,2026-08-21,1732,N20,VIIRS,h,2.0NRT,294.29,27.27,N,,VIIRS_NOAA20_NRT,2026-08-21 17:32:00,2026-08-22 00:32:00
-6.10161,105.40955,305.59,0.68,0.74,2026-08-21,1732,N20,VIIRS,n,2.0NRT,290.99,20.11,N,,VIIRS_NOAA20_NRT,2026-08-21 17:32:00,2026-08-22 00:32:00
-6.10119,105.41299,319.08,0.68,0.74,2026-08-21,1732,N20,VIIRS,n,2.0NRT,291.67,27.27,N,,VIIRS_NOAA20_NRT,2026-08-21 17:32:00,2026-08-22 00:32:00
-6.10215,105.42383,352.53,0.42,0.46,2026-08-22,610,N20,VIIRS,n,2.0NRT,309.47,33.75,D,,VIIRS_NOAA20_NRT,2026-08-22 06:10:00,2026-08-22 13:10:00
-6.11306,105.42796,307.45,0.57,0.52,2026-08-22,1853,N20,VIIRS,n,2.0NRT,293.36,3.76,N,,VIIRS_NOAA20_NRT,2026-08-22 18:53:00,2026-08-23 01:53:00
-6.1123,105.42274,309.25,0.57,0.52,2026-08-22,1853,N20,VIIRS,n,2.0NRT,291.52,2.7,N,,VIIRS_NOAA20_NRT,2026-08-22 18:53:00,2026-08-23 01:53:00
-6.11155,105.41764,307.52,0.57,0.52,2026-08-22,1853,N20,VIIRS,n,2.0NRT,291.56,2.7,N,,VIIRS_NOAA20_NRT,2026-08-22 18:53:00,2026-08-23 01:53:00
-6.10828,105.42863,320.99,0.57,0.52,2026-08-22,1853,N20,VIIRS,n,2.0NRT,292.42,3.76,N,,VIIRS_NOAA20_NRT,2026-08-22 18:53:00,2026-08-23 01:53:00
-6.10746,105.42298,329.2,0.57,0.52,2026-08-22,1853,N20,VIIRS,n,2.0NRT,289.24,2.7,N,,VIIRS_NOAA20_NRT,2026-08-22 18:53:00,2026-08-23 01:53:00
-6.10674,105.41803,316.77,0.57,0.52,2026-08-22,1853,N20,VIIRS,n,2.0NRT,290.03,2.7,N,,VIIRS_NOAA20_NRT,2026-08-22 18:53:00,2026-08-23 01:53:00
-6.10603,105.41319,311.07,0.57,0.52,2026-08-22,1853,N20,VIIRS,n,2.0NRT,291.0,5.09,N,,VIIRS_NOAA20_NRT,2026-08-22 18:53:00,2026-08-23 01:53:00
-6.10426,105.43447,307.48,0.58,0.52,2026-08-22,1853,N20,VIIRS,n,2.0NRT,291.05,1.88,N,,VIIRS_NOAA20_NRT,2026-08-22 18:53:00,2026-08-23 01:53:00
-6.10343,105.4288,321.06,0.57,0.52,2026-08-22,1853,N20,VIIRS,n,2.0NRT,289.32,1.88,N,,VIIRS_NOAA20_NRT,2026-08-22 18:53:00,2026-08-23 01:53:00
-6.10265,105.42346,347.98,0.57,0.52,2026-08-22,1853,N20,VIIRS,n,2.0NRT,288.93,7.15,N,,VIIRS_NOAA20_NRT,2026-08-22 18:53:00,2026-08-23 01:53:00
-6.10192,105.41846,320.59,0.57,0.52,2026-08-22,1853,N20,VIIRS,n,2.0NRT,288.4,7.15,N,,VIIRS_NOAA20_NRT,2026-08-22 18:53:00,2026-08-23 01:53:00
-6.10658,105.4229,351.38,0.45,0.63,2026-08-23,553,N20,VIIRS,n,2.0NRT,301.8,6.78,D,,VIIRS_NOAA20_NRT,2026-08-23 05:53:00,2026-08-23 12:53:00
-6.10606,105.42677,330.92,0.45,0.63,2026-08-23,553,N20,VIIRS,n,2.0NRT,298.18,6.78,D,,VIIRS_NOAA20_NRT,2026-08-23 05:53:00,2026-08-23 12:53:00
-6.10548,105.4245,367.0,0.45,0.63,2026-08-23,553,N20,VIIRS,h,2.0NRT,302.22,18.81,D,,VIIRS_NOAA20_NRT,2026-08-23 05:53:00,2026-08-23 12:53:00
-6.10078,105.42228,344.42,0.45,0.63,2026-08-23,553,N20,VIIRS,n,2.0NRT,301.21,9.17,D,,VIIRS_NOAA20_NRT,2026-08-23 05:53:00,2026-08-23 12:53:00
-6.10027,105.42609,330.59,0.45,0.63,2026-08-23,553,N20,VIIRS,n,2.0NRT,300.02,9.17,D,,VIIRS_NOAA20_NRT,2026-08-23 05:53:00,2026-08-23 12:53:00
-6.10259,105.42445,328.1,0.44,0.39,2026-08-23,1836,N20,VIIRS,n,2.0NRT,303.93,12.59,N,,VIIRS_NOAA20_NRT,2026-08-23 18:36:00,2026-08-24 01:36:00
-6.10198,105.42043,324.88,0.44,0.39,2026-08-23,1836,N20,VIIRS,n,2.0NRT,297.6,8.12,N,,VIIRS_NOAA20_NRT,2026-08-23 18:36:00,2026-08-24 01:36:00
-6.10463,105.41681,306.82,0.33,0.55,2026-08-24,1758,N,VIIRS,n,2.0NRT,293.07,7.48,N,,VIIRS_SNPP_NRT,2026-08-24 17:58:00,2026-08-25 00:58:00
-6.09946,105.41722,311.63,0.33,0.55,2026-08-24,1758,N,VIIRS,n,2.0NRT,295.52,7.48,N,,VIIRS_SNPP_NRT,2026-08-24 17:58:00,2026-08-25 00:58:00
-6.105,105.4259,302.17,0.68,0.74,2026-08-25,1739,N,VIIRS,n,2.0NRT,289.96,12.85,N,,VIIRS_SNPP_NRT,2026-08-25 17:39:00,2026-08-26 00:39:00
-6.10384,105.41958,367.0,0.68,0.74,2026-08-25,1739,N,VIIRS,h,2.0NRT,291.92,12.85,N,,VIIRS_SNPP_NRT,2026-08-25 17:39:00,2026-08-26 00:39:00
-6.10356,105.42027,367.0,0.68,0.74,2026-08-25,1739,N,VIIRS,h,2.0NRT,292.14,15.48,N,,VIIRS_SNPP_NRT,2026-08-25 17:39:00,2026-08-26 00:39:00
-6.10245,105.41199,309.96,0.68,0.74,2026-08-25,1739,N,VIIRS,n,2.0NRT,289.85,16.8,N,,VIIRS_SNPP_NRT,2026-08-25 17:39:00,2026-08-26 00:39:00
-6.10207,105.41248,313.42,0.68,0.74,2026-08-25,1739,N,VIIRS,n,2.0NRT,290.12,15.48,N,,VIIRS_SNPP_NRT,2026-08-25 17:39:00,2026-08-26 00:39:00
-6.10373,105.4211,367.0,0.45,0.63,2026-08-27,557,N,VIIRS,h,2.0NRT,296.76,14.08,D,,VIIRS_SNPP_NRT,2026-08-27 05:57:00,2026-08-27 12:57:00
-6.10318,105.42507,343.48,0.45,0.63,2026-08-27,557,N,VIIRS,n,2.0NRT,296.69,14.08,D,,VIIRS_SNPP_NRT,2026-08-27 05:57:00,2026-08-27 12:57:00
-6.10006,105.42313,330.76,0.44,0.38,2026-08-27,1843,N,VIIRS,n,2.0NRT,298.34,4.25,N,,VIIRS_SNPP_NRT,2026-08-27 18:43:00,2026-08-28 01:43:00
-6.1027,105.42289,367.0,0.43,0.62,2026-08-28,720,N,VIIRS,h,2.0NRT,302.65,18.17,D,,VIIRS_SNPP_NRT,2026-08-28 07:20:00,2026-08-28 14:20:00
-6.10194,105.42717,337.6,0.43,0.62,2026-08-28,720,N,VIIRS,n,2.0NRT,298.07,19.0,D,,VIIRS_SNPP_NRT,2026-08-28 07:20:00,2026-08-28 14:20:00
-6.10427,105.42464,325.4,0.42,0.38,2026-08-28,1821,N,VIIRS,n,2.0NRT,294.97,8.39,N,,VIIRS_SNPP_NRT,2026-08-28 18:21:00,2026-08-29 01:21:00
-6.10333,105.41696,310.11,0.42,0.37,2026-08-24,1815,N20,VIIRS,n,2.0NRT,293.65,1.45,N,,VIIRS_NOAA20_NRT,2026-08-24 18:15:00,2026-08-25 01:15:00
-6.09988,105.41741,309.68,0.42,0.37,2026-08-24,1815,N20,VIIRS,n,2.0NRT,293.55,1.45,N,,VIIRS_NOAA20_NRT,2026-08-24 18:15:00,2026-08-25 01:15:00
-6.10183,105.42479,325.73,0.51,0.49,2026-08-25,1758,N20,VIIRS,n,2.0NRT,297.24,15.5,N,,VIIRS_NOAA20_NRT,2026-08-25 17:58:00,2026-08-26 00:58:00
-6.10105,105.4202,340.64,0.51,0.49,2026-08-25,1758,N20,VIIRS,n,2.0NRT,300.23,15.5,N,,VIIRS_NOAA20_NRT,2026-08-25 17:58:00,2026-08-26 00:58:00
-6.10374,105.42314,345.21,0.51,0.41,2026-08-27,616,N20,VIIRS,n,2.0NRT,307.94,25.65,D,,VIIRS_NOAA20_NRT,2026-08-27 06:16:00,2026-08-27 13:16:00
-6.10429,105.42121,317.1,0.37,0.58,2026-08-27,1900,N20,VIIRS,n,2.0NRT,294.22,2.96,N,,VIIRS_NOAA20_NRT,2026-08-27 19:00:00,2026-08-28 02:00:00
-6.10383,105.4239,367.0,0.35,0.57,2026-08-28,557,N20,VIIRS,h,2.0NRT,298.72,12.53,D,,VIIRS_NOAA20_NRT,2026-08-28 05:57:00,2026-08-28 12:57:00
-6.10289,105.42265,367.0,0.35,0.57,2026-08-28,557,N20,VIIRS,h,2.0NRT,298.3,11.42,D,,VIIRS_NOAA20_NRT,2026-08-28 05:57:00,2026-08-28 12:57:00
-6.10327,105.42261,331.78,0.54,0.42,2026-08-28,1841,N20,VIIRS,n,2.0NRT,297.14,15.63,N,,VIIRS_NOAA20_NRT,2026-08-28 18:41:00,2026-08-29 01:41:00
-6.10194,105.42549,310.15,0.54,0.42,2026-08-28,1841,N20,VIIRS,n,2.0NRT,292.74,6.01,N,,VIIRS_NOAA20_NRT,2026-08-28 18:41:00,2026-08-29 01:41:00
-6.10118,105.4206,328.01,0.54,0.42,2026-08-28,1841,N20,VIIRS,n,2.0NRT,290.69,6.99,N,,VIIRS_NOAA20_NRT,2026-08-28 18:41:00,2026-08-29 01:41:00
-6.104,105.4228,346.82,0.41,0.45,2026-08-29,659,N,VIIRS,n,2.0NRT,307.68,15.43,D,,VIIRS_SNPP_NRT,2026-08-29 06:59:00,2026-08-29 13:59:00
-6.09983,105.42216,342.91,0.41,0.45,2026-08-29,659,N,VIIRS,n,2.0NRT,299.79,15.43,D,,VIIRS_SNPP_NRT,2026-08-29 06:59:00,2026-08-29 13:59:00
-6.10328,105.42178,350.06,0.51,0.5,2026-08-29,1804,N,VIIRS,n,2.0NRT,299.38,26.42,N,,VIIRS_SNPP_NRT,2026-08-29 18:04:00,2026-08-30 01:04:00
-6.10396,105.42338,333.24,0.54,0.67,2026-08-30,1745,N,VIIRS,n,2.0NRT,289.79,6.59,N,,VIIRS_SNPP_NRT,2026-08-30 17:45:00,2026-08-31 00:45:00
-6.10299,105.41811,338.34,0.54,0.68,2026-08-30,1745,N,VIIRS,n,2.0NRT,289.83,6.59,N,,VIIRS_SNPP_NRT,2026-08-30 17:45:00,2026-08-31 00:45:00
-6.10114,105.42473,313.46,0.54,0.68,2026-08-30,1745,N,VIIRS,n,2.0NRT,289.23,5.4,N,,VIIRS_SNPP_NRT,2026-08-30 17:45:00,2026-08-31 00:45:00
-6.10027,105.41981,348.26,0.54,0.68,2026-08-30,1745,N,VIIRS,n,2.0NRT,290.48,10.53,N,,VIIRS_SNPP_NRT,2026-08-30 17:45:00,2026-08-31 00:45:00
-6.10571,105.42625,311.34,0.36,0.57,2026-08-31,1906,N,VIIRS,n,2.0NRT,291.34,3.34,N,,VIIRS_SNPP_NRT,2026-08-31 19:06:00,2026-09-01 02:06:00
-6.10521,105.42267,350.74,0.36,0.57,2026-08-31,1906,N,VIIRS,n,2.0NRT,292.18,3.34,N,,VIIRS_SNPP_NRT,2026-08-31 19:06:00,2026-09-01 02:06:00
-6.10477,105.4195,316.88,0.36,0.57,2026-08-31,1906,N,VIIRS,n,2.0NRT,292.13,5.9,N,,VIIRS_SNPP_NRT,2026-08-31 19:06:00,2026-09-01 02:06:00
-6.10041,105.42705,311.35,0.36,0.57,2026-08-31,1906,N,VIIRS,n,2.0NRT,291.08,4.63,N,,VIIRS_SNPP_NRT,2026-08-31 19:06:00,2026-09-01 02:06:00
-6.09993,105.42359,367.0,0.36,0.57,2026-08-31,1906,N,VIIRS,h,2.0NRT,293.56,4.63,N,,VIIRS_SNPP_NRT,2026-08-31 19:06:00,2026-09-01 02:06:00
-6.09947,105.42031,333.79,0.36,0.57,2026-08-31,1906,N,VIIRS,n,2.0NRT,291.59,7.72,N,,VIIRS_SNPP_NRT,2026-08-31 19:06:00,2026-09-01 02:06:00
-6.10108,105.4219,352.13,0.35,0.57,2026-09-01,603,N,VIIRS,n,2.0NRT,303.36,18.03,D,,VIIRS_SNPP_NRT,2026-09-01 06:03:00,2026-09-01 13:03:00
-6.10065,105.42495,339.75,0.35,0.57,2026-09-01,603,N,VIIRS,n,2.0NRT,300.44,18.03,D,,VIIRS_SNPP_NRT,2026-09-01 06:03:00,2026-09-01 13:03:00
-6.10064,105.41838,358.08,0.73,0.76,2026-09-02,544,N,VIIRS,n,2.0NRT,296.21,18.68,D,,VIIRS_SNPP_NRT,2026-09-02 05:44:00,2026-09-02 12:44:00
-6.09963,105.42606,331.91,0.73,0.76,2026-09-02,544,N,VIIRS,n,2.0NRT,296.41,24.51,D,,VIIRS_SNPP_NRT,2026-09-02 05:44:00,2026-09-02 12:44:00
-6.10304,105.41906,310.42,0.39,0.36,2026-09-02,1828,N,VIIRS,n,2.0NRT,296.46,4.04,N,,VIIRS_SNPP_NRT,2026-09-02 18:28:00,2026-09-03 01:28:00
-6.10027,105.42307,342.11,0.39,0.36,2026-09-02,1828,N,VIIRS,n,2.0NRT,304.71,9.43,N,,VIIRS_SNPP_NRT,2026-09-02 18:28:00,2026-09-03 01:28:00
-6.10059,105.42527,341.29,0.75,0.77,2026-08-29,538,N20,VIIRS,n,2.0NRT,293.5,21.05,D,,VIIRS_NOAA20_NRT,2026-08-29 05:38:00,2026-08-29 12:38:00
-6.10265,105.42255,349.79,0.57,0.69,2026-08-29,720,N20,VIIRS,n,2.0NRT,296.46,9.48,D,,VIIRS_NOAA20_NRT,2026-08-29 07:20:00,2026-08-29 14:20:00
-6.10163,105.42816,335.2,0.57,0.69,2026-08-29,720,N20,VIIRS,n,2.0NRT,292.51,9.48,D,,VIIRS_NOAA20_NRT,2026-08-29 07:20:00,2026-08-29 14:20:00
-6.10084,105.42435,328.59,0.39,0.36,2026-08-29,1821,N20,VIIRS,n,2.0NRT,296.88,2.44,N,,VIIRS_NOAA20_NRT,2026-08-29 18:21:00,2026-08-30 01:21:00
-6.10029,105.42089,330.98,0.39,0.36,2026-08-29,1821,N20,VIIRS,n,2.0NRT,296.57,2.44,N,,VIIRS_NOAA20_NRT,2026-08-29 18:21:00,2026-08-30 01:21:00
-6.1047,105.42319,343.44,0.54,0.51,2026-08-30,659,N20,VIIRS,n,2.0NRT,296.78,17.1,D,,VIIRS_NOAA20_NRT,2026-08-30 06:59:00,2026-08-30 13:59:00
-6.09536,105.422,330.12,0.54,0.51,2026-08-30,659,N20,VIIRS,l,2.0NRT,303.21,9.49,D,,VIIRS_NOAA20_NRT,2026-08-30 06:59:00,2026-08-30 13:59:00
-6.10086,105.42403,305.62,0.4,0.44,2026-08-30,1804,N20,VIIRS,n,2.0NRT,290.64,1.66,N,,VIIRS_NOAA20_NRT,2026-08-30 18:04:00,2026-08-31 01:04:00
-6.10025,105.42046,306.75,0.4,0.44,2026-08-30,1804,N20,VIIRS,n,2.0NRT,289.41,1.77,N,,VIIRS_NOAA20_NRT,2026-08-30 18:04:00,2026-08-31 01:04:00
-6.09919,105.42473,307.49,0.42,0.61,2026-08-31,1745,N20,VIIRS,n,2.0NRT,291.78,10.2,N,,VIIRS_NOAA20_NRT,2026-08-31 17:45:00,2026-09-01 00:45:00
-6.09852,105.42091,367.0,0.42,0.61,2026-08-31,1745,N20,VIIRS,h,2.0NRT,294.38,10.2,N,,VIIRS_NOAA20_NRT,2026-08-31 17:45:00,2026-09-01 00:45:00
-6.10327,105.42022,340.52,0.54,0.51,2026-09-02,603,N20,VIIRS,n,2.0NRT,306.81,21.39,D,,VIIRS_NOAA20_NRT,2026-09-02 06:03:00,2026-09-02 13:03:00
-6.1026,105.42501,345.93,0.54,0.51,2026-09-02,603,N20,VIIRS,n,2.0NRT,310.32,44.02,D,,VIIRS_NOAA20_NRT,2026-09-02 06:03:00,2026-09-02 13:03:00
-6.14618,105.40624,302.99,0.42,0.61,2026-09-04,1752,N,VIIRS,n,2.0NRT,277.34,1.48,N,,VIIRS_SNPP_NRT,2026-09-04 17:52:00,2026-09-05 00:52:00
-6.14547,105.40239,302.15,0.42,0.61,2026-09-04,1752,N,VIIRS,n,2.0NRT,276.62,1.48,N,,VIIRS_SNPP_NRT,2026-09-04 17:52:00,2026-09-05 00:52:00
-6.14346,105.42339,306.41,0.42,0.61,2026-09-04,1752,N,VIIRS,n,2.0NRT,278.89,1.32,N,,VIIRS_SNPP_NRT,2026-09-04 17:52:00,2026-09-05 00:52:00
-6.14267,105.41907,306.44,0.42,0.61,2026-09-04,1752,N,VIIRS,n,2.0NRT,278.82,1.32,N,,VIIRS_SNPP_NRT,2026-09-04 17:52:00,2026-09-05 00:52:00
-6.14192,105.41499,306.56,0.42,0.61,2026-09-04,1752,N,VIIRS,n,2.0NRT,278.19,1.46,N,,VIIRS_SNPP_NRT,2026-09-04 17:52:00,2026-09-05 00:52:00
-6.14122,105.41113,306.66,0.42,0.61,2026-09-04,1752,N,VIIRS,n,2.0NRT,278.07,1.46,N,,VIIRS_SNPP_NRT,2026-09-04 17:52:00,2026-09-05 00:52:00
-6.14051,105.40727,306.08,0.42,0.61,2026-09-04,1752,N,VIIRS,n,2.0NRT,276.97,1.44,N,,VIIRS_SNPP_NRT,2026-09-04 17:52:00,2026-09-05 00:52:00
-6.13981,105.40342,305.21,0.42,0.61,2026-09-04,1752,N,VIIRS,n,2.0NRT,276.73,1.44,N,,VIIRS_SNPP_NRT,2026-09-04 17:52:00,2026-09-05 00:52:00
-6.1391,105.39956,302.6,0.42,0.61,2026-09-04,1752,N,VIIRS,n,2.0NRT,276.44,3.51,N,,VIIRS_SNPP_NRT,2026-09-04 17:52:00,2026-09-05 00:52:00
-6.13872,105.41051,308.66,0.42,0.61,2026-09-04,1752,N,VIIRS,n,2.0NRT,278.01,2.39,N,,VIIRS_SNPP_NRT,2026-09-04 17:52:00,2026-09-05 00:52:00
-6.13804,105.40664,308.37,0.42,0.61,2026-09-04,1752,N,VIIRS,n,2.0NRT,277.33,1.78,N,,VIIRS_SNPP_NRT,2026-09-04 17:52:00,2026-09-05 00:52:00
-6.13767,105.42371,307.15,0.42,0.61,2026-09-04,1752,N,VIIRS,n,2.0NRT,278.64,1.32,N,,VIIRS_SNPP_NRT,2026-09-04 17:52:00,2026-09-05 00:52:00
-6.13736,105.40277,307.25,0.42,0.61,2026-09-04,1752,N,VIIRS,n,2.0NRT,277.02,1.78,N,,VIIRS_SNPP_NRT,2026-09-04 17:52:00,2026-09-05 00:52:00
-6.13696,105.41986,309.0,0.42,0.61,2026-09-04,1752,N,VIIRS,n,2.0NRT,279.2,1.32,N,,VIIRS_SNPP_NRT,2026-09-04 17:52:00,2026-09-05 00:52:00
-6.13626,105.41601,309.36,0.42,0.61,2026-09-04,1752,N,VIIRS,n,2.0NRT,278.1,1.46,N,,VIIRS_SNPP_NRT,2026-09-04 17:52:00,2026-09-05 00:52:00
-6.13555,105.41216,309.97,0.42,0.61,2026-09-04,1752,N,VIIRS,n,2.0NRT,277.85,1.46,N,,VIIRS_SNPP_NRT,2026-09-04 17:52:00,2026-09-05 00:52:00
-6.13485,105.4083,311.13,0.42,0.61,2026-09-04,1752,N,VIIRS,n,2.0NRT,277.97,1.44,N,,VIIRS_SNPP_NRT,2026-09-04 17:52:00,2026-09-05 00:52:00
-6.13435,105.45216,305.29,0.42,0.61,2026-09-04,1752,N,VIIRS,n,2.0NRT,280.45,2.14,N,,VIIRS_SNPP_NRT,2026-09-04 17:52:00,2026-09-05 00:52:00
-6.13414,105.40444,308.93,0.42,0.61,2026-09-04,1752,N,VIIRS,n,2.0NRT,277.36,1.44,N,,VIIRS_SNPP_NRT,2026-09-04 17:52:00,2026-09-05 00:52:00
-6.13373,105.41541,311.33,0.42,0.61,2026-09-04,1752,N,VIIRS,n,2.0NRT,278.05,2.39,N,,VIIRS_SNPP_NRT,2026-09-04 17:52:00,2026-09-05 00:52:00
-6.13305,105.41155,312.07,0.42,0.61,2026-09-04,1752,N,VIIRS,n,2.0NRT,277.88,2.39,N,,VIIRS_SNPP_NRT,2026-09-04 17:52:00,2026-09-05 00:52:00
-6.13237,105.40768,313.08,0.42,0.61,2026-09-04,1752,N,VIIRS,n,2.0NRT,277.81,1.78,N,,VIIRS_SNPP_NRT,2026-09-04 17:52:00,2026-09-05 00:52:00
-6.13169,105.40382,310.19,0.42,0.61,2026-09-04,1752,N,VIIRS,n,2.0NRT,277.41,1.78,N,,VIIRS_SNPP_NRT,2026-09-04 17:52:00,2026-09-05 00:52:00
-6.13055,105.46364,307.34,0.42,0.61,2026-09-04,1752,N,VIIRS,n,2.0NRT,282.66,3.03,N,,VIIRS_SNPP_NRT,2026-09-04 17:52:00,2026-09-05 00:52:00
-6.13011,105.42802,308.1,0.42,0.61,2026-09-04,1752,N,VIIRS,n,2.0NRT,278.53,2.27,N,,VIIRS_SNPP_NRT,2026-09-04 17:52:00,2026-09-05 00:52:00
-6.12987,105.45981,307.05,0.42,0.61,2026-09-04,1752,N,VIIRS,n,2.0NRT,281.35,3.03,N,,VIIRS_SNPP_NRT,2026-09-04 17:52:00,2026-09-05 00:52:00
-6.12943,105.42417,309.97,0.42,0.61,2026-09-04,1752,N,VIIRS,n,2.0NRT,278.87,2.09,N,,VIIRS_SNPP_NRT,2026-09-04 17:52:00,2026-09-05 00:52:00
-6.1292,105.45598,308.03,0.42,0.61,2026-09-04,1752,N,VIIRS,n,2.0NRT,281.28,2.14,N,,VIIRS_SNPP_NRT,2026-09-04 17:52:00,2026-09-05 00:52:00
-6.12875,105.42032,311.98,0.42,0.61,2026-09-04,1752,N,VIIRS,n,2.0NRT,278.3,2.09,N,,VIIRS_SNPP_NRT,2026-09-04 17:52:00,2026-09-05 00:52:00
-6.12852,105.45214,309.19,0.42,0.61,2026-09-04,1752,N,VIIRS,n,2.0NRT,281.35,2.14,N,,VIIRS_SNPP_NRT,2026-09-04 17:52:00,2026-09-05 00:52:00
-6.12671,105.40873,316.4,0.42,0.61,2026-09-04,1752,N,VIIRS,n,2.0NRT,278.04,2.89,N,,VIIRS_SNPP_NRT,2026-09-04 17:52:00,2026-09-05 00:52:00
-6.12626,105.47234,309.07,0.42,0.61,2026-09-04,1752,N,VIIRS,n,2.0NRT,284.74,2.0,N,,VIIRS_SNPP_NRT,2026-09-04 17:52:00,2026-09-05 00:52:00
-6.12603,105.40486,312.98,0.42,0.61,2026-09-04,1752,N,VIIRS,n,2.0NRT,277.18,2.89,N,,VIIRS_SNPP_NRT,2026-09-04 17:52:00,2026-09-05 00:52:00
-6.12558,105.46851,309.6,0.42,0.61,2026-09-04,1752,N,VIIRS,n,2.0NRT,283.96,2.0,N,,VIIRS_SNPP_NRT,2026-09-04 17:52:00,2026-09-05 00:52:00
-6.12534,105.40099,311.28,0.42,0.61,2026-09-04,1752,N,VIIRS,n,2.0NRT,276.17,2.5,N,,VIIRS_SNPP_NRT,2026-09-04 17:52:00,2026-09-05 00:52:00
-6.12513,105.43291,309.93,0.42,0.61,2026-09-04,1752,N,VIIRS,n,2.0NRT,278.45,2.27,N,,VIIRS_SNPP_NRT,2026-09-04 17:52:00,2026-09-05 00:52:00
-6.12466,105.39711,311.49,0.42,0.61,2026-09-04,1752,N,VIIRS,n,2.0NRT,276.45,2.5,N,,VIIRS_SNPP_NRT,2026-09-04 17:52:00,2026-09-05 00:52:00
-6.12445,105.42907,310.54,0.42,0.61,2026-09-04,1752,N,VIIRS,n,2.0NRT,278.21,2.27,N,,VIIRS_SNPP_NRT,2026-09-04 17:52:00,2026-09-05 00:52:00
-6.12398,105.39324,312.15,0.42,0.61,2026-09-04,1752,N,VIIRS,n,2.0NRT,275.89,2.44,N,,VIIRS_SNPP_NRT,2026-09-04 17:52:00,2026-09-05 00:52:00
-6.12377,105.42522,312.6,0.42,0.61,2026-09-04,1752,N,VIIRS,n,2.0NRT,278.03,2.09,N,,VIIRS_SNPP_NRT,2026-09-04 17:52:00,2026-09-05 00:52:00
-6.1233,105.38936,312.65,0.42,0.61,2026-09-04,1752,N,VIIRS,n,2.0NRT,275.82,2.44,N,,VIIRS_SNPP_NRT,2026-09-04 17:52:00,2026-09-05 00:52:00
-6.12309,105.42136,315.76,0.42,0.61,2026-09-04,1752,N,VIIRS,n,2.0NRT,278.63,2.09,N,,VIIRS_SNPP_NRT,2026-09-04 17:52:00,2026-09-05 00:52:00
-6.12261,105.38548,310.1,0.42,0.61,2026-09-04,1752,N,VIIRS,n,2.0NRT,274.85,2.36,N,,VIIRS_SNPP_NRT,2026-09-04 17:52:00,2026-09-05 00:52:00
-6.12197,105.48103,309.51,0.42,0.61,2026-09-04,1752,N,VIIRS,n,2.0NRT,285.64,3.24,N,,VIIRS_SNPP_NRT,2026-09-04 17:52:00,2026-09-05 00:52:00
-6.12193,105.38159,307.72,0.42,0.61,2026-09-04,1752,N,VIIRS,n,2.0NRT,274.56,2.36,N,,VIIRS_SNPP_NRT,2026-09-04 17:52:00,2026-09-05 00:52:00
-6.12129,105.4772,310.77,0.42,0.61,2026-09-04,1752,N,VIIRS,n,2.0NRT,285.71,3.24,N,,VIIRS_SNPP_NRT,2026-09-04 17:52:00,2026-09-05 00:52:00
-6.12124,105.3777,307.03,0.42,0.61,2026-09-04,1752,N,VIIRS,n,2.0NRT,273.57,1.92,N,,VIIRS_SNPP_NRT,2026-09-04 17:52:00,2026-09-05 00:52:00
-6.12104,105.40977,322.68,0.42,0.61,2026-09-04,1752,N,VIIRS,n,2.0NRT,278.51,2.89,N,,VIIRS_SNPP_NRT,2026-09-04 17:52:00,2026-09-05 00:52:00
-6.12062,105.47337,312.35,0.42,0.61,2026-09-04,1752,N,VIIRS,n,2.0NRT,285.81,2.0,N,,VIIRS_SNPP_NRT,2026-09-04 17:52:00,2026-09-05 00:52:00
-6.12056,105.37383,306.38,0.42,0.61,2026-09-04,1752,N,VIIRS,n,2.0NRT,273.05,1.92,N,,VIIRS_SNPP_NRT,2026-09-04 17:52:00,2026-09-05 00:52:00
-6.12036,105.40591,319.08,0.42,0.61,2026-09-04,1752,N,VIIRS,n,2.0NRT,277.19,2.89,N,,VIIRS_SNPP_NRT,2026-09-04 17:52:00,2026-09-05 00:52:00
-6.11994,105.46955,313.82,0.42,0.61,2026-09-04,1752,N,VIIRS,n,2.0NRT,285.25,2.0,N,,VIIRS_SNPP_NRT,2026-09-04 17:52:00,2026-09-05 00:52:00
-6.11987,105.36993,304.27,0.42,0.61,2026-09-04,1752,N,VIIRS,n,2.0NRT,272.46,2.01,N,,VIIRS_SNPP_NRT,2026-09-04 17:52:00,2026-09-05 00:52:00
-6.11968,105.40203,318.06,0.42,0.61,2026-09-04,1752,N,VIIRS,n,2.0NRT,276.27,2.5,N,,VIIRS_SNPP_NRT,2026-09-04 17:52:00,2026-09-05 00:52:00
-6.11899,105.39816,317.15,0.42,0.61,2026-09-04,1752,N,VIIRS,n,2.0NRT,276.15,2.5,N,,VIIRS_SNPP_NRT,2026-09-04 17:52:00,2026-09-05 00:52:00
-6.11831,105.39429,315.14,0.42,0.61,2026-09-04,1752,N,VIIRS,n,2.0NRT,276.03,2.44,N,,VIIRS_SNPP_NRT,2026-09-04 17:52:00,2026-09-05 00:52:00
-6.11769,105.4897,308.45,0.42,0.61,2026-09-04,1752,N,VIIRS,n,2.0NRT,285.98,1.37,N,,VIIRS_SNPP_NRT,2026-09-04 17:52:00,2026-09-05 00:52:00
-6.11762,105.3904,314.66,0.42,0.61,2026-09-04,1752,N,VIIRS,n,2.0NRT,275.6,2.44,N,,VIIRS_SNPP_NRT,2026-09-04 17:52:00,2026-09-05 00:52:00
-6.11701,105.48588,309.63,0.42,0.61,2026-09-04,1752,N,VIIRS,n,2.0NRT,285.89,1.37,N,,VIIRS_SNPP_NRT,2026-09-04 17:52:00,2026-09-05 00:52:00
-6.11694,105.38653,316.28,0.42,0.61,2026-09-04,1752,N,VIIRS,n,2.0NRT,275.36,2.36,N,,VIIRS_SNPP_NRT,2026-09-04 17:52:00,2026-09-05 00:52:00
-6.11625,105.38264,315.51,0.42,0.61,2026-09-04,1752,N,VIIRS,n,2.0NRT,274.8,2.36,N,,VIIRS_SNPP_NRT,2026-09-04 17:52:00,2026-09-05 00:52:00
-6.11557,105.37876,310.93,0.42,0.61,2026-09-04,1752,N,VIIRS,n,2.0NRT,273.87,1.92,N,,VIIRS_SNPP_NRT,2026-09-04 17:52:00,2026-09-05 00:52:00
-6.11488,105.37488,307.89,0.42,0.61,2026-09-04,1752,N,VIIRS,n,2.0NRT,273.3,1.92,N,,VIIRS_SNPP_NRT,2026-09-04 17:52:00,2026-09-05 00:52:00
-6.11419,105.37099,305.68,0.42,0.61,2026-09-04,1752,N,VIIRS,n,2.0NRT,272.62,2.01,N,,VIIRS_SNPP_NRT,2026-09-04 17:52:00,2026-09-05 00:52:00
-6.11353,105.36725,303.84,0.42,0.61,2026-09-04,1752,N,VIIRS,n,2.0NRT,273.11,2.01,N,,VIIRS_SNPP_NRT,2026-09-04 17:52:00,2026-09-05 00:52:00
-6.11205,105.49073,308.67,0.42,0.61,2026-09-04,1752,N,VIIRS,n,2.0NRT,286.8,1.37,N,,VIIRS_SNPP_NRT,2026-09-04 17:52:00,2026-09-05 00:52:00
-6.11137,105.48691,309.2,0.42,0.61,2026-09-04,1752,N,VIIRS,n,2.0NRT,286.18,1.37,N,,VIIRS_SNPP_NRT,2026-09-04 17:52:00,2026-09-05 00:52:00
-6.10857,105.37235,309.45,0.42,0.61,2026-09-04,1752,N,VIIRS,n,2.0NRT,273.4,2.91,N,,VIIRS_SNPP_NRT,2026-09-04 17:52:00,2026-09-05 00:52:00
-6.10599,105.4567,321.86,0.42,0.61,2026-09-04,1752,N,VIIRS,n,2.0NRT,283.24,14.26,N,,VIIRS_SNPP_NRT,2026-09-04 17:52:00,2026-09-05 00:52:00
-6.10505,105.48412,308.37,0.42,0.61,2026-09-04,1752,N,VIIRS,n,2.0NRT,286.44,1.45,N,,VIIRS_SNPP_NRT,2026-09-04 17:52:00,2026-09-05 00:52:00
-6.10437,105.4803,310.06,0.42,0.61,2026-09-04,1752,N,VIIRS,n,2.0NRT,286.02,1.45,N,,VIIRS_SNPP_NRT,2026-09-04 17:52:00,2026-09-05 00:52:00
-6.10363,105.37759,321.63,0.42,0.61,2026-09-04,1752,N,VIIRS,n,2.0NRT,274.83,13.91,N,,VIIRS_SNPP_NRT,2026-09-04 17:52:00,2026-09-05 00:52:00
-6.10299,105.37396,316.62,0.42,0.61,2026-09-04,1752,N,VIIRS,n,2.0NRT,275.11,2.91,N,,VIIRS_SNPP_NRT,2026-09-04 17:52:00,2026-09-05 00:52:00
-6.1023,105.37012,307.74,0.42,0.61,2026-09-04,1752,N,VIIRS,n,2.0NRT,274.26,2.91,N,,VIIRS_SNPP_NRT,2026-09-04 17:52:00,2026-09-05 00:52:00
-6.09974,105.45436,316.74,0.42,0.61,2026-09-04,1752,N,VIIRS,n,2.0NRT,283.28,5.67,N,,VIIRS_SNPP_NRT,2026-09-04 17:52:00,2026-09-05 00:52:00
-6.09941,105.48515,305.16,0.42,0.61,2026-09-04,1752,N,VIIRS,n,2.0NRT,286.72,1.45,N,,VIIRS_SNPP_NRT,2026-09-04 17:52:00,2026-09-05 00:52:00
-6.09873,105.48134,306.16,0.42,0.61,2026-09-04,1752,N,VIIRS,n,2.0NRT,286.62,1.45,N,,VIIRS_SNPP_NRT,2026-09-04 17:52:00,2026-09-05 00:52:00
-6.0987,105.38284,326.08,0.42,0.61,2026-09-04,1752,N,VIIRS,n,2.0NRT,274.66,4.59,N,,VIIRS_SNPP_NRT,2026-09-04 17:52:00,2026-09-05 00:52:00
-6.09806,105.37924,324.18,0.42,0.61,2026-09-04,1752,N,VIIRS,n,2.0NRT,274.6,4.59,N,,VIIRS_SNPP_NRT,2026-09-04 17:52:00,2026-09-05 00:52:00
-6.09737,105.37536,319.13,0.42,0.61,2026-09-04,1752,N,VIIRS,n,2.0NRT,274.6,2.91,N,,VIIRS_SNPP_NRT,2026-09-04 17:52:00,2026-09-05 00:52:00
-6.0966,105.37103,308.85,0.42,0.61,2026-09-04,1752,N,VIIRS,n,2.0NRT,273.7,2.91,N,,VIIRS_SNPP_NRT,2026-09-04 17:52:00,2026-09-05 00:52:00
-6.09474,105.45901,309.96,0.42,0.61,2026-09-04,1752,N,VIIRS,n,2.0NRT,284.05,9.78,N,,VIIRS_SNPP_NRT,2026-09-04 17:52:00,2026-09-05 00:52:00
-6.09433,105.39124,340.52,0.42,0.61,2026-09-04,1752,N,VIIRS,n,2.0NRT,277.82,14.02,N,,VIIRS_SNPP_NRT,2026-09-04 17:52:00,2026-09-05 00:52:00
-6.09409,105.4554,311.69,0.42,0.61,2026-09-04,1752,N,VIIRS,n,2.0NRT,283.6,5.67,N,,VIIRS_SNPP_NRT,2026-09-04 17:52:00,2026-09-05 00:52:00
-6.09374,105.38792,331.66,0.42,0.61,2026-09-04,1752,N,VIIRS,n,2.0NRT,276.53,14.02,N,,VIIRS_SNPP_NRT,2026-09-04 17:52:00,2026-09-05 00:52:00
-6.09308,105.38424,327.41,0.42,0.61,2026-09-04,1752,N,VIIRS,n,2.0NRT,275.94,4.59,N,,VIIRS_SNPP_NRT,2026-09-04 17:52:00,2026-09-05 00:52:00
-6.0924,105.38042,324.11,0.42,0.61,2026-09-04,1752,N,VIIRS,n,2.0NRT,275.77,4.59,N,,VIIRS_SNPP_NRT,2026-09-04 17:52:00,2026-09-05 00:52:00
-6.09164,105.37615,318.16,0.42,0.61,2026-09-04,1752,N,VIIRS,n,2.0NRT,275.62,2.91,N,,VIIRS_SNPP_NRT,2026-09-04 17:52:00,2026-09-05 00:52:00
-6.09084,105.37166,308.08,0.42,0.61,2026-09-04,1752,N,VIIRS,n,2.0NRT,274.42,2.91,N,,VIIRS_SNPP_NRT,2026-09-04 17:52:00,2026-09-05 00:52:00
-6.08907,105.45994,307.12,0.42,0.61,2026-09-04,1752,N,VIIRS,n,2.0NRT,284.92,6.98,N,,VIIRS_SNPP_NRT,2026-09-04 17:52:00,2026-09-05 00:52:00
-6.08881,105.39314,339.3,0.42,0.61,2026-09-04,1752,N,VIIRS,n,2.0NRT,278.61,6.11,N,,VIIRS_SNPP_NRT,2026-09-04 17:52:00,2026-09-05 00:52:00
-6.08842,105.45635,308.18,0.42,0.61,2026-09-04,1752,N,VIIRS,n,2.0NRT,284.22,7.51,N,,VIIRS_SNPP_NRT,2026-09-04 17:52:00,2026-09-05 00:52:00
-6.08816,105.38948,334.6,0.42,0.61,2026-09-04,1752,N,VIIRS,n,2.0NRT,277.83,6.11,N,,VIIRS_SNPP_NRT,2026-09-04 17:52:00,2026-09-05 00:52:00
-6.08743,105.38541,329.02,0.42,0.61,2026-09-04,1752,N,VIIRS,n,2.0NRT,277.27,4.56,N,,VIIRS_SNPP_NRT,2026-09-04 17:52:00,2026-09-05 00:52:00
-6.08691,105.44788,311.61,0.42,0.61,2026-09-04,1752,N,VIIRS,n,2.0NRT,283.55,4.24,N,,VIIRS_SNPP_NRT,2026-09-04 17:52:00,2026-09-05 00:52:00
-6.08668,105.38122,322.48,0.42,0.61,2026-09-04,1752,N,VIIRS,n,2.0NRT,276.2,4.56,N,,VIIRS_SNPP_NRT,2026-09-04 17:52:00,2026-09-05 00:52:00
-6.08622,105.44403,313.2,0.42,0.61,2026-09-04,1752,N,VIIRS,n,2.0NRT,283.6,4.24,N,,VIIRS_SNPP_NRT,2026-09-04 17:52:00,2026-09-05 00:52:00
-6.0859,105.37685,316.66,0.42,0.61,2026-09-04,1752,N,VIIRS,n,2.0NRT,276.21,2.85,N,,VIIRS_SNPP_NRT,2026-09-04 17:52:00,2026-09-05 00:52:00
-6.08553,105.44019,314.88,0.42,0.61,2026-09-04,1752,N,VIIRS,n,2.0NRT,283.77,2.31,N,,VIIRS_SNPP_NRT,2026-09-04 17:52:00,2026-09-05 00:52:00
-6.08514,105.37258,308.02,0.42,0.61,2026-09-04,1752,N,VIIRS,n,2.0NRT,276.85,2.85,N,,VIIRS_SNPP_NRT,2026-09-04 17:52:00,2026-09-05 00:52:00
-6.08484,105.43633,316.47,0.42,0.61,2026-09-04,1752,N,VIIRS,n,2.0NRT,283.37,2.31,N,,VIIRS_SNPP_NRT,2026-09-04 17:52:00,2026-09-05 00:52:00
-6.08414,105.43248,318.34,0.42,0.61,2026-09-04,1752,N,VIIRS,n,2.0NRT,283.16,2.65,N,,VIIRS_SNPP_NRT,2026-09-04 17:52:00,2026-09-05 00:52:00
-6.08375,105.39763,332.44,0.42,0.61,2026-09-04,1752,N,VIIRS,n,2.0NRT,278.73,28.28,N,,VIIRS_SNPP_NRT,2026-09-04 17:52:00,2026-09-05 00:52:00
-6.08345,105.42863,320.23,0.42,0.61,2026-09-04,1752,N,VIIRS,n,2.0NRT,282.2,2.65,N,,VIIRS_SNPP_NRT,2026-09-04 17:52:00,2026-09-05 00:52:00
-6.08311,105.39404,331.0,0.42,0.61,2026-09-04,1752,N,VIIRS,n,2.0NRT,278.23,6.11,N,,VIIRS_SNPP_NRT,2026-09-04 17:52:00,2026-09-05 00:52:00
-6.08241,105.39014,330.3,0.42,0.61,2026-09-04,1752,N,VIIRS,n,2.0NRT,278.19,6.11,N,,VIIRS_SNPP_NRT,2026-09-04 17:52:00,2026-09-05 00:52:00
-6.08165,105.38589,327.48,0.42,0.61,2026-09-04,1752,N,VIIRS,n,2.0NRT,277.44,4.56,N,,VIIRS_SNPP_NRT,2026-09-04 17:52:00,2026-09-05 00:52:00
-6.0809,105.38166,323.04,0.42,0.61,2026-09-04,1752,N,VIIRS,n,2.0NRT,276.47,4.56,N,,VIIRS_SNPP_NRT,2026-09-04 17:52:00,2026-09-05 00:52:00
-6.08014,105.37743,318.2,0.42,0.61,2026-09-04,1752,N,VIIRS,n,2.0NRT,276.09,2.85,N,,VIIRS_SNPP_NRT,2026-09-04 17:52:00,2026-09-05 00:52:00
-6.07987,105.44122,309.86,0.42,0.61,2026-09-04,1752,N,VIIRS,n,2.0NRT,283.93,2.31,N,,VIIRS_SNPP_NRT,2026-09-04 17:52:00,2026-09-05 00:52:00
-6.07941,105.37337,313.68,0.42,0.61,2026-09-04,1752,N,VIIRS,n,2.0NRT,276.41,2.85,N,,VIIRS_SNPP_NRT,2026-09-04 17:52:00,2026-09-05 00:52:00
-6.07918,105.43737,310.85,0.42,0.61,2026-09-04,1752,N,VIIRS,n,2.0NRT,284.15,2.31,N,,VIIRS_SNPP_NRT,2026-09-04 17:52:00,2026-09-05 00:52:00
-6.07848,105.43352,312.21,0.42,0.61,2026-09-04,1752,N,VIIRS,n,2.0NRT,283.99,2.65,N,,VIIRS_SNPP_NRT,2026-09-04 17:52:00,2026-09-05 00:52:00
-6.07803,105.39841,326.7,0.42,0.61,2026-09-04,1752,N,VIIRS,n,2.0NRT,279.13,16.23,N,,VIIRS_SNPP_NRT,2026-09-04 17:52:00,2026-09-05 00:52:00
-6.07779,105.42966,313.35,0.42,0.61,2026-09-04,1752,N,VIIRS,n,2.0NRT,283.33,2.65,N,,VIIRS_SNPP_NRT,2026-09-04 17:52:00,2026-09-05 00:52:00
-6.07737,105.39474,325.63,0.42,0.61,2026-09-04,1752,N,VIIRS,n,2.0NRT,278.71,7.74,N,,VIIRS_SNPP_NRT,2026-09-04 17:52:00,2026-09-05 00:52:00
-6.07661,105.39048,324.81,0.42,0.61,2026-09-04,1752,N,VIIRS,n,2.0NRT,278.78,7.74,N,,VIIRS_SNPP_NRT,2026-09-04 17:52:00,2026-09-05 00:52:00
-6.07588,105.3864,323.05,0.42,0.61,2026-09-04,1752,N,VIIRS,n,2.0NRT,278.6,3.5,N,,VIIRS_SNPP_NRT,2026-09-04 17:52:00,2026-09-05 00:52:00
-6.07513,105.38219,321.5,0.42,0.61,2026-09-04,1752,N,VIIRS,n,2.0NRT,278.14,3.5,N,,VIIRS_SNPP_NRT,2026-09-04 17:52:00,2026-09-05 00:52:00
-6.07443,105.3783,318.39,0.42,0.61,2026-09-04,1752,N,VIIRS,n,2.0NRT,277.48,2.87,N,,VIIRS_SNPP_NRT,2026-09-04 17:52:00,2026-09-05 00:52:00
-6.07373,105.37441,315.44,0.42,0.61,2026-09-04,1752,N,VIIRS,n,2.0NRT,276.5,2.87,N,,VIIRS_SNPP_NRT,2026-09-04 17:52:00,2026-09-05 00:52:00
-6.07074,105.42298,311.17,0.42,0.61,2026-09-04,1752,N,VIIRS,n,2.0NRT,282.89,7.44,N,,VIIRS_SNPP_NRT,2026-09-04 17:52:00,2026-09-05 00:52:00
-6.07014,105.38709,318.0,0.42,0.61,2026-09-04,1752,N,VIIRS,n,2.0NRT,279.24,3.5,N,,VIIRS_SNPP_NRT,2026-09-04 17:52:00,2026-09-05 00:52:00
-6.07004,105.41912,312.32,0.42,0.61,2026-09-04,1752,N,VIIRS,n,2.0NRT,282.94,4.15,N,,VIIRS_SNPP_NRT,2026-09-04 17:52:00,2026-09-05 00:52:00
-6.06944,105.38322,316.2,0.42,0.61,2026-09-04,1752,N,VIIRS,n,2.0NRT,279.2,3.5,N,,VIIRS_SNPP_NRT,2026-09-04 17:52:00,2026-09-05 00:52:00
-6.06935,105.41525,313.28,0.42,0.61,2026-09-04,1752,N,VIIRS,n,2.0NRT,282.45,4.15,N,,VIIRS_SNPP_NRT,2026-09-04 17:52:00,2026-09-05 00:52:00
-6.06874,105.37933,313.82,0.42,0.61,2026-09-04,1752,N,VIIRS,n,2.0NRT,279.18,2.87,N,,VIIRS_SNPP_NRT,2026-09-04 17:52:00,2026-09-05 00:52:00
-6.06865,105.41139,314.22,0.42,0.61,2026-09-04,1752,N,VIIRS,n,2.0NRT,282.55,3.03,N,,VIIRS_SNPP_NRT,2026-09-04 17:52:00,2026-09-05 00:52:00
-6.06805,105.37545,311.41,0.42,0.61,2026-09-04,1752,N,VIIRS,n,2.0NRT,278.89,2.87,N,,VIIRS_SNPP_NRT,2026-09-04 17:52:00,2026-09-05 00:52:00
-6.06795,105.40752,314.64,0.42,0.61,2026-09-04,1752,N,VIIRS,n,2.0NRT,282.28,3.03,N,,VIIRS_SNPP_NRT,2026-09-04 17:52:00,2026-09-05 00:52:00
-6.06726,105.40366,314.59,0.42,0.61,2026-09-04,1752,N,VIIRS,n,2.0NRT,282.66,3.11,N,,VIIRS_SNPP_NRT,2026-09-04 17:52:00,2026-09-05 00:52:00
-6.06656,105.3998,314.14,0.42,0.61,2026-09-04,1752,N,VIIRS,n,2.0NRT,282.39,3.11,N,,VIIRS_SNPP_NRT,2026-09-04 17:52:00,2026-09-05 00:52:00
-6.06586,105.39589,314.05,0.42,0.61,2026-09-04,1752,N,VIIRS,n,2.0NRT,281.49,3.04,N,,VIIRS_SNPP_NRT,2026-09-04 17:52:00,2026-09-05 00:52:00
-6.06516,105.39201,313.39,0.42,0.61,2026-09-04,1752,N,VIIRS,n,2.0NRT,281.5,3.04,N,,VIIRS_SNPP_NRT,2026-09-04 17:52:00,2026-09-05 00:52:00
-6.06298,105.41242,309.42,0.42,0.61,2026-09-04,1752,N,VIIRS,n,2.0NRT,282.91,3.03,N,,VIIRS_SNPP_NRT,2026-09-04 17:52:00,2026-09-05 00:52:00
-6.06088,105.4008,309.92,0.42,0.61,2026-09-04,1752,N,VIIRS,n,2.0NRT,282.74,3.11,N,,VIIRS_SNPP_NRT,2026-09-04 17:52:00,2026-09-05 00:52:00
-6.06018,105.39692,309.29,0.42,0.61,2026-09-04,1752,N,VIIRS,n,2.0NRT,282.97,3.04,N,,VIIRS_SNPP_NRT,2026-09-04 17:52:00,2026-09-05 00:52:00
-6.11727,105.46905,298.12,0.46,0.64,2026-09-05,1915,N,VIIRS,n,2.0NRT,285.72,0.93,N,,VIIRS_SNPP_NRT,2026-09-05 19:15:00,2026-09-06 02:15:00
-6.11666,105.46481,299.19,0.46,0.64,2026-09-05,1915,N,VIIRS,n,2.0NRT,285.52,0.93,N,,VIIRS_SNPP_NRT,2026-09-05 19:15:00,2026-09-06 02:15:00
-6.11605,105.46058,300.76,0.46,0.64,2026-09-05,1915,N,VIIRS,n,2.0NRT,285.43,1.05,N,,VIIRS_SNPP_NRT,2026-09-05 19:15:00,2026-09-06 02:15:00
-6.11544,105.45634,301.21,0.46,0.64,2026-09-05,1915,N,VIIRS,n,2.0NRT,285.43,1.05,N,,VIIRS_SNPP_NRT,2026-09-05 19:15:00,2026-09-06 02:15:00
-6.11483,105.45212,301.08,0.46,0.64,2026-09-05,1915,N,VIIRS,n,2.0NRT,285.08,0.98,N,,VIIRS_SNPP_NRT,2026-09-05 19:15:00,2026-09-06 02:15:00
-6.11422,105.44788,298.01,0.46,0.64,2026-09-05,1915,N,VIIRS,n,2.0NRT,284.54,0.98,N,,VIIRS_SNPP_NRT,2026-09-05 19:15:00,2026-09-06 02:15:00
-6.11137,105.46988,298.41,0.46,0.64,2026-09-05,1915,N,VIIRS,n,2.0NRT,285.64,0.93,N,,VIIRS_SNPP_NRT,2026-09-05 19:15:00,2026-09-06 02:15:00
-6.11076,105.46564,299.99,0.46,0.64,2026-09-05,1915,N,VIIRS,n,2.0NRT,285.76,0.93,N,,VIIRS_SNPP_NRT,2026-09-05 19:15:00,2026-09-06 02:15:00
-6.11015,105.4614,300.58,0.46,0.64,2026-09-05,1915,N,VIIRS,n,2.0NRT,285.69,1.05,N,,VIIRS_SNPP_NRT,2026-09-05 19:15:00,2026-09-06 02:15:00
-6.10954,105.45718,300.74,0.46,0.64,2026-09-05,1915,N,VIIRS,n,2.0NRT,285.45,1.05,N,,VIIRS_SNPP_NRT,2026-09-05 19:15:00,2026-09-06 02:15:00
-6.10893,105.45293,299.73,0.46,0.64,2026-09-05,1915,N,VIIRS,n,2.0NRT,285.33,0.98,N,,VIIRS_SNPP_NRT,2026-09-05 19:15:00,2026-09-06 02:15:00
-6.10424,105.46224,298.93,0.46,0.64,2026-09-05,1915,N,VIIRS,n,2.0NRT,285.52,1.48,N,,VIIRS_SNPP_NRT,2026-09-05 19:15:00,2026-09-06 02:15:00
-6.10362,105.4579,297.49,0.46,0.64,2026-09-05,1915,N,VIIRS,n,2.0NRT,285.33,1.48,N,,VIIRS_SNPP_NRT,2026-09-05 19:15:00,2026-09-06 02:15:00
-6.10585,105.42176,354.02,0.58,0.7,2026-09-03,546,N20,VIIRS,n,2.0NRT,300.68,14.8,D,,VIIRS_NOAA20_NRT,2026-09-03 05:46:00,2026-09-03 12:46:00
-6.10513,105.42697,347.14,0.58,0.7,2026-09-03,546,N20,VIIRS,n,2.0NRT,298.5,14.8,D,,VIIRS_NOAA20_NRT,2026-09-03 05:46:00,2026-09-03 12:46:00
-6.10149,105.42248,354.98,0.58,0.7,2026-09-03,546,N20,VIIRS,n,2.0NRT,303.71,26.47,D,,VIIRS_NOAA20_NRT,2026-09-03 05:46:00,2026-09-03 12:46:00
-6.10086,105.42728,339.27,0.58,0.7,2026-09-03,546,N20,VIIRS,n,2.0NRT,300.27,25.12,D,,VIIRS_NOAA20_NRT,2026-09-03 05:46:00,2026-09-03 12:46:00
-6.10298,105.42175,338.83,0.39,0.37,2026-09-03,1830,N20,VIIRS,n,2.0NRT,310.99,23.72,N,,VIIRS_NOAA20_NRT,2026-09-03 18:30:00,2026-09-04 01:30:00
-6.13049,105.45299,307.59,0.48,0.4,2026-09-04,1811,N20,VIIRS,n,2.0NRT,280.62,1.75,N,,VIIRS_NOAA20_NRT,2026-09-04 18:11:00,2026-09-05 01:11:00
-6.12977,105.44862,308.53,0.48,0.4,2026-09-04,1811,N20,VIIRS,n,2.0NRT,279.3,1.75,N,,VIIRS_NOAA20_NRT,2026-09-04 18:11:00,2026-09-05 01:11:00
-6.12763,105.43553,309.52,0.48,0.4,2026-09-04,1811,N20,VIIRS,n,2.0NRT,275.25,2.24,N,,VIIRS_NOAA20_NRT,2026-09-04 18:11:00,2026-09-05 01:11:00
-6.12692,105.43117,309.92,0.49,0.4,2026-09-04,1811,N20,VIIRS,n,2.0NRT,274.62,2.24,N,,VIIRS_NOAA20_NRT,2026-09-04 18:11:00,2026-09-05 01:11:00
-6.1268,105.45359,308.99,0.48,0.4,2026-09-04,1811,N20,VIIRS,n,2.0NRT,280.82,1.75,N,,VIIRS_NOAA20_NRT,2026-09-04 18:11:00,2026-09-05 01:11:00
-6.12609,105.44923,310.64,0.48,0.4,2026-09-04,1811,N20,VIIRS,n,2.0NRT,279.55,1.75,N,,VIIRS_NOAA20_NRT,2026-09-04 18:11:00,2026-09-05 01:11:00
-6.12538,105.44488,311.33,0.48,0.4,2026-09-04,1811,N20,VIIRS,n,2.0NRT,278.08,3.69,N,,VIIRS_NOAA20_NRT,2026-09-04 18:11:00,2026-09-05 01:11:00
-6.12466,105.44051,311.36,0.48,0.4,2026-09-04,1811,N20,VIIRS,n,2.0NRT,276.65,3.69,N,,VIIRS_NOAA20_NRT,2026-09-04 18:11:00,2026-09-05 01:11:00
-6.12395,105.43615,316.9,0.48,0.4,2026-09-04,1811,N20,VIIRS,n,2.0NRT,277.34,2.24,N,,VIIRS_NOAA20_NRT,2026-09-04 18:11:00,2026-09-05 01:11:00
-6.12323,105.43178,316.37,0.49,0.4,2026-09-04,1811,N20,VIIRS,n,2.0NRT,275.8,2.24,N,,VIIRS_NOAA20_NRT,2026-09-04 18:11:00,2026-09-05 01:11:00
-6.11883,105.42802,320.22,0.49,0.4,2026-09-04,1811,N20,VIIRS,n,2.0NRT,274.87,3.45,N,,VIIRS_NOAA20_NRT,2026-09-04 18:11:00,2026-09-05 01:11:00
-6.11811,105.42365,313.05,0.49,0.4,2026-09-04,1811,N20,VIIRS,n,2.0NRT,273.84,3.45,N,,VIIRS_NOAA20_NRT,2026-09-04 18:11:00,2026-09-05 01:11:00
-6.11719,105.46414,308.34,0.48,0.4,2026-09-04,1811,N20,VIIRS,n,2.0NRT,282.51,1.92,N,,VIIRS_NOAA20_NRT,2026-09-04 18:11:00,2026-09-05 01:11:00
-6.11647,105.45979,310.72,0.48,0.4,2026-09-04,1811,N20,VIIRS,n,2.0NRT,281.46,1.92,N,,VIIRS_NOAA20_NRT,2026-09-04 18:11:00,2026-09-05 01:11:00
-6.11514,105.42863,330.97,0.49,0.4,2026-09-04,1811,N20,VIIRS,n,2.0NRT,276.81,3.45,N,,VIIRS_NOAA20_NRT,2026-09-04 18:11:00,2026-09-05 01:11:00
-6.11442,105.42426,325.29,0.49,0.4,2026-09-04,1811,N20,VIIRS,n,2.0NRT,275.24,3.45,N,,VIIRS_NOAA20_NRT,2026-09-04 18:11:00,2026-09-05 01:11:00
-6.1135,105.46474,308.87,0.48,0.4,2026-09-04,1811,N20,VIIRS,n,2.0NRT,282.74,1.92,N,,VIIRS_NOAA20_NRT,2026-09-04 18:11:00,2026-09-05 01:11:00
-6.11279,105.4604,311.71,0.48,0.4,2026-09-04,1811,N20,VIIRS,n,2.0NRT,281.99,1.92,N,,VIIRS_NOAA20_NRT,2026-09-04 18:11:00,2026-09-05 01:11:00
-6.11145,105.42925,334.11,0.49,0.4,2026-09-04,1811,N20,VIIRS,n,2.0NRT,276.09,6.35,N,,VIIRS_NOAA20_NRT,2026-09-04 18:11:00,2026-09-05 01:11:00
-6.11073,105.42487,329.86,0.49,0.4,2026-09-04,1811,N20,VIIRS,n,2.0NRT,274.52,6.35,N,,VIIRS_NOAA20_NRT,2026-09-04 18:11:00,2026-09-05 01:11:00
-6.11003,105.42062,318.98,0.49,0.4,2026-09-04,1811,N20,VIIRS,n,2.0NRT,274.32,6.05,N,,VIIRS_NOAA20_NRT,2026-09-04 18:11:00,2026-09-05 01:11:00
-6.10982,105.46536,308.89,0.48,0.4,2026-09-04,1811,N20,VIIRS,n,2.0NRT,282.97,2.75,N,,VIIRS_NOAA20_NRT,2026-09-04 18:11:00,2026-09-05 01:11:00
-6.10911,105.46101,312.07,0.48,0.4,2026-09-04,1811,N20,VIIRS,n,2.0NRT,282.64,2.75,N,,VIIRS_NOAA20_NRT,2026-09-04 18:11:00,2026-09-05 01:11:00
-6.10776,105.42986,341.01,0.49,0.4,2026-09-04,1811,N20,VIIRS,n,2.0NRT,276.06,6.35,N,,VIIRS_NOAA20_NRT,2026-09-04 18:11:00,2026-09-05 01:11:00
-6.10708,105.4257,348.56,0.49,0.4,2026-09-04,1811,N20,VIIRS,n,2.0NRT,275.53,6.35,N,,VIIRS_NOAA20_NRT,2026-09-04 18:11:00,2026-09-05 01:11:00
-6.10636,105.42136,337.23,0.49,0.4,2026-09-04,1811,N20,VIIRS,n,2.0NRT,274.35,6.05,N,,VIIRS_NOAA20_NRT,2026-09-04 18:11:00,2026-09-05 01:11:00
-6.10542,105.46162,312.42,0.48,0.4,2026-09-04,1811,N20,VIIRS,n,2.0NRT,283.15,2.75,N,,VIIRS_NOAA20_NRT,2026-09-04 18:11:00,2026-09-05 01:11:00
-6.10474,105.45745,314.96,0.48,0.4,2026-09-04,1811,N20,VIIRS,n,2.0NRT,282.09,5.56,N,,VIIRS_NOAA20_NRT,2026-09-04 18:11:00,2026-09-05 01:11:00
-6.10403,105.4532,319.27,0.48,0.4,2026-09-04,1811,N20,VIIRS,n,2.0NRT,281.33,5.56,N,,VIIRS_NOAA20_NRT,2026-09-04 18:11:00,2026-09-05 01:11:00
-6.10174,105.46223,312.24,0.48,0.4,2026-09-04,1811,N20,VIIRS,n,2.0NRT,283.37,2.85,N,,VIIRS_NOAA20_NRT,2026-09-04 18:11:00,2026-09-05 01:11:00
-6.10035,105.45381,319.26,0.48,0.4,2026-09-04,1811,N20,VIIRS,n,2.0NRT,281.76,5.64,N,,VIIRS_NOAA20_NRT,2026-09-04 18:11:00,2026-09-05 01:11:00
-6.09878,105.46719,309.02,0.48,0.4,2026-09-04,1811,N20,VIIRS,n,2.0NRT,284.98,2.85,N,,VIIRS_NOAA20_NRT,2026-09-04 18:11:00,2026-09-05 01:11:00
-6.09807,105.46291,311.72,0.48,0.4,2026-09-04,1811,N20,VIIRS,n,2.0NRT,283.83,2.85,N,,VIIRS_NOAA20_NRT,2026-09-04 18:11:00,2026-09-05 01:11:00
-6.09667,105.45442,318.24,0.48,0.4,2026-09-04,1811,N20,VIIRS,n,2.0NRT,282.21,5.64,N,,VIIRS_NOAA20_NRT,2026-09-04 18:11:00,2026-09-05 01:11:00
-6.09528,105.42313,347.23,0.49,0.4,2026-09-04,1811,N20,VIIRS,n,2.0NRT,275.47,8.18,N,,VIIRS_NOAA20_NRT,2026-09-04 18:11:00,2026-09-05 01:11:00
-6.0951,105.4678,308.92,0.48,0.4,2026-09-04,1811,N20,VIIRS,n,2.0NRT,285.83,2.18,N,,VIIRS_NOAA20_NRT,2026-09-04 18:11:00,2026-09-05 01:11:00
-6.09455,105.41874,339.8,0.49,0.4,2026-09-04,1811,N20,VIIRS,n,2.0NRT,275.24,8.18,N,,VIIRS_NOAA20_NRT,2026-09-04 18:11:00,2026-09-05 01:11:00
-6.0944,105.46355,311.38,0.48,0.4,2026-09-04,1811,N20,VIIRS,n,2.0NRT,284.56,2.18,N,,VIIRS_NOAA20_NRT,2026-09-04 18:11:00,2026-09-05 01:11:00
-6.09369,105.45931,313.77,0.48,0.4,2026-09-04,1811,N20,VIIRS,n,2.0NRT,283.45,2.71,N,,VIIRS_NOAA20_NRT,2026-09-04 18:11:00,2026-09-05 01:11:00
-6.09298,105.45502,317.22,0.48,0.4,2026-09-04,1811,N20,VIIRS,n,2.0NRT,282.25,2.71,N,,VIIRS_NOAA20_NRT,2026-09-04 18:11:00,2026-09-05 01:11:00
-6.09158,105.42367,351.08,0.49,0.4,2026-09-04,1811,N20,VIIRS,n,2.0NRT,277.82,8.18,N,,VIIRS_NOAA20_NRT,2026-09-04 18:11:00,2026-09-05 01:11:00
-6.09142,105.46841,308.44,0.48,0.4,2026-09-04,1811,N20,VIIRS,n,2.0NRT,286.48,2.18,N,,VIIRS_NOAA20_NRT,2026-09-04 18:11:00,2026-09-05 01:11:00
-6.09084,105.41918,342.79,0.49,0.4,2026-09-04,1811,N20,VIIRS,n,2.0NRT,276.19,8.18,N,,VIIRS_NOAA20_NRT,2026-09-04 18:11:00,2026-09-05 01:11:00
-6.09071,105.46415,310.49,0.48,0.4,2026-09-04,1811,N20,VIIRS,n,2.0NRT,285.23,2.18,N,,VIIRS_NOAA20_NRT,2026-09-04 18:11:00,2026-09-05 01:11:00
-6.09011,105.4148,319.39,0.49,0.4,2026-09-04,1811,N20,VIIRS,n,2.0NRT,274.64,7.91,N,,VIIRS_NOAA20_NRT,2026-09-04 18:11:00,2026-09-05 01:11:00
-6.09,105.45989,312.58,0.48,0.4,2026-09-04,1811,N20,VIIRS,n,2.0NRT,284.31,2.71,N,,VIIRS_NOAA20_NRT,2026-09-04 18:11:00,2026-09-05 01:11:00
-6.0893,105.45562,316.06,0.48,0.4,2026-09-04,1811,N20,VIIRS,n,2.0NRT,283.41,2.71,N,,VIIRS_NOAA20_NRT,2026-09-04 18:11:00,2026-09-05 01:11:00
-6.08642,105.41542,332.79,0.49,0.4,2026-09-04,1811,N20,VIIRS,n,2.0NRT,276.66,4.54,N,,VIIRS_NOAA20_NRT,2026-09-04 18:11:00,2026-09-05 01:11:00
-6.08632,105.46048,311.28,0.48,0.4,2026-09-04,1811,N20,VIIRS,n,2.0NRT,285.36,5.19,N,,VIIRS_NOAA20_NRT,2026-09-04 18:11:00,2026-09-05 01:11:00
-6.08569,105.41103,323.26,0.49,0.4,2026-09-04,1811,N20,VIIRS,n,2.0NRT,276.6,4.54,N,,VIIRS_NOAA20_NRT,2026-09-04 18:11:00,2026-09-05 01:11:00
-6.0856,105.45616,314.14,0.48,0.4,2026-09-04,1811,N20,VIIRS,n,2.0NRT,284.66,5.19,N,,VIIRS_NOAA20_NRT,2026-09-04 18:11:00,2026-09-05 01:11:00
-6.08273,105.41602,330.75,0.49,0.4,2026-09-04,1811,N20,VIIRS,n,2.0NRT,278.26,4.54,N,,VIIRS_NOAA20_NRT,2026-09-04 18:11:00,2026-09-05 01:11:00
-6.082,105.41164,322.71,0.49,0.4,2026-09-04,1811,N20,VIIRS,n,2.0NRT,278.1,4.54,N,,VIIRS_NOAA20_NRT,2026-09-04 18:11:00,2026-09-05 01:11:00
-6.08117,105.45231,315.28,0.48,0.4,2026-09-04,1811,N20,VIIRS,n,2.0NRT,285.18,13.19,N,,VIIRS_NOAA20_NRT,2026-09-04 18:11:00,2026-09-05 01:11:00
-6.07903,105.41664,325.13,0.49,0.4,2026-09-04,1811,N20,VIIRS,n,2.0NRT,279.93,3.47,N,,VIIRS_NOAA20_NRT,2026-09-04 18:11:00,2026-09-05 01:11:00
-6.07831,105.41225,317.63,0.49,0.4,2026-09-04,1811,N20,VIIRS,n,2.0NRT,278.78,3.47,N,,VIIRS_NOAA20_NRT,2026-09-04 18:11:00,2026-09-05 01:11:00
-6.07534,105.41726,319.15,0.49,0.4,2026-09-04,1811,N20,VIIRS,n,2.0NRT,281.15,3.47,N,,VIIRS_NOAA20_NRT,2026-09-04 18:11:00,2026-09-05 01:11:00
-6.07461,105.41287,312.44,0.49,0.4,2026-09-04,1811,N20,VIIRS,n,2.0NRT,280.24,3.47,N,,VIIRS_NOAA20_NRT,2026-09-04 18:11:00,2026-09-05 01:11:00
-6.07165,105.41786,314.2,0.49,0.4,2026-09-04,1811,N20,VIIRS,n,2.0NRT,282.22,5.14,N,,VIIRS_NOAA20_NRT,2026-09-04 18:11:00,2026-09-05 01:11:00
-6.0701,105.45405,309.8,0.48,0.4,2026-09-04,1811,N20,VIIRS,n,2.0NRT,287.58,2.57,N,,VIIRS_NOAA20_NRT,2026-09-04 18:11:00,2026-09-05 01:11:00
-6.06938,105.44969,311.15,0.48,0.4,2026-09-04,1811,N20,VIIRS,n,2.0NRT,287.31,2.57,N,,VIIRS_NOAA20_NRT,2026-09-04 18:11:00,2026-09-05 01:11:00
-6.06796,105.41848,310.29,0.49,0.4,2026-09-04,1811,N20,VIIRS,n,2.0NRT,284.12,5.14,N,,VIIRS_NOAA20_NRT,2026-09-04 18:11:00,2026-09-05 01:11:00
-6.06642,105.45466,307.76,0.48,0.4,2026-09-04,1811,N20,VIIRS,n,2.0NRT,288.89,2.57,N,,VIIRS_NOAA20_NRT,2026-09-04 18:11:00,2026-09-05 01:11:00
-6.06573,105.42785,313.17,0.49,0.4,2026-09-04,1811,N20,VIIRS,n,2.0NRT,285.6,2.73,N,,VIIRS_NOAA20_NRT,2026-09-04 18:11:00,2026-09-05 01:11:00
-6.06569,105.4503,308.91,0.48,0.4,2026-09-04,1811,N20,VIIRS,n,2.0NRT,288.74,2.57,N,,VIIRS_NOAA20_NRT,2026-09-04 18:11:00,2026-09-05 01:11:00
-6.065,105.42347,310.93,0.49,0.4,2026-09-04,1811,N20,VIIRS,n,2.0NRT,285.23,2.73,N,,VIIRS_NOAA20_NRT,2026-09-04 18:11:00,2026-09-05 01:11:00
-6.06204,105.42846,309.07,0.49,0.4,2026-09-04,1811,N20,VIIRS,n,2.0NRT,287.44,2.73,N,,VIIRS_NOAA20_NRT,2026-09-04 18:11:00,2026-09-05 01:11:00
-6.06131,105.42408,307.17,0.49,0.4,2026-09-04,1811,N20,VIIRS,n,2.0NRT,287.12,2.73,N,,VIIRS_NOAA20_NRT,2026-09-04 18:11:00,2026-09-05 01:11:00
-6.11907,105.42287,304.36,0.32,0.55,2026-09-05,1752,N20,VIIRS,n,2.0NRT,290.03,1.31,N,,VIIRS_NOAA20_NRT,2026-09-05 17:52:00,2026-09-06 00:52:00
-6.11855,105.41994,306.41,0.32,0.55,2026-09-05,1752,N20,VIIRS,n,2.0NRT,290.52,1.31,N,,VIIRS_NOAA20_NRT,2026-09-05 17:52:00,2026-09-06 00:52:00
-6.11804,105.41702,309.29,0.32,0.55,2026-09-05,1752,N20,VIIRS,n,2.0NRT,291.46,1.97,N,,VIIRS_NOAA20_NRT,2026-09-05 17:52:00,2026-09-06 00:52:00
-6.11752,105.4141,311.71,0.32,0.55,2026-09-05,1752,N20,VIIRS,n,2.0NRT,291.78,1.97,N,,VIIRS_NOAA20_NRT,2026-09-05 17:52:00,2026-09-06 00:52:00
-6.117,105.41117,311.9,0.32,0.55,2026-09-05,1752,N20,VIIRS,n,2.0NRT,291.9,1.97,N,,VIIRS_NOAA20_NRT,2026-09-05 17:52:00,2026-09-06 00:52:00
-6.11648,105.40824,312.04,0.32,0.55,2026-09-05,1752,N20,VIIRS,n,2.0NRT,291.93,1.97,N,,VIIRS_NOAA20_NRT,2026-09-05 17:52:00,2026-09-06 00:52:00
-6.11596,105.40531,310.03,0.32,0.55,2026-09-05,1752,N20,VIIRS,n,2.0NRT,291.31,1.76,N,,VIIRS_NOAA20_NRT,2026-09-05 17:52:00,2026-09-06 00:52:00
-6.11564,105.42833,305.92,0.32,0.55,2026-09-05,1752,N20,VIIRS,n,2.0NRT,289.88,2.01,N,,VIIRS_NOAA20_NRT,2026-09-05 17:52:00,2026-09-06 00:52:00
-6.11544,105.40237,309.83,0.32,0.55,2026-09-05,1752,N20,VIIRS,n,2.0NRT,291.45,1.76,N,,VIIRS_NOAA20_NRT,2026-09-05 17:52:00,2026-09-06 00:52:00
-6.11508,105.42961,305.62,0.32,0.55,2026-09-05,1752,N20,VIIRS,n,2.0NRT,289.92,1.5,N,,VIIRS_NOAA20_NRT,2026-09-05 17:52:00,2026-09-06 00:52:00
-6.11492,105.39944,309.16,0.32,0.55,2026-09-05,1752,N20,VIIRS,n,2.0NRT,291.36,1.53,N,,VIIRS_NOAA20_NRT,2026-09-05 17:52:00,2026-09-06 00:52:00
-6.11456,105.42669,309.02,0.32,0.55,2026-09-05,1752,N20,VIIRS,n,2.0NRT,290.59,1.5,N,,VIIRS_NOAA20_NRT,2026-09-05 17:52:00,2026-09-06 00:52:00
-6.11439,105.39651,307.19,0.33,0.55,2026-09-05,1752,N20,VIIRS,n,2.0NRT,290.66,1.53,N,,VIIRS_NOAA20_NRT,2026-09-05 17:52:00,2026-09-06 00:52:00
-6.11405,105.42378,313.45,0.32,0.55,2026-09-05,1752,N20,VIIRS,n,2.0NRT,290.54,1.31,N,,VIIRS_NOAA20_NRT,2026-09-05 17:52:00,2026-09-06 00:52:00
-6.11387,105.39357,305.55,0.33,0.55,2026-09-05,1752,N20,VIIRS,n,2.0NRT,290.53,1.33,N,,VIIRS_NOAA20_NRT,2026-09-05 17:52:00,2026-09-06 00:52:00
-6.11353,105.42085,319.88,0.32,0.55,2026-09-05,1752,N20,VIIRS,n,2.0NRT,291.71,1.31,N,,VIIRS_NOAA20_NRT,2026-09-05 17:52:00,2026-09-06 00:52:00
-6.11301,105.41793,324.24,0.32,0.55,2026-09-05,1752,N20,VIIRS,n,2.0NRT,292.26,1.97,N,,VIIRS_NOAA20_NRT,2026-09-05 17:52:00,2026-09-06 00:52:00
-6.11248,105.41499,325.35,0.32,0.55,2026-09-05,1752,N20,VIIRS,n,2.0NRT,292.37,1.97,N,,VIIRS_NOAA20_NRT,2026-09-05 17:52:00,2026-09-06 00:52:00
-6.11196,105.41206,323.89,0.32,0.55,2026-09-05,1752,N20,VIIRS,n,2.0NRT,291.8,1.97,N,,VIIRS_NOAA20_NRT,2026-09-05 17:52:00,2026-09-06 00:52:00
-6.11144,105.40913,322.65,0.32,0.55,2026-09-05,1752,N20,VIIRS,n,2.0NRT,291.36,1.97,N,,VIIRS_NOAA20_NRT,2026-09-05 17:52:00,2026-09-06 00:52:00
-6.11111,105.43216,307.38,0.32,0.55,2026-09-05,1752,N20,VIIRS,n,2.0NRT,289.86,2.01,N,,VIIRS_NOAA20_NRT,2026-09-05 17:52:00,2026-09-06 00:52:00
-6.11092,105.4062,321.83,0.32,0.55,2026-09-05,1752,N20,VIIRS,n,2.0NRT,290.39,1.76,N,,VIIRS_NOAA20_NRT,2026-09-05 17:52:00,2026-09-06 00:52:00
-6.11061,105.42924,312.94,0.32,0.55,2026-09-05,1752,N20,VIIRS,n,2.0NRT,290.24,2.01,N,,VIIRS_NOAA20_NRT,2026-09-05 17:52:00,2026-09-06 00:52:00
-6.11057,105.43343,306.79,0.32,0.55,2026-09-05,1752,N20,VIIRS,n,2.0NRT,290.03,1.1,N,,VIIRS_NOAA20_NRT,2026-09-05 17:52:00,2026-09-06 00:52:00
-6.1104,105.40327,321.98,0.32,0.55,2026-09-05,1752,N20,VIIRS,n,2.0NRT,289.31,1.76,N,,VIIRS_NOAA20_NRT,2026-09-05 17:52:00,2026-09-06 00:52:00
-6.11005,105.4305,311.81,0.32,0.55,2026-09-05,1752,N20,VIIRS,n,2.0NRT,290.44,2.53,N,,VIIRS_NOAA20_NRT,2026-09-05 17:52:00,2026-09-06 00:52:00
-6.10988,105.40034,322.09,0.32,0.55,2026-09-05,1752,N20,VIIRS,n,2.0NRT,289.15,1.53,N,,VIIRS_NOAA20_NRT,2026-09-05 17:52:00,2026-09-06 00:52:00
-6.10953,105.42758,321.3,0.32,0.55,2026-09-05,1752,N20,VIIRS,n,2.0NRT,291.25,2.53,N,,VIIRS_NOAA20_NRT,2026-09-05 17:52:00,2026-09-06 00:52:00
-6.10936,105.3974,319.36,0.33,0.55,2026-09-05,1752,N20,VIIRS,n,2.0NRT,289.26,1.53,N,,VIIRS_NOAA20_NRT,2026-09-05 17:52:00,2026-09-06 00:52:00
-6.10883,105.39446,313.42,0.33,0.55,2026-09-05,1752,N20,VIIRS,n,2.0NRT,289.52,1.33,N,,VIIRS_NOAA20_NRT,2026-09-05 17:52:00,2026-09-06 00:52:00
-6.10831,105.39153,307.62,0.33,0.55,2026-09-05,1752,N20,VIIRS,n,2.0NRT,289.52,1.33,N,,VIIRS_NOAA20_NRT,2026-09-05 17:52:00,2026-09-06 00:52:00
-6.10815,105.38425,305.23,0.33,0.55,2026-09-05,1752,N20,VIIRS,n,2.0NRT,287.83,1.16,N,,VIIRS_NOAA20_NRT,2026-09-05 17:52:00,2026-09-06 00:52:00
-6.10765,105.3813,303.23,0.33,0.55,2026-09-05,1752,N20,VIIRS,n,2.0NRT,286.72,1.16,N,,VIIRS_NOAA20_NRT,2026-09-05 17:52:00,2026-09-06 00:52:00
-6.1072,105.37865,301.48,0.33,0.55,2026-09-05,1752,N20,VIIRS,n,2.0NRT,286.23,0.66,N,,VIIRS_NOAA20_NRT,2026-09-05 17:52:00,2026-09-06 00:52:00
-6.10671,105.37578,299.16,0.33,0.55,2026-09-05,1752,N20,VIIRS,n,2.0NRT,285.34,0.66,N,,VIIRS_NOAA20_NRT,2026-09-05 17:52:00,2026-09-06 00:52:00
-6.10612,105.43332,309.34,0.32,0.55,2026-09-05,1752,N20,VIIRS,n,2.0NRT,289.58,1.61,N,,VIIRS_NOAA20_NRT,2026-09-05 17:52:00,2026-09-06 00:52:00
-6.10607,105.43723,303.64,0.32,0.55,2026-09-05,1752,N20,VIIRS,n,2.0NRT,288.87,1.1,N,,VIIRS_NOAA20_NRT,2026-09-05 17:52:00,2026-09-06 00:52:00
-6.10564,105.43051,317.14,0.32,0.55,2026-09-05,1752,N20,VIIRS,n,2.0NRT,290.37,1.61,N,,VIIRS_NOAA20_NRT,2026-09-05 17:52:00,2026-09-06 00:52:00
-6.10555,105.43432,307.62,0.32,0.55,2026-09-05,1752,N20,VIIRS,n,2.0NRT,289.4,1.1,N,,VIIRS_NOAA20_NRT,2026-09-05 17:52:00,2026-09-06 00:52:00
-6.10507,105.43167,313.61,0.32,0.55,2026-09-05,1752,N20,VIIRS,n,2.0NRT,289.7,2.53,N,,VIIRS_NOAA20_NRT,2026-09-05 17:52:00,2026-09-06 00:52:00
-6.1046,105.42901,326.47,0.32,0.55,2026-09-05,1752,N20,VIIRS,n,2.0NRT,291.62,2.53,N,,VIIRS_NOAA20_NRT,2026-09-05 17:52:00,2026-09-06 00:52:00
-6.10311,105.38516,317.77,0.33,0.55,2026-09-05,1752,N20,VIIRS,n,2.0NRT,283.16,1.16,N,,VIIRS_NOAA20_NRT,2026-09-05 17:52:00,2026-09-06 00:52:00
-6.10265,105.38249,312.79,0.33,0.55,2026-09-05,1752,N20,VIIRS,n,2.0NRT,282.24,1.16,N,,VIIRS_NOAA20_NRT,2026-09-05 17:52:00,2026-09-06 00:52:00
-6.10221,105.37991,304.48,0.33,0.55,2026-09-05,1752,N20,VIIRS,n,2.0NRT,282.61,0.66,N,,VIIRS_NOAA20_NRT,2026-09-05 17:52:00,2026-09-06 00:52:00
-6.10178,105.38407,314.15,0.33,0.55,2026-09-05,1752,N20,VIIRS,n,2.0NRT,282.77,1.04,N,,VIIRS_NOAA20_NRT,2026-09-05 17:52:00,2026-09-06 00:52:00
-6.10128,105.38129,306.47,0.33,0.55,2026-09-05,1752,N20,VIIRS,n,2.0NRT,282.64,1.04,N,,VIIRS_NOAA20_NRT,2026-09-05 17:52:00,2026-09-06 00:52:00
-6.10108,105.40374,313.68,0.33,0.55,2026-09-05,1752,N20,VIIRS,n,2.0NRT,283.53,1.6,N,,VIIRS_NOAA20_NRT,2026-09-05 17:52:00,2026-09-06 00:52:00
-6.10105,105.43397,305.83,0.32,0.55,2026-09-05,1752,N20,VIIRS,n,2.0NRT,288.67,1.61,N,,VIIRS_NOAA20_NRT,2026-09-05 17:52:00,2026-09-06 00:52:00
-6.1006,105.43134,310.88,0.32,0.55,2026-09-05,1752,N20,VIIRS,n,2.0NRT,289.7,1.61,N,,VIIRS_NOAA20_NRT,2026-09-05 17:52:00,2026-09-06 00:52:00
-6.10058,105.40079,322.13,0.33,0.55,2026-09-05,1752,N20,VIIRS,n,2.0NRT,284.24,1.6,N,,VIIRS_NOAA20_NRT,2026-09-05 17:52:00,2026-09-06 00:52:00
-6.10008,105.39787,323.83,0.33,0.55,2026-09-05,1752,N20,VIIRS,n,2.0NRT,283.24,1.75,N,,VIIRS_NOAA20_NRT,2026-09-05 17:52:00,2026-09-06 00:52:00
-6.09958,105.39497,321.22,0.33,0.55,2026-09-05,1752,N20,VIIRS,n,2.0NRT,282.64,1.75,N,,VIIRS_NOAA20_NRT,2026-09-05 17:52:00,2026-09-06 00:52:00
-6.09907,105.39196,319.83,0.33,0.55,2026-09-05,1752,N20,VIIRS,n,2.0NRT,282.48,1.63,N,,VIIRS_NOAA20_NRT,2026-09-05 17:52:00,2026-09-06 00:52:00
-6.09863,105.3894,319.33,0.33,0.55,2026-09-05,1752,N20,VIIRS,n,2.0NRT,282.88,1.63,N,,VIIRS_NOAA20_NRT,2026-09-05 17:52:00,2026-09-06 00:52:00
-6.09815,105.38661,316.24,0.33,0.55,2026-09-05,1752,N20,VIIRS,n,2.0NRT,282.91,1.0,N,,VIIRS_NOAA20_NRT,2026-09-05 17:52:00,2026-09-06 00:52:00
-6.0977,105.38394,308.86,0.33,0.55,2026-09-05,1752,N20,VIIRS,n,2.0NRT,282.5,1.0,N,,VIIRS_NOAA20_NRT,2026-09-05 17:52:00,2026-09-06 00:52:00
-6.09681,105.38538,310.05,0.33,0.55,2026-09-05,1752,N20,VIIRS,n,2.0NRT,282.27,1.04,N,,VIIRS_NOAA20_NRT,2026-09-05 17:52:00,2026-09-06 00:52:00
-6.09604,105.40465,308.99,0.33,0.55,2026-09-05,1752,N20,VIIRS,n,2.0NRT,283.61,1.6,N,,VIIRS_NOAA20_NRT,2026-09-05 17:52:00,2026-09-06 00:52:00
-6.09555,105.43214,303.43,0.32,0.55,2026-09-05,1752,N20,VIIRS,n,2.0NRT,288.59,2.79,N,,VIIRS_NOAA20_NRT,2026-09-05 17:52:00,2026-09-06 00:52:00
-6.09554,105.4017,305.18,0.33,0.55,2026-09-05,1752,N20,VIIRS,n,2.0NRT,282.9,1.6,N,,VIIRS_NOAA20_NRT,2026-09-05 17:52:00,2026-09-06 00:52:00
-6.09506,105.42924,306.32,0.32,0.55,2026-09-05,1752,N20,VIIRS,n,2.0NRT,289.06,1.36,N,,VIIRS_NOAA20_NRT,2026-09-05 17:52:00,2026-09-06 00:52:00
-6.09505,105.39887,307.43,0.33,0.55,2026-09-05,1752,N20,VIIRS,n,2.0NRT,282.5,1.75,N,,VIIRS_NOAA20_NRT,2026-09-05 17:52:00,2026-09-06 00:52:00
-6.09457,105.42641,310.69,0.32,0.55,2026-09-05,1752,N20,VIIRS,n,2.0NRT,289.22,1.36,N,,VIIRS_NOAA20_NRT,2026-09-05 17:52:00,2026-09-06 00:52:00
-6.09455,105.39595,308.68,0.33,0.55,2026-09-05,1752,N20,VIIRS,n,2.0NRT,281.93,1.75,N,,VIIRS_NOAA20_NRT,2026-09-05 17:52:00,2026-09-06 00:52:00
-6.09409,105.42358,315.95,0.32,0.55,2026-09-05,1752,N20,VIIRS,n,2.0NRT,289.6,1.35,N,,VIIRS_NOAA20_NRT,2026-09-05 17:52:00,2026-09-06 00:52:00
-6.09407,105.39316,309.12,0.33,0.55,2026-09-05,1752,N20,VIIRS,n,2.0NRT,281.94,1.63,N,,VIIRS_NOAA20_NRT,2026-09-05 17:52:00,2026-09-06 00:52:00
-6.09365,105.39069,312.18,0.33,0.55,2026-09-05,1752,N20,VIIRS,n,2.0NRT,283.05,1.63,N,,VIIRS_NOAA20_NRT,2026-09-05 17:52:00,2026-09-06 00:52:00
-6.09358,105.42062,316.32,0.32,0.55,2026-09-05,1752,N20,VIIRS,n,2.0NRT,289.14,1.35,N,,VIIRS_NOAA20_NRT,2026-09-05 17:52:00,2026-09-06 00:52:00
-6.09317,105.3879,306.02,0.33,0.55,2026-09-05,1752,N20,VIIRS,n,2.0NRT,284.36,1.0,N,,VIIRS_NOAA20_NRT,2026-09-05 17:52:00,2026-09-06 00:52:00
-6.09306,105.41759,316.79,0.32,0.55,2026-09-05,1752,N20,VIIRS,n,2.0NRT,288.2,1.44,N,,VIIRS_NOAA20_NRT,2026-09-05 17:52:00,2026-09-06 00:52:00
-6.09269,105.38507,299.13,0.33,0.55,2026-09-05,1752,N20,VIIRS,n,2.0NRT,283.56,1.0,N,,VIIRS_NOAA20_NRT,2026-09-05 17:52:00,2026-09-06 00:52:00
-6.09251,105.41437,317.61,0.32,0.55,2026-09-05,1752,N20,VIIRS,n,2.0NRT,287.09,1.44,N,,VIIRS_NOAA20_NRT,2026-09-05 17:52:00,2026-09-06 00:52:00
-6.09201,105.41143,316.19,0.32,0.55,2026-09-05,1752,N20,VIIRS,n,2.0NRT,286.18,1.22,N,,VIIRS_NOAA20_NRT,2026-09-05 17:52:00,2026-09-06 00:52:00
-6.0915,105.40849,312.14,0.33,0.55,2026-09-05,1752,N20,VIIRS,n,2.0NRT,284.21,1.22,N,,VIIRS_NOAA20_NRT,2026-09-05 17:52:00,2026-09-06 00:52:00
-6.08949,105.427,303.56,0.32,0.55,2026-09-05,1752,N20,VIIRS,n,2.0NRT,288.58,1.36,N,,VIIRS_NOAA20_NRT,2026-09-05 17:52:00,2026-09-06 00:52:00
-6.08899,105.42406,308.75,0.32,0.55,2026-09-05,1752,N20,VIIRS,n,2.0NRT,288.61,1.35,N,,VIIRS_NOAA20_NRT,2026-09-05 17:52:00,2026-09-06 00:52:00
-6.08867,105.392,298.3,0.33,0.55,2026-09-05,1752,N20,VIIRS,n,2.0NRT,282.03,1.0,N,,VIIRS_NOAA20_NRT,2026-09-05 17:52:00,2026-09-06 00:52:00
-6.08848,105.42113,304.79,0.32,0.55,2026-09-05,1752,N20,VIIRS,n,2.0NRT,288.96,1.35,N,,VIIRS_NOAA20_NRT,2026-09-05 17:52:00,2026-09-06 00:52:00
-6.08798,105.41821,304.74,0.32,0.55,2026-09-05,1752,N20,VIIRS,n,2.0NRT,288.32,1.44,N,,VIIRS_NOAA20_NRT,2026-09-05 17:52:00,2026-09-06 00:52:00
-6.08748,105.41527,306.51,0.32,0.55,2026-09-05,1752,N20,VIIRS,n,2.0NRT,287.56,1.44,N,,VIIRS_NOAA20_NRT,2026-09-05 17:52:00,2026-09-06 00:52:00
-6.08697,105.41233,306.25,0.32,0.55,2026-09-05,1752,N20,VIIRS,n,2.0NRT,286.62,1.22,N,,VIIRS_NOAA20_NRT,2026-09-05 17:52:00,2026-09-06 00:52:00
-6.08647,105.4094,306.55,0.33,0.55,2026-09-05,1752,N20,VIIRS,n,2.0NRT,285.05,1.22,N,,VIIRS_NOAA20_NRT,2026-09-05 17:52:00,2026-09-06 00:52:00
