tanggal,so2_mean,so2_max,so2_15_mean,so2_mean_DU,so2_max_DU,so2_15_mean_DU
2018-11-29,0.00014581832117161543,0.0006387722194079996,5.3490554246059656e-05,0.32680073049376596,1.4315843595262383,0.1198803556485566
2018-11-30,0.00013480389523078698,0.00038537531551945196,-1.4988061098089202e-05,0.30211574979647826,0.8636838883764197,-0.033590493129982614
2018-12-01,0.00013533657067381127,0.0010840058093892163,3.0296210364937112e-05,0.30330955536561216,2.4294196197126423,0.06789835185937881
2018-12-02,0.00017692061374325683,0.0011046438883574885,5.446961654233852e-05,0.39650563349070006,2.4756726503923856,0.12207458111386198
2018-12-03,0.0002231893320143154,0.0005065520583824255,6.3655044093641e-05,0.500200771443883,1.1352591456437728,0.14266050207046352
2018-12-04,0.00047298384930409966,0.0009628486398039291,5.783436748082261e-05,1.060027753867883,2.1578882290965757,0.1296154926796456
2018-12-05,-5.0228918596517436e-05,0.00018392033134119029,2.322128513153419e-06,-0.11257054091258506,0.41219305058530864,0.005204238317253785
2018-12-06,0.00018998216874509388,0.001203252006732429,3.4035943654113845e-06,0.42577853748306715,2.6966682348883833,0.0076279655120417246
2018-12-07,0.00023724483484906803,0.0011204691565186052,4.400007337264774e-05,0.5317012616219888,2.511139450131672,0.09861076443910949
2018-12-08,0.00010194219079688198,0.000516862447377608,3.3476090853393015e-05,0.22846774090443206,1.1583662739403262,0.07502494101608176
2018-12-09,3.180393647692489e-06,0.0013208657066187417,1.6648402364043814e-05,0.007127739223526022,2.960258178388593,0.03731156695817679
2018-12-10,0.00018169298085862932,0.0007748700483904349,5.9446229131724045e-05,0.40720122405131715,1.7366000089502232,0.13322791641856335
2018-12-13,-2.0913569007040224e-05,0.0005118287280743518,-2.412699006650134e-06,-0.0468704451801282,1.1470849539238335,-0.005407220378753948
2018-12-14,-2.8778945575314078e-05,0.0003414261534007444,-5.7320981666277895e-06,-0.06449793387611515,0.7651872236940783,-0.012846491806137872
2018-12-15,-0.0003216257221430657,8.085309660205064e-05,-8.022770186467126e-06,-0.7208114871809317,0.1812039174496858,-0.017980231403400798
2018-12-17,7.694160098357562e-05,0.0006567216279931534,2.5941866951675567e-05,0.1724376690443405,1.4718116765768559,0.0581396151187477
2018-12-18,2.021534473595853e-05,0.0006927091631936086,3.281720144141843e-05,0.04530561985499346,1.552465141091356,0.07354827101043492
2018-12-20,9.7766140288258e-05,0.0008258277213145765,4.6880146395479796e-05,0.21910858530702945,1.8508037976241634,0.10506544009422955
2018-12-21,-4.859401091851103e-05,7.33060877428587e-05,3.608402137656109e-05,-0.10890646757002101,0.1642899385449078,0.0808697045080799
2018-12-22,8.654232379952848e-05,0.0004340522853262321,1.1970702506186348e-05,0.19395432898331325,0.9727762792588851,0.026828139921739536
2018-12-24,0.0010995177095047396,0.0013594637124898063,0.0032831628344081655,2.4641841146565473,3.0467620992465294,7.35806038633386
2018-12-27,0.0009444736667821297,0.0009444736685781,0.0015987096244444432,2.11670715830877,2.116707162333809,3.582948074823664
2018-12-28,0.0021782677867294266,0.0021782677968996316,0.0010678772329343032,4.8818248502286545,4.88182487302161,2.3932730605907135
2018-12-29,7.398138853468744e-05,0.0003519238111502822,4.284332240092895e-05,0.16580338891451477,0.788714049359455,0.09601831199884192
2018-12-30,-1.4057358242422915e-05,0.0001604265435704828,-1.4768029107972138e-06,-0.03150464842500612,0.35953994812298756,-0.003309736843533176
2018-12-31,-1.0335386591378596e-05,0.000332609006347396,-1.056203467436672e-05,-0.02316315165926814,0.7454266745754666,-0.023671104010456977
2019-01-02,0.0004812936417530476,0.0027782081907305476,0.00011386083755596717,1.0786512452148427,6.226381286655767,0.2551792160885558
2019-01-03,0.0026500754795783063,0.004612780180688967,0.0009647093003362011,5.939216661056921,10.337932301951078,2.1620582484484774
2019-01-04,0.002284823188166651,0.019205046147986522,0.000853372731768033,5.120631488159691,43.041389174559995,1.9125362978019274
2019-01-05,0.0038406586145,0.018907163132192636,0.0019017711341571012,8.607492053886675,42.37378865371353,4.262154377316188
2019-01-06,0.0010237309846774978,0.003211977120182535,0.00030099045864179707,2.294334696309974,7.198522522897089,0.6745647663850636
2019-01-07,0.00012536451744713133,0.0012984231385006128,1.952148323434033e-05,0.2809606882766384,2.9099610168506485,0.043750572150641834
2019-01-08,0.00044019788970608786,0.001367899757379789,0.00012612353180672053,0.9865495005147988,3.065668541251714,0.2826617533086317
2019-01-09,4.5166101838832724e-05,0.0006364580498408492,1.4249247387667882e-05,0.10122400913609997,1.4263979584008193,0.031934700782871875
2019-01-10,-2.3489416465643508e-05,0.00030069639190942503,-8.1744417633184e-06,-0.05264330571197695,0.6739057187278079,-0.018320150157861034
2019-01-11,0.0001406824746225833,0.0005398904322646913,5.379518703049515e-05,0.3152905280004026,1.2099754422700129,0.12056308341339421
2019-01-12,4.269150160027812e-05,0.0004390969988890475,1.5688120418324488e-05,0.09567805881146331,0.9840822390601889,0.03515943107552793
2019-01-13,1.1438072629765596e-05,0.00027087331619456335,-3.4294365546627702e-06,0.025634436474199166,0.6070677325894457,-0.007685881734482468
2019-01-14,-0.0001230935746401186,0.00029313153775884166,-6.33982735614638e-06,-0.2758711648047018,0.656951745848228,-0.014208504079227462
2019-01-15,-2.8264311832083456e-05,0.0002886671501065945,-1.2679868402790112e-05,-0.06334456246247384,0.6469463834613943,-0.028417487070913062
2019-01-16,0.0002581168383006876,0.0002581168402910992,-7.66236621989333e-06,0.578478552157586,0.578478556618397,-0.017172512053713937
2019-01-17,-9.514206355427059e-05,0.0002558888225063566,-2.2172747125247073e-05,-0.21322763573465353,0.5734852345601211,-0.04969245221974748
2019-01-18,-5.4038980523147586e-05,0.0007306588169197283,-1.2048282947172364e-05,-0.12110946119945222,1.637516007539649,-0.027002009327055345
2019-01-19,0.00010365185766926973,0.0005978920424868013,1.5776208667954876e-05,0.23229936081548386,1.3399657510192948,0.03535685005618707
2019-01-20,-1.5177672855232166e-05,0.00044780656822257574,-5.391422990009422e-06,-0.03401544151950357,1.0036016903720257,-0.012082987634059617
2019-01-21,2.1003913793580767e-05,0.00034831680350099365,5.322873933790552e-06,0.047072921398483535,0.780630204166252,0.011929358916714695
2019-01-22,-5.0792292463167986e-05,3.707646969449479e-05,-5.161721949323182e-06,-0.11383314625382894,0.083093930055817,-0.01156819314672565
2019-01-23,-2.028909428504366e-05,0.000788423963549553,1.059854886580543e-05,-0.0454709036569256,1.7669763659090807,0.02375293779059984
2019-01-24,9.18674005125098e-06,0.0003829459892584935,5.8170245411777595e-06,0.020588862465861134,0.8582394038266727,0.013036824550460535
2019-01-25,4.783382353993084e-05,0.0010854458781208198,-4.798989175239494e-06,0.10720277362651601,2.432647029750475,-0.010755254590087993
2019-01-26,-6.283983223204662e-05,0.0003160337243753021,-3.111479960430367e-05,-0.1408334900068513,0.7082789813837084,-0.06973293313318517
2019-01-27,-9.509830652698699e-06,0.00024457026422865783,-8.542241618431592e-06,-0.02131295696729569,0.5481186476760566,-0.019144444803147965
2019-01-28,3.268394239023743e-06,0.0005250371177682184,-1.378839809274691e-05,0.007324961748788062,1.1766869364862427,-0.03090186838555974
2019-01-29,-0.0001593944783604262,0.00033497376583809424,-3.1190142263335455e-05,-0.35722693517746923,0.7507264553080449,-0.06990178733347426
2019-01-30,4.1842683858133435e-05,0.00015951233044290218,-3.015854345137644e-06,0.09377573092865575,0.35749105937211023,-0.006758981965605231
2019-01-31,6.0635950324842567e-05,0.00022298477953791785,1.2598936507566803e-05,0.1358942600705209,0.4997423386614046,0.028236106553933344
2019-02-01,-1.763999103176863e-05,0.0002075152583736184,7.536927923468273e-06,-0.039533865900848265,0.4650728213040349,0.01689138601568092
2019-02-02,6.563019376256711e-05,0.0004926913551494332,2.828096232464898e-05,0.1470871087509773,1.1041952305931522,0.06338187871388706
2019-02-03,7.659594296637932e-05,0.0005971854552625013,2.377504311066584e-05,0.17166299757910103,1.3383821830615548,0.05328343786746875
2019-02-04,-7.676585464330896e-05,0.0001625505722067967,-3.865127501718438e-05,-0.1720437951338519,0.3643002149012624,-0.08662330500476277
2019-02-05,9.997000031190285e-06,0.00039266102975481335,3.728506397440247e-06,0.022404776619902107,0.880012266835,0.00835614211262321
2019-02-06,-9.427352377770088e-05,0.0002405429986803227,-3.688648054771328e-05,-0.21128110781439435,0.5390929414924053,-0.08266813587950762
2019-02-07,4.271980730374188e-05,0.0005664085050180578,1.9307772923852073e-06,0.09574149613878111,1.2694064210212201,0.004327161528829108
2019-02-08,3.347363587323783e-05,0.0006021173693198122,1.2806581169658006e-05,0.07501943903730697,1.3494353422510972,0.02870146938837904
2019-02-09,-3.8201131986253685e-06,0.0003040184184034715,3.835310577581956e-06,-0.008561446695099246,0.6813508784049402,0.0085955063009478
2019-02-10,0.00011453180459438075,0.0004514661529421884,2.6170038785810513e-05,0.25668295386669643,1.0118033686663856,0.05865098242481923
2019-02-11,-0.00011459347243474155,0.0003415490085180236,-4.7353687361809213e-05,-0.256821160747121,0.7654625604401686,-0.10612671643091873
2019-02-12,-6.562221619275974e-05,0.0003063977053070324,-1.0971054374773878e-05,-0.1470692298204035,0.6866832172488557,-0.024587778512024476
2019-02-13,4.41580535777396e-05,0.0006242958318076413,9.383411829594225e-06,0.09896482177575111,1.3991406034556952,0.021029633421895098
2019-02-14,-7.523699463827831e-05,0.0005086808870261483,-1.448559896567256e-05,-0.16861739053357744,1.1400301699586524,-0.03246440012191706
2019-02-15,0.00013714844285022242,0.0008847214645733757,2.8443775178500496e-05,0.307370232693776,1.9827935103286212,0.0637467667412964
2019-02-16,-1.7085335912522295e-05,0.0007843294329021906,-5.255231877077971e-06,-0.038290800580349345,1.7577999085487446,-0.011777762921313294
2019-02-17,0.00025844771458304717,0.000307459663923132,-3.7468457998919347e-06,0.5792200955377962,0.6890632258013274,-0.008397243464427809
2019-02-18,-0.0001203182793390868,0.0006104266930059677,-3.64654834758461e-05,-0.2696513117407944,1.3680577830303244,-0.0817246182918925
2019-02-19,0.00015538249899012732,0.0016013394342736464,-4.248412819815007e-06,0.34823548761172385,3.588841873122383,-0.009521330391128404
2019-02-20,-5.9470064414772756e-05,0.00044819980453572806,4.674714961798584e-06,-0.13328133486316796,1.004482991935247,0.010476737436634898
2019-02-21,3.5738547694285136e-05,0.0004947510277066017,1.3663470653165132e-05,0.08009544616504714,1.1088112657446505,0.030621887254341038
2019-02-22,-0.00018086582665392177,0.00015702889851644452,-1.1381650307117814e-05,-0.40534744740543677,0.35192531591012965,-0.02550798558579709
2019-02-23,0.00017992913919722154,0.0005515910051856899,4.815372186831153e-05,0.4032481903118531,1.236198181271909,0.10791971376516639
2019-02-24,0.00010689732235689473,0.0005140893197197667,3.094502006019965e-05,0.23957293400015464,1.1521512788899553,0.06935243170791645
2019-02-25,-9.21739593379752e-06,0.0004100919468328717,-3.7377361963136193e-06,-0.02065756689703031,0.9190775666444905,-0.008376827476368268
2019-02-26,-9.537047166642599e-05,0.0003371073349736068,-3.158407661903662e-05,-0.2137395325752106,0.7555081037760989,-0.07078465331475392
2019-02-27,-0.0002173730483070819,0.00030212317729073917,-2.823632938441551e-05,-0.4871656072134166,0.6771033587851402,-0.06328184959988283
2019-02-28,-0.0003446743328911019,0.0002362984695926932,-1.6623799466931692e-05,-0.7724668811588931,0.5295803151276643,-0.03725642817531396
2019-03-02,-0.00018978244766561507,0.0006055263802409705,-5.3286807117076125e-06,-0.42533093258579324,1.3570754470770512,-0.011942372777043516
2019-03-04,-8.892796633216962e-05,0.00047054847151354825,-2.5583448945284067e-05,-0.19930091174534195,1.0545697069325888,-0.05733634660372339
2019-03-05,-0.00010204817851900943,0.0001890306740323233,-2.6435969195910326e-05,-0.22870527528787798,0.4236460951075414,-0.05924697236341443
2019-03-08,-8.289315590560758e-05,0.0005822044579840308,-1.75709381024834e-05,-0.18577599635785244,1.3048075210109107,-0.039379107928380674
2019-03-09,-0.00011768168033139484,0.0002451194091049148,-3.7959160223965464e-05,-0.26374229787470554,0.5493493637154798,-0.0850721719359402
2019-03-10,-3.182731608951848e-05,0.00018768565036611246,1.0423473199495652e-05,-0.07132978945402434,0.420631695318013,0.02336056696104968
2019-03-13,-5.950274123018567e-05,0.0003695543157836199,-1.7216755901841303e-05,-0.13335456850803062,0.8282266548184598,-0.038585332489411636
2019-03-14,-0.00015946473447628012,0.0003445625453804316,-3.140248493163403e-05,-0.3573843896715152,0.7722163485793543,-0.0703776791045316
2019-03-15,-9.886053001312422e-05,0.00014813721947106167,-5.862166577430359e-05,-0.22156127683891336,0.3319977294175699,-0.13137994625008048
2019-03-16,-1.410847004794309e-05,0.00011005420001110147,-2.020241741931412e-05,-0.031619197647947656,0.24664797035488006,-0.04527664779929584
2019-03-17,8.303491760730816e-05,0.00036150082468156393,2.1445533231929422e-05,0.1860937055956187,0.810177573235087,0.04806265680273863
2019-03-20,-4.204225912164938e-05,0.00021889710700138238,-1.3755917797128225e-05,-0.0942230090304845,0.49058125135614816,-0.030829075171033924
2019-03-22,-9.714524736895032e-06,0.0003212099355072698,-1.3635133303765974e-05,-0.021771707114092303,0.7198796469621177,-0.030558379003735113
2019-03-23,3.714455615934302e-05,0.000584259745664946,1.442579789125652e-06,0.08324652203651162,1.3094137289969938,0.0032330376943989552
2019-03-24,-4.5921429354419344e-05,0.000338658994182,-1.4569932996498147e-05,-0.10291681139765692,0.7589856048109893,-0.032653405335101825
2019-03-25,-9.475570870035356e-06,0.00033248529134172715,6.03631309658847e-06,-0.02123617565537974,0.7451494106905119,0.013528283096419251
2019-03-26,-8.14963379202569e-05,0.00018956650808625268,-3.164721137155354e-05,-0.18264551772998378,0.4248469795975052,-0.07092614776535722
2019-03-27,2.872630698486079e-05,0.0003862856790252172,7.857979171538506e-06,0.06437996289912076,0.8657241495473655,0.017610910020293524
2019-03-29,-4.300771686217404e-05,0.00034603277844315767,-1.7029331761237774e-05,-0.09638674464566135,0.7755113614078828,-0.03816528687669804
2019-03-30,-5.992142899028358e-06,0.0007096157618646766,-2.1210512970803997e-06,-0.013429291058157405,1.5903553647030202,-0.004753594114451738
2019-03-31,1.895639459233582e-05,0.0006116526741134798,9.58279695424297e-06,0.04248412374061342,1.3708053905894253,0.021476485394001633
2019-04-01,8.826748998235782e-05,0.00047340345216473307,3.7688349365008964e-05,0.19782068517396123,1.0609681468189915,0.08446524417938985
2019-04-02,4.6792634954378384e-05,0.0006360692204908096,1.840022390707389e-05,0.10486931382800511,1.425526533502978,0.04123766180933865
2019-04-03,4.506263510941431e-05,0.0008385364393313948,1.290710767335467e-05,0.10099212467546388,1.8792859410075555,0.02892676436213882
2019-04-04,2.3757348405769204e-05,0.00041966236208690035,9.369119015426655e-06,0.053243781379589655,0.9405263027910568,0.02099760108142345
2019-04-05,3.066528418334335e-05,0.00044244486728187355,1.1093783167016192e-05,0.06872550164749996,0.991585314308771,0.02486283214475834
2019-04-06,5.688591766892316e-05,0.0006274738616231299,2.042560342759659e-05,0.12748987438370715,1.4062630449766775,0.045776841121758095
2019-04-07,3.192887110357245e-05,0.00028909568617825545,-4.552413961670095e-06,0.0715573894737714,0.6479067970783973,-0.010202642550196935
2019-04-08,0.00027906079609343144,0.0017206814372914615,8.553099249500834e-05,0.6254171031647939,3.856305203185759,0.19168778383018795
2019-04-09,-0.00022293443958243837,0.0002853999302248938,2.9031382626621874e-06,-0.4996295192701818,0.6396240536235207,0.006506368317365362
2019-04-10,-1.4805342956822605e-05,0.00026870470906178187,-5.673918093743478e-06,-0.03318099436768299,0.6022075587138125,-0.012716101535793197
2019-04-11,-4.2762484133745986e-05,0.00022604300890727817,-1.302247047290176e-05,-0.09583714131634483,0.5065962894125465,-0.02918530970034378
2019-04-12,2.0059638771133795e-05,0.00045137780575184495,1.0152245643566106e-05,0.044956659431926504,1.0116053693607474,0.02275270532407818
2019-04-13,-6.451287196099719e-05,0.0006214387831278692,-2.8371411577487132e-05,-0.14458302299538886,1.392737528807024,-0.06358458905688529
2019-04-14,8.811685800166762e-05,0.0011863453546540716,2.7560217795204754e-05,0.1974830963104374,2.658777891582973,0.06176658211172314
2019-04-16,-2.57688960485605e-05,0.00031202833407990247,-1.2899265111751912e-05,-0.057751961379231366,0.6993023009231735,-0.0289091880052028
2019-04-17,0.0003489463337403847,0.0015287575599366708,8.273487275068354e-05,0.7820410758622632,3.4261750054520697,0.18542126006519444
2019-04-18,0.00013991690783305254,0.001104237628169038,1.3787514964792356e-05,0.31357477799004574,2.4747621603710397,0.03089988916334439
2019-04-19,-1.520418744034667e-05,0.001112434326035633,-1.0098647701305583e-05,-0.03407486468193294,2.493132189794759,-0.022632584295781008
2019-04-20,0.00020592565164381977,0.0009981256378226383,3.017669185175031e-05,0.4615102741815467,2.236949273206206,0.06763049294355021
2019-04-21,0.00014990390295724435,0.0004966173529900474,-1.3597220304388558e-05,0.3359571321126282,1.1129939806536449,-0.030473410285180417
2019-04-22,0.0001358300239964684,0.0007105413878942105,3.4282619370242406e-05,0.30441545827968514,1.59242983147911,0.07683249240161877
2019-04-23,8.343027810541274e-06,0.0009146158162179611,-1.8285760787566312e-05,0.018697976777594577,2.0497912365168838,-0.04098113278905424
2019-04-24,0.0006017727770556159,0.003148301987736889,2.5815705799991906e-05,1.3486630592981936,7.055816999816528,0.057856869053651866
2019-04-25,7.196031028890664e-05,0.0010966142872350063,1.441416535943238e-05,0.16127384940398312,2.4576771098367343,0.03230430669529188
2019-04-26,4.5515885870395635e-05,0.00036730523854677457,2.3170618131835542e-05,0.10200792761843719,0.8231861353691039,0.05192883082616323
2019-04-28,5.958962521166477e-05,0.0005636289607231854,1.8209340909469472e-05,0.1335492885431225,1.263177045324767,0.04080986437925751
2019-04-30,3.2247715943973036e-05,0.0004076435609237097,-2.283843011161949e-06,0.07227196858783518,0.913590366564172,-0.005118434764465602
2019-05-01,-6.830567948711184e-05,0.00022164708337154686,-2.000342526523621e-05,-0.15308327358254073,0.4967443608981423,-0.044830676533184136
2019-05-02,-2.1736367598668928e-06,0.00025997087862727444,2.1526131552271585e-06,-0.004871446024375687,0.5826337346355162,0.004824328972837346
2019-05-03,-1.2888337194523737e-06,0.0004250414079836045,-2.676974712714317e-06,-0.0028884696903506875,0.9525815515024553,-0.005999501877399692
2019-05-04,0.00010025056339076697,0.0005061250150246687,2.822116898228756e-05,0.22467655014321739,1.1343020774225363,0.06324787286465376
2019-05-05,-8.309520227478076e-06,0.00037092389272895884,-5.395286523155272e-06,-0.01862288125781249,0.8312960821895061,-0.01209164639136944
2019-05-06,-8.067572154615745e-06,0.00048220501990759313,-5.931469636296481e-06,-0.018080639334317077,1.0806937803659025,-0.01329331317538586
2019-05-07,0.00014300735185807497,0.0008894667931669904,3.809142009962939e-05,0.32050092661672475,1.9934285035062007,0.08536858615628441
2019-05-08,0.00015722097212855695,0.0004924310159719113,5.316696895863688e-05,0.3523557816859154,1.103611771445449,0.11915515248164904
2019-05-09,-1.718494468525876e-05,0.00027390467585057754,-7.367191648515125e-06,-0.03851403878136767,0.6138614642825219,-0.016510981563069675
2019-05-10,-2.3629910538942873e-05,0.0008248310546510347,-4.7076438907172855e-06,-0.05295817400435182,1.8485701181311665,-0.010550536105681045
2019-05-11,1.899053304409326e-05,0.0006029363577322978,-9.766634315061128e-08,0.04256063313176961,1.3512708181317392,-0.0002188849249519925
2019-05-12,6.408626108106638e-05,0.0005182399399450872,1.461404998122184e-05,0.14362692402183191,1.1614534414079323,0.032752278115415326
2019-05-13,0.0001134657832738552,0.0005353549258152935,2.7377254375415157e-05,0.2542938401842006,1.199810691990945,0.061356533643461685
2019-05-14,0.00026421132787354486,0.0008045435533859365,4.368735926971634e-05,0.5921372174637951,1.8031027846708916,0.09790992522732479
2019-05-16,0.0001920019199590312,0.0009403409203515858,3.897045977830865e-05,0.4303051029161828,2.1074450536459564,0.08733864593215643
2019-05-17,0.00010988757065089005,0.0006875012493264736,3.189476768495791e-05,0.24627452896424226,1.5407934249280264,0.07148095859714343
2019-05-18,0.0004472788724537221,0.0013617982746798936,0.00011138494003475841,1.0024190449996593,3.0519942032988436,0.24963035835889882
2019-05-19,0.00019615461430456672,0.0007608445702484958,6.432985992670707e-05,0.4396119138486797,1.7051668086124163,0.14417286557473957
2019-05-20,2.6380539414348337e-05,0.00048453049571139885,1.964660914101171e-05,0.05912274590846678,1.0859055204636017,0.0440309980763784
2019-05-21,0.00011803535754331225,0.0005883668058184167,3.478255043257587e-05,0.26453494155819424,1.3186182668599447,0.07795291290196742
2019-05-22,0.00010290656278758487,0.0005531359685083632,2.7725843316012935e-05,0.23062904319139582,1.2396606758225182,0.06213777374768239
2019-05-23,0.00018374736896215236,0.0006078725355169835,6.302153834775254e-05,0.4118054159495278,1.3623335329738875,0.14124072066806562
2019-05-24,0.00012141119864523667,0.0005254696317269208,3.7175503087138316e-05,0.27210070784377216,1.1776562651447886,0.08331587874374004
2019-05-25,0.00017440356362891533,0.0005505080785755071,5.3176592688526066e-05,0.3908645466269436,1.2337711802994977,0.1191767207038902
2019-05-26,-2.8097238239061534e-06,0.0007507491040870939,-8.228843842670998e-06,-0.006297012547947276,1.6825413546247905,-0.01844207337800211
2019-05-27,0.00019708404047224417,0.0012682756753385998,4.826658892548296e-05,0.44169489730437,2.842396029785103,0.10817266577034614
2019-05-28,0.00022114242900006937,0.0009059194644347402,5.881989393102043e-05,0.4956133547535055,2.030301407717918,0.13182420528350644
2019-05-29,0.0001830845290250391,0.00061943163174389,4.971452350839551e-05,0.4103198922244664,1.388239201482819,0.1114177043608406
2019-05-30,0.0002762857157172775,0.000999083862596436,6.10811080782401e-05,0.6191977317797766,2.2390967986580024,0.1368919253695478
2019-05-31,0.00039369824081397564,0.0016788821667428672,4.2853315919701435e-05,0.8823368124002415,3.7626267679957768,0.09604070897343887
2019-06-01,0.00024932135381047364,0.0011582549758373363,4.716403677818488e-05,0.558766552092343,2.5958231390978463,0.10570168102542904
2019-06-02,0.00040016166733879165,0.0010330728184939602,5.443837659194009e-05,0.896822320756333,2.315271147167739,0.12200456769902654
2019-06-04,0.00017965064912553924,0.0009349528625448966,3.2845595348287035e-05,0.40262405228770226,2.0953696078924953,0.07361190601481349
2019-06-05,0.00017147513246271276,0.0014473271859767297,2.3129777853945323e-05,0.38430149311880873,3.243677322851748,0.05183730163736956
2019-06-06,0.0001369257436917006,0.0008237453846694735,2.976288635999747e-05,0.3068711304746548,1.8461369688519906,0.06670309276570834
2019-06-07,-9.20942714355936e-05,0.0004800684747010312,-1.1539126703965004e-05,-0.2063970764278806,1.075905462076216,-0.025860913812591167
2019-06-08,6.461147671135543e-05,0.0005691397530163443,-6.725528968480597e-06,0.14480401103165422,1.2755275574725802,-0.01507291924771029
2019-06-09,0.0002504029029742567,0.0008002720077516781,8.617829697716385e-05,0.5611904660007555,1.7935296101726734,0.19313849027037078
2019-06-10,0.00023151361267988434,0.0008562973816877992,6.276892309011186e-05,0.5188567330575228,1.9190908769696113,0.1406745719834042
2019-06-11,0.00014967267032570776,0.0009927102364600579,2.4485142946084186e-05,0.3354389051004599,2.224812546442459,0.054874878113616576
2019-06-12,0.0003109509471731341,0.0009991840507858581,7.656477960223434e-05,0.6968877152570695,2.239321335418726,0.1715931558055475
2019-06-13,0.00014776023695219027,0.0008481541228766604,2.4872742484932357e-05,0.33115285504540126,1.9008406124850274,0.055743546820106155
2019-06-14,0.00028810133048174145,0.0006536149875554423,8.198105001987565e-05,0.6456782968091549,1.4648492293598796,0.18373183025204431
2019-06-15,0.00015874548397353186,0.0008777994161255458,3.372546780671819e-05,0.3557724414072809,1.967280161449767,0.07558383217502647
2019-06-17,0.00026427193103358926,0.001059220056049266,5.111572425222029e-05,0.5922730382359286,2.3738710286148126,0.11455800540786351
2019-06-18,0.0002080273983479568,0.0009772475014415327,5.109409147571405e-05,0.46622060380752345,2.190158237855691,0.11450952311079655
2019-06-19,0.00019892555349084454,0.0009008992347255029,5.828911042281373e-05,0.44582200420600626,2.0190503199050607,0.130634639824089
2019-06-20,0.00017003060349499437,0.0008618196581802772,3.771766973361027e-05,0.38106408702280664,1.9314671269307284,0.08453095552348067
2019-06-21,0.00012794500229330684,0.0010108913841969296,1.8305901205923498e-05,0.28674394188964464,2.265559225692949,0.04102627048765545
2019-06-22,0.0001750553605724502,0.0011957866304061044,1.597599040068538e-05,0.3923253213469468,2.6799372067346408,0.03580459088649604
2019-06-23,0.00012836060372839095,0.0005953912857714777,3.552925531139492e-05,0.2876753670458834,1.3343611801067472,0.07962639054113273
2019-06-24,0.00027237443632626107,0.0012343453889199108,7.404859272877603e-05,0.6104319679726,2.7663531683778584,0.16595400359409643
2019-06-25,0.0003442133641986784,0.0013715995094704064,8.246621421736468e-05,0.7714337811738681,3.0739602406496016,0.18481915599324686
2019-06-26,0.00035419351979044104,0.001035123674873002,6.809812126793006e-05,0.793800806878347,2.319867423941629,0.15261810447962146
2019-06-27,2.2830214539726282e-05,0.0013706813634654853,-1.054316807879174e-05,0.05116593531570756,3.0719025377306726,-0.02362882113978411
2019-06-28,0.00013971331864239193,0.0006859790054994536,3.8977829530686623e-05,0.31311850407539665,1.5373818481751005,0.08735516265269833
2019-06-29,0.0002700617025497367,0.0008104912705604839,6.574520265205398e-05,0.6052487846693424,1.8164325110166286,0.1473448609236508
2019-06-30,0.00010453110965288926,0.0006388507474760336,3.292285646816749e-05,0.23426989639857276,1.4317603527059128,0.07378505977363357
2019-07-01,0.0004875388696532197,0.0012951687549720096,9.799204472023748e-05,1.0926477377233135,2.902667455205519,0.21961487102476024
2019-07-02,0.0006697851122249909,0.0023613156304896515,7.885670625783369e-05,1.5010889042630384,5.2920625252718825,0.176729707229744
2019-07-03,0.0003772927042579901,0.0008819043869151532,8.246904572820334e-05,0.8455695441477945,1.9764800167348957,0.18482550183376292
2019-07-04,0.00033616531459170417,0.0010146560867735294,8.62714087199858e-05,0.7533968947971978,2.2739964888724957,0.19334716765279616
2019-07-05,0.00011054793016197417,0.0006996463438201378,1.943460027148029e-05,0.24775449368250843,1.5680124034525018,0.04355585439842805
2019-07-06,0.000272875971828098,0.0008543273903843635,6.210913345893261e-05,0.6115559842625418,1.9146758309599163,0.1391958844514868
2019-07-07,0.00010619270277995747,0.0009399562841280087,1.5669201180506097e-05,0.23799377583530168,2.1065830261734866,0.035117030225691244
2019-07-08,0.00014800593614696717,0.0009914618339613328,3.0197071866376605e-05,0.3317035037957755,2.222014689182441,0.06767616761332992
2019-07-09,0.00016590656893045617,0.0004926185543856722,5.46798554660753e-05,0.37182150695849187,1.1040320731614495,0.12254575807779466
2019-07-10,0.00035738030994462603,0.001008264024596971,8.440081123820551e-05,0.8009428816323987,2.2596709187255017,0.18915487810650428
2019-07-11,0.0005133848798754718,0.002529395854660576,0.00012860616967013089,1.1505725235329138,5.66875551967255,0.28822571715621387
2019-07-12,0.00020762682670577784,0.0008969170245883552,4.350443420458116e-05,0.465322862671654,2.0101255896561923,0.09749996271759707
2019-07-13,0.00019001680955374288,0.0016526255226127988,-1.0886391023223607e-05,0.4258561727313709,3.703781690003674,-0.024398035241697587
2019-07-14,0.0002529625557144866,0.00108744061760478,5.107536091197788e-05,0.5669270317395216,2.437117540144953,0.11446754510787922
2019-07-15,0.00018482251451754458,0.000573193856387895,5.9219382625111794e-05,0.414214978410995,1.2846134112437309,0.1327195193702693
2019-07-16,6.998472271613147e-05,0.0006478832143104557,1.807361266065952e-05,0.15684626131525806,1.4520034657518779,0.04050567701443709
2019-07-17,0.0004687238133892469,0.0016875176224860084,8.19149165717627e-05,1.0504803743773108,3.7819801196345177,0.183583615274806
2019-07-18,0.0006518897623502161,0.002337962156162014,6.679174133625962e-05,1.4609827408911868,5.239723886282499,0.14969031109575826
2019-07-19,5.3101415358927833e-05,0.0004922200488912416,-1.3336314552048336e-05,0.11900823703166112,1.103138962572606,-0.02988868135832313
2019-07-20,0.00020172112011617108,0.0007025973619831011,4.5122928823574e-05,0.4520872883483568,1.574626077808427,0.10112725193295288
2019-07-21,0.00017500458482621773,0.0007502666710650323,4.298336795986439e-05,0.3922115252832779,1.6814601498573971,0.09633217510325008
2019-07-22,0.00028692356375263324,0.0010480347124303382,7.314813206769276e-05,0.643038744904214,2.348802995763253,0.16393593618350963
2019-07-23,8.807525171168973e-05,0.0014734445892277714,4.8999763636710276e-06,0.19738985037365345,3.30221034114782,0.010981582027441324
2019-07-24,0.0003128672360852093,0.0009964023483918602,5.4559449530218006e-05,0.7011824061523668,2.2330871230984175,0.12227591031464809
2019-07-25,0.0003097984472579421,0.0008435516874552114,7.03123366537986e-05,0.694304790072137,1.890525864340247,0.15758049329166074
2019-07-26,0.0002672188160727446,0.0012817037089573077,6.504336625861081e-05,0.5988774496414315,2.8724902673296704,0.14577194029048562
2019-07-27,0.0002686250107402747,0.0008685145806255368,6.012245899352357e-05,0.6020289428205666,1.946471452368922,0.13474344897333537
2019-07-28,0.00023429985416851293,0.0009454561442897255,6.189853503622123e-05,0.5251011181697628,2.1189090377749182,0.1387239017964272
2019-07-29,0.00010875131386007481,0.0018667363736512566,1.9526272250246302e-05,0.2437280070575067,4.183636223808514,0.0437613050536395
2019-07-30,0.00013477775116908916,0.0008382775709694469,1.5861019182887293e-05,0.30205715703260416,1.878705778178176,0.03554692314172786
2019-07-31,0.00022032152371815635,0.0016054345286337843,5.9305721254314766e-05,0.49377358288094614,3.5980195938476056,0.13291301718910753
2019-08-01,0.0003379538652407327,0.0016022231963561653,8.873553279624026e-05,0.7574053050842681,3.59082251651362,0.19886963932629387
2019-08-02,0.00023221768675450122,0.0008750880126518513,4.773378003501202e-05,0.5204346686698504,1.9612034995546967,0.10697856112546719
2019-08-03,-1.5553751087756055e-05,0.0009229772840627349,1.8719596032510292e-05,-0.034858289250324484,2.0685305401771985,0.04195342264826044
2019-08-04,0.0002676327462842373,0.0008019290441075463,4.2783036070725833e-05,0.5998051293349184,1.7972432772016276,0.09588320128990721
2019-08-05,0.00013646672065022135,0.0007637059343929496,3.282287786274832e-05,0.3058423909852436,1.711579554864759,0.0735609927220984
2019-08-06,0.00013741112127496218,0.0010974729649858858,3.1786500513869795e-05,0.30795893444538147,2.459601535478118,0.07123831562665929
2019-08-07,0.0004256558650440864,0.0012907569139910305,8.48463898440814e-05,0.9539586419435542,2.892779857790998,0.19015348659906303
2019-08-08,0.0005005275881942931,0.0022856816434438515,4.132040616769183e-05,1.12175740428164,5.122555415204188,0.09260522828272255
2019-08-09,0.00026361325500998996,0.0018989304407377827,2.9809428020443126e-05,0.590796846465639,4.255787957259482,0.06680739960801611
2019-08-10,0.0004199298296225489,0.0015534527370791606,8.081851531705006e-05,0.9411257376585755,3.481520601704961,0.18112641560280673
2019-08-11,0.0002942096730328023,0.0011798668980914247,8.248299982634643e-05,0.6593680087174649,2.6442586986575964,0.1848567750608163
2019-08-12,0.00046612899335143166,0.0019290363931450142,0.00011064040679535303,1.044664993449561,4.323259912496948,0.24796174768940546
2019-08-13,0.00037312455551381487,0.0011800902057517207,7.895542582902596e-05,0.8362280975897862,2.644759164620469,0.17695095259672156
2019-08-14,0.0004923123768553322,0.001805572277349105,6.301626834684363e-05,1.1033458833893277,4.046558309380947,0.1412289098055286
2019-08-15,6.933360983212642e-05,0.0007605424795871856,1.692488584638492e-05,0.15538701967527013,1.7044897781268211,0.037931207914625564
2019-08-16,0.0002582780916806924,0.0019574834309467474,7.681969151152526e-05,0.5788399451701838,4.387013991266303,0.17216445163105484
2019-08-17,0.00040362116089238113,0.0016130376393393149,0.00011130147773374038,0.90457556473396,3.6150593054053055,0.24944330682297228
2019-08-18,0.00041267085071316253,0.0014162744428021373,7.803948470736378e-05,0.9248572770758042,3.1740834674860103,0.17489819115190836
2019-08-19,0.00047959435165239353,0.001916168917370312,7.223407891794709e-05,1.0748428812057618,4.294421969164475,0.1618874059669571
2019-08-20,0.00019989707335686031,0.0009466474373143457,3.2116083991949194e-05,0.4479993259537275,2.1215789041370456,0.07197696163855694
2019-08-21,0.00016227061115091,0.0009392091566159004,4.335829888350094e-05,0.36367278018086197,2.104908601349725,0.09717245154275812
2019-08-22,0.00025202398045629003,0.0009706548653051644,8.186821345023773e-05,0.5648235437996144,2.175383151378669,0.1834789465740003
2019-08-23,0.0004606126726449751,0.0013204217849337742,0.00012965818942618025,1.0323020912982859,2.9592632833043284,0.29058345123248386
2019-08-24,0.0004383664983274955,0.0018875691973920948,8.456806642801555e-05,0.9824450777266667,4.230325706735293,0.18952972207514707
2019-08-25,0.00010053057864887758,0.0009691876593259465,1.603170196240421e-05,0.225304106338932,2.1720949226983453,0.035929448853042195
2019-08-26,4.113551964614828e-06,0.0007672588404841461,2.7193001886952744e-05,0.009219086985496523,1.719542150351044,0.06094359617894415
2019-08-27,0.00023033872667072068,0.0010477254238305126,6.088937422381873e-05,0.5162236372780857,2.3481098336177535,0.13646222104171135
2019-08-28,0.00020072422256401566,0.0015169650022801074,6.898003318117319e-05,0.4498530913993437,3.3997461148600627,0.1545946013639863
2019-08-29,0.0005791623440922844,0.0017340578177079962,9.53179575680591e-05,1.2979896874624233,3.8862836781562757,0.21362184060365566
2019-08-30,0.0004526340651824083,0.002772855884818977,3.8019323767046264e-05,1.0144208351835544,6.214385966262051,0.08520700746051574
2019-08-31,0.00015697625960965503,0.0009515683480373883,2.9852632540063074e-05,0.35180734422417836,2.132607403203993,0.06690422741716236
2019-09-01,9.793751544780988e-05,0.0011491530615657794,2.647271289169529e-05,0.2194926627458591,2.5754243839281465,0.05932932049722291
2019-09-02,0.00045340831683176604,0.001662996507174836,0.00011186713941819505,1.0161560492675126,3.7270246220548837,0.25071103950708784
2019-09-03,0.00040842843305347596,0.001287711432645478,8.985688793308418e-05,0.9153493827377976,2.885954477273413,0.20138276439123162
2019-09-04,0.0003884568434862473,0.002366702313507135,2.5419848892146544e-05,0.8705900547792031,5.304134889916515,0.056969694344634225
2019-09-05,1.440252636310008e-06,0.0006725096513473926,7.773648501848579e-07,0.003227822195866175,1.5071950051172092,0.0017421912339917944
2019-09-06,0.00036756493745556247,0.0021912401604753597,7.628962638820772e-05,0.8237681595785339,4.910897885649352,0.17097649617993174
2019-09-07,0.00047180980631467893,0.0023958465872118274,9.612414564672796e-05,1.0573965474221427,5.369451578929787,0.21542862901616436
2019-09-08,0.00044406198834524217,0.001601448538559191,9.431262013994767e-05,0.9952095251799395,3.5890863921919314,0.21136872862664371
2019-09-09,0.00022032906836406607,0.0008826133309715344,3.384339667870976e-05,0.4937904915641267,1.9780688667068544,0.07584812846649037
2019-09-10,0.00030525712617003744,0.001055602263336017,5.547639182931886e-05,0.6841270083159794,2.3657630124755147,0.12433091554827796
2019-09-11,0.00018052275229377495,0.0023992081541634675,3.700931733227756e-05,0.4045785663031938,5.376985354703455,0.08294343153923385
2019-09-12,0.00035924217587646363,0.0011959148627501532,8.519426294659843e-05,0.8051156024655365,2.680224594652506,0.19093312240276908
2019-09-13,0.0006195377652723011,0.0016673824349381534,0.00015399562855920946,1.3884770626400178,3.7368541440616427,0.3451273029454723
2019-09-14,0.0001394123065154686,0.0006470458481528472,3.246686420355611e-05,0.31244389074714246,1.4501268025877534,0.07276311270979978
2019-09-15,0.0006008387767784311,0.0031040074006065867,6.322661411962333e-05,1.3465698245769808,6.956546185869452,0.14170032623419382
2019-09-16,-8.040813871087198e-05,0.001047430976291621,-1.635568988773964e-05,-0.18020670007187073,2.3474499325159663,-0.036655554391907694
2019-09-17,-0.00010717997775295057,0.0006452343658966587,-2.9130831321549974e-05,-0.24020640714102517,1.4460669991292967,-0.06528656261629173
2019-09-18,0.00014859928803412264,0.0006161086894766678,5.585599051388239e-05,0.333033294377674,1.380791989420634,0.12518165314018753
2019-09-19,0.00028638201763263733,0.0009961742216196637,7.367158309297175e-05,0.6418250588173852,2.2325758567829093,0.16510906844881365
2019-09-20,0.00027059256297830124,0.0007979845762760323,4.552917431949418e-05,0.6064385225188198,1.7884031331210297,0.10203770902613439
2019-09-21,-3.689646068936889e-05,0.0008411027461613875,-1.3881215737833708e-05,-0.0826905028739791,1.8850374195595936,-0.031109886650846016
2019-09-22,-0.00018064019159585835,0.0003615652411582104,-4.3524642776946346e-05,-0.40484176539505795,0.8103219402217233,-0.09754525315955331
2019-09-23,-0.0001787422539313923,0.00019695833188285614,-5.8036279236118546e-05,-0.40058820239833987,0.44141316549926307,-0.1300680072100271
2019-09-24,-1.6972620902768907e-05,0.00033307937605833054,-9.172656153084389e-06,-0.038038189336240535,0.7464808436531275,-0.02055729833748508
2019-09-25,0.00022349123226833153,0.0010060301012585553,4.8015482384227784e-05,0.5008773751981712,2.254664361435611,0.1076098983454121
2019-09-26,0.0001334953830716062,0.0008039292192801524,1.0693509896509234e-05,0.29918317777093023,1.8017259697897137,0.023965759704561673
2019-09-27,-3.2468959919390694e-05,0.0005859451685534746,-5.288331389103627e-06,-0.07276780952334246,1.3131910145036196,-0.011851943892689594
2019-09-28,-8.708782868311382e-05,0.0003677633564374268,-2.5809207153838116e-05,-0.19517688725316054,0.8242128462797391,-0.057842304612824295
2019-09-29,0.00015601748906672795,0.0008080338629424197,5.3342962575512914e-05,0.34965859562189733,1.810925091933404,0.11954958057611077
2019-09-30,0.00014882271289214043,0.000814340414666136,3.120519826520241e-05,0.33353402299822055,1.825059020329011,0.06993553009205838
2019-10-01,0.0005152698680736862,0.0016230968607296797,6.726074204035421e-05,1.1547970648333419,3.6376035294243216,0.15074141202373986
2019-10-02,-4.050952124368646e-06,0.00046292631283653246,7.581509631957902e-06,-0.00907879135352879,1.0374873060135947,0.016991300311662454
2019-10-03,-0.00015945320699534572,0.0003593097161717201,-5.059477499769822e-05,-0.3573585548576191,0.8052669703982506,-0.11339047998609138
2019-10-04,0.00011975397966274434,0.0008178843553813488,4.0514874875801096e-05,0.2683866315211595,1.8330015230629098,0.09079991182790163
2019-10-05,0.00029090459501821735,0.0006498276579713835,7.964305148900933e-05,0.6519608331250778,1.4563612556625662,0.17849202484459326
2019-10-06,0.0002984584080050542,0.00208540213207482,2.859036830230398e-05,0.6688900611005273,4.673698988299483,0.06407530392070857
2019-10-07,-1.9911071757568e-05,0.0005464785446674154,-3.213216917867504e-06,-0.044623698469473526,1.224740390381378,-0.007201301095478756
2019-10-08,2.2234651834730507e-05,0.0005456913353829574,6.936617335933022e-06,0.049831189959406275,1.222976136293515,0.015545999942426293
2019-10-09,0.00010823355214655765,0.0007195539524129396,3.571819673944439e-05,0.24256762539325769,1.6126283404502597,0.0800498366226058
2019-10-10,0.00015814881054705988,0.0006155100153902081,4.557421525734979e-05,0.35443520675754325,1.3794502709917649,0.10213865252400949
2019-10-11,4.232358629720605e-05,0.0008605368137269675,2.128227374966405e-05,0.09485350542998335,1.9285920800841934,0.04769676781405959
2019-10-12,8.329945438368121e-05,0.0008563853334633017,1.3004255106227839e-05,0.18668657219198714,1.9192879900912785,0.029144486331322522
2019-10-13,0.00025152515586815275,0.0012762821516924903,3.945600141149658e-05,0.5637056030739106,2.860339744265625,0.08842681756337556
2019-10-14,0.00012206807616636587,0.0009409616339633416,3.308163921722593e-05,0.2735728689002509,2.108836165956943,0.0741409157316859
2019-10-15,0.0002685033196606037,0.0010591120607703279,6.873011675189429e-05,0.6017562148573621,2.3736289949954203,0.1540345011585079
2019-10-16,0.0002441560288734392,0.0006978164305794612,5.539603593134003e-05,0.5471902841097083,1.5639112933931594,0.12415082592752272
2019-10-17,0.0005746118138174299,0.0019138175073541452,8.42127067116704e-05,1.287791266536933,4.289152106606743,0.1887333076468601
2019-10-18,0.000312926519842046,0.0025395479296738705,8.967050250295452e-05,0.7013152699440014,5.691507842588595,0.20096504668449652
2019-10-19,3.625389469848462e-05,0.0005355325971979535,1.2212977938981284e-05,0.0812504161035088,1.2002088802101936,0.027371115507947907
2019-10-20,9.643000826467011e-05,0.0005235157891511015,3.897773140380912e-05,0.21611411302236544,1.1732774108559911,0.08735494273564683
2019-10-21,2.685096668159227e-05,0.0007697186901888898,2.8587699841873705e-06,0.060177043978450515,1.7250550425168305,0.0064069323500615255
2019-10-22,0.0004132205838869811,0.002533723073654576,4.231678391966264e-05,0.9260893115783077,5.678453466520953,0.09483826028155193
2019-10-23,0.00012339782300620157,0.000864227179306459,2.4657067954632106e-05,0.2765530310303487,1.9368627429026706,0.05526018784652375
2019-10-24,-8.998063355885075e-06,0.0005233619085518146,-2.9010952490265956e-06,-0.02016600969004184,1.1729325413508993,-0.006501789617355955
2019-10-25,0.00011292655222130552,0.0006606677008632437,3.214641471128966e-05,0.25308534251077885,1.4806554177896587,0.07204493733020682
2019-10-26,0.0002776507237160252,0.0008055780594239203,7.844332866561987e-05,0.6222569194561699,1.805421267877919,0.175803266038954
2019-10-27,0.00038041815050814603,0.0010956069575989616,3.7652293590214014e-05,0.8525741380113315,2.455419533022913,0.08438443777970814
2019-10-28,1.6290812260984837e-05,0.001224685812961576,-1.46770358955089e-05,0.03651015389870617,2.744704609718836,-0.03289343899721977
2019-10-29,0.00013534978977656407,0.001380775062380574,2.3174434538292412e-05,0.30333918135774657,3.0945240310542235,0.05193738396549404
2019-10-30,0.0001048810618811345,0.0005676702330143391,3.2616407058735366e-05,0.23505419183490459,1.272234142720086,0.07309826067968477
2019-10-31,-0.0001682097431920313,0.00040363168142147084,-4.869472333773445e-05,-0.37698326595482096,0.9045991428177295,-0.10913217920836356
2019-11-01,2.8317114572483316e-05,0.0004528700364017671,1.2069255030667672e-05,0.06346290132412098,1.0149496820818205,0.027049010911980854
2019-11-02,0.0001516731473881183,0.001122995396144787,3.6320267544892224e-05,0.33992227426888133,2.5168011320698893,0.0813991676082352
2019-11-03,-7.39670152016009e-05,0.00036179051913743954,-2.4492352354615973e-05,-0.16577117611906786,0.8108268219648727,-0.05489103547954759
2019-11-04,-0.00010565287784747587,0.0004715261186325277,-3.465185898911323e-05,-0.23678394718787057,1.0567607607732894,-0.07766001377345111
2019-11-05,9.749891898756215e-05,0.000528754788746372,3.882920991193143e-05,0.21850970228897493,1.1850187947989317,0.08702208379412513
2019-11-06,2.3472956176911196e-06,0.0005752481858963442,8.932619713425044e-07,0.005260641573588453,1.2892174718215919,0.002001934067074254
2019-11-07,0.00014744927560117447,0.0013446362032946534,2.6632792242838696e-05,0.33045594401357214,3.0135314270138127,0.059688082335037945
2019-11-08,1.6459900199983288e-06,0.0007495901081711712,-2.2367620095079394e-07,0.0036889105333192547,1.6799438709278205,-0.0005012919177608718
2019-11-09,-0.00012260570977812375,0.0003674926386584382,-3.7862534235939576e-05,-0.27477778646924206,0.8236061271293589,-0.08485561860287598
2019-11-10,0.00011385681655630131,0.0005595406645074946,3.834053041866844e-05,0.2551702044251547,1.2540145602609716,0.08592687974779878
2019-11-11,0.00010249325971452413,0.0005624885463691914,3.099638089498886e-05,0.22970276900920578,1.2606212056953134,0.0694675390428043
2019-11-12,0.00029579738154029566,0.0010077961905266737,1.6576543422453971e-07,0.6629263016390337,2.258622432398855,0.0003715052029123272
2019-11-13,-6.378567760848771e-05,0.0005902351695112815,-6.18560470046404e-06,-0.14295327137226224,1.3228055501502085,-0.013862867974444982
2019-11-15,6.582536054453486e-05,0.0006692290687100059,1.3465945255777205e-05,0.1475245067843843,1.49984272733943,0.030179203209985083
2019-11-16,0.00044115809832604385,0.0011512254494357513,0.00010560015583221063,0.9887014720634132,2.580068916002934,0.23666578924335885
2019-11-17,0.0001804218181904932,0.00093551828219178,4.153838673354576e-05,0.40435235783762385,2.096636798134108,0.09309375542788609
2019-11-18,0.0002711903717386622,0.002767021814272771,2.7190084704095296e-05,0.6077783016221028,6.201310939057421,0.060937058334583176
2019-11-19,-0.00010511271294823549,0.0004161239444339358,-2.4285398332430363e-05,-0.23557335662393797,0.9325961780681152,-0.05442722047272631
2019-11-20,-5.92013781925118e-05,0.00045165646077995893,-1.6101684460501413e-05,-0.13267916873614782,1.012229877077005,-0.03608629012865274
2019-11-21,0.0002313198374891257,0.0009337436976630334,7.416167767858874e-05,0.5184224537887541,2.0926596880175072,0.16620744392936915
2019-11-22,0.0002079338882602292,0.0007847386969817459,4.081186099506527e-05,0.46601103367441266,1.7587171307406397,0.09146550226909053
2019-11-24,-1.0519428469118115e-05,0.0009941865011338438,-3.883079487338716e-06,-0.023575617113564065,2.228121077016114,-0.008702563593049164
2019-11-25,-3.6737522088340805e-05,0.0006088966177003549,-1.0489866337763037e-05,-0.082334297628285,1.3646286547591504,-0.023509363942877632
2019-11-26,-5.570246731709635e-05,0.0007416429950506702,-8.266781602835383e-06,-0.1248375846277105,1.6621331983578096,-0.01852709758919452
2019-11-27,0.00016336289668044315,0.0007579853743483987,4.0182463220326594e-05,0.3661207558953752,1.6987589217209138,0.09005492744623494
2019-11-28,0.00036040732182016143,0.0011194136061872125,7.499492474465895e-05,0.8077268692972548,2.5087738035064713,0.1680748755914924
2019-11-29,6.435945545323708e-05,0.0007690022959276628,1.1356273391637434e-05,0.1442391935890223,1.7234494955182815,0.02545111211166824
2019-11-30,0.00026873909531703203,0.0009682124987721041,4.4755701495581676e-05,0.6022846234697664,2.1699094416231013,0.10030424040682288
2019-12-01,-3.4920165682061557e-06,0.0005713018217824124,1.598344231729327e-06,-0.007826132931835227,1.2803730778876536,0.003582129174940181
2019-12-02,0.00021358605459080248,0.0010917307115815124,5.556750810327385e-05,0.47867838624617703,2.4467322842609067,0.1245351207856522
2019-12-03,-1.2048095976709164e-05,0.00046995366802161134,-3.155377342085406e-05,-0.027001590298201743,1.0532366630866343,-0.07071673930214709
2019-12-04,5.867663751965594e-05,0.0009423986223792578,4.6460050105373546e-06,0.13150314617717693,2.1120566725452736,0.010412394129365793
2019-12-05,-0.00014712750944772342,0.00038999955180648845,-2.9043622530484654e-05,-0.32973481779876535,0.8740474955311116,-0.06509111463419569
2019-12-06,0.0002256308185809016,0.0008860177017124476,4.70532065639919e-05,0.5056725090625876,1.985698572192852,0.10545329389089046
2019-12-07,0.0001632144305850871,0.0002604037062380565,2.1246651805813363e-05,0.36578802110576797,0.5836037662354204,0.04761693369459862
2019-12-08,0.00011491115274106595,0.0007503171665360376,2.5247308811136992e-05,0.25753312996564,1.6815733177822407,0.05658300614207967
2019-12-09,0.00016505946710526298,0.0017540100019546292,1.1899645655867274e-05,0.3699230247029601,3.9309995158806177,0.026668890861646942
2019-12-10,-0.00010028504369927341,0.00045451629591329704,1.2729871821023794e-06,-0.2247538256866266,1.0186391965860857,0.0028529552231687477
2019-12-11,0.00011684869071932272,0.0006999028640107049,2.5006654101309308e-05,0.2618754432056101,1.5685873036775912,0.056043662839149355
2019-12-13,0.0003104780776847396,0.0009877661785225133,5.611000972213012e-05,0.6958279438031542,2.2137321709957307,0.1257509482887519
2019-12-14,0.0001361328676203259,0.0021429466872116875,6.55994939774959e-06,0.3050941762672934,4.802664968044474,0.014701830592766495
2019-12-15,0.00011007175514449871,0.0008610474584451759,1.912891528044143e-05,0.2466873140420933,1.929736511494406,0.042870768480761316
2019-12-16,9.09581288485107e-05,0.0011263326414798298,3.1161751533814214e-05,0.20385081046883977,2.524280399452521,0.06983815945000772
2019-12-17,-4.6066731413648935e-05,0.00043924321289323437,-1.6355108466147673e-05,-0.10324245510769932,0.9844099265756723,-0.03665425133890686
2019-12-18,1.5142506684784907e-05,0.0003410990419550577,1.2357099835453812e-05,0.03393662885660569,0.7644541178775776,0.027694114296227312
2019-12-19,4.872038512536148e-05,0.0004396217550913753,1.332721463326211e-05,0.10918969112370389,0.9852582964230358,0.029868287075335377
2019-12-20,0.000870989617096248,0.0029955464917125513,9.291330170905101e-05,1.9520183803552562,6.713469019901584,0.20823264612523967
2019-12-21,-1.9608245057821216e-05,0.0004930353785303147,-6.211830667864623e-06,-0.04394501841133602,1.1049662385932149,-0.013921644301284801
2019-12-22,4.6487029102521946e-07,0.0006016755256675017,-1.7022747291144548e-06,0.0010418440527311707,1.3484451043497214,-0.0038150530091548606
2019-12-23,2.2461463283051923e-05,0.0002946693322927083,1.3506235086830888e-05,0.05033950843681182,0.6603981740678032,0.030269498764851046
2019-12-24,0.00029558824771031483,0.001139175960069139,6.652860899377403e-05,0.6624576013559721,2.553064202908951,0.14910059204639667
2019-12-26,0.00023248237550134768,0.0011886480873177763,8.42110364711582e-05,0.5210278758548453,2.6639386608922346,0.1887295643873362
2019-12-27,0.00022080164901117585,0.0008555335393371434,6.543747860724446e-05,0.4948496156813968,1.9173789916854391,0.1466552051806259
2019-12-28,0.00030243880769430655,0.0015879515639988099,8.368747774061715e-05,0.6778107338640952,3.558837647655933,0.18755619073838414
2019-12-29,0.0008677724461011117,0.003362512703920558,0.00013915475192225818,1.9448082175795067,7.535895346391559,0.31186667227056897
2019-12-30,0.0007129394797256766,0.0059900646212280705,0.00012040599765161716,1.5978043149872,13.42463332586529,0.2698479016369218
2019-12-31,0.000562919950435601,0.0015093281208167738,0.00010461216428499889,1.2615880469187473,3.382630717968513,0.23445155198732526
2020-01-01,0.00045809055100885505,0.0014437372252358793,2.017314230836809e-05,1.0266496383934955,3.2356316823373907,0.04521103788439915
2020-01-02,0.00010518229306853856,0.00152146886776139,2.9408517940325442e-05,0.2357292961105552,3.4098399529834396,0.06590889998196037
2020-01-03,-7.72673028296112e-05,0.00032734058932339544,-5.546835219096979e-06,-0.17316761573658315,0.7336193617621277,-0.012431289751279195
2020-01-04,-5.012481369759435e-06,0.0004526877057189444,2.0071583616985848e-07,-0.011233722621836358,1.0145410516720124,0.00044983429623207834
2020-01-05,-1.7935404907491358e-07,0.0009695324702810116,-7.973459370927161e-06,-0.0004019593270842426,2.172867695770289,-0.017869718469153407
2020-01-06,0.00018936500193942232,0.0005724592907349034,2.7896708595266416e-05,0.4243953740965364,1.2829671394305286,0.06252070846828132
2020-01-07,6.925812745605685e-05,0.0004844716265404222,2.2890624466745647e-05,0.1552178523481418,1.0857735858210673,0.05130132302364701
2020-01-08,2.346399259467442e-05,0.0005842148866916631,2.3541588209256283e-05,0.05258632700355458,1.309313193309021,0.05276023041517472
2020-01-11,7.6156046627554e-05,0.0003982996803276544,3.463992108168611e-05,0.17067712389934264,0.8926493285663227,0.07763325913222083
2020-01-12,1.9799074667981133e-05,0.000597932930321104,8.0903586329614e-06,0.04437269619214592,1.3400573867891423,0.018131707250261444
2020-01-13,-1.4491314807853416e-05,0.0005538374145500314,-4.830310150968001e-06,-0.03247721018162068,1.2412327216188028,-0.010825449594841935
2020-01-14,0.00015076921140291308,0.000506509012517956,4.0572490712646946e-05,0.3378964181356387,1.1351626734046172,0.09092903756064871
2020-01-15,0.0001788408356538477,0.0008495391692778717,3.688484621769657e-05,0.4008091388256208,1.9039447092271022,0.08266447310079067
2020-01-16,-6.474797224896353e-05,0.0010693858647536237,-2.0509780055312447e-05,-0.14510991800576462,2.3966541307925837,-0.045965493570963495
2020-01-17,0.00010274198734853526,0.0005475788617068224,3.0779822143495546e-05,0.2302602049461698,1.2272063659142451,0.06898219839689505
2020-01-18,8.581389861526237e-05,0.000709433037311833,2.1103653103417618e-05,0.19232181888159527,1.5899458515714144,0.0472964521527244
2020-01-19,0.0003793585371793707,0.0011142273621340996,9.649331070903215e-05,0.8501993855995467,2.4971506526468374,0.2162559832955474
2020-01-20,0.00014553501217163655,0.0005589640124602555,3.816025688644089e-05,0.3261657925284633,1.2527221965253017,0.085522859721047
2020-01-21,0.0002459661526811647,0.0016385113992692674,4.4419635224901525e-05,0.5512470430813924,3.672149822472319,0.09955106548428806
2020-01-22,-0.00020765068110331942,0.0003903931304620444,-4.615454434492003e-05,-0.46537632395470435,0.8749295643350108,-0.10343925705861753
2020-01-23,-0.00010225814801435328,0.00023827583007731171,-3.867710704003589e-05,-0.22917584842236785,0.5340118765777672,-0.08668119844277644
2020-01-25,-0.00015689179266038916,0.00046272872583724337,-1.4133220584991333e-06,-0.35161804112083117,1.037044483910138,-0.003167466731405333
2020-01-26,0.0006405279148574357,0.0016503483100883888,-8.44744646290665e-06,1.435519136382742,3.6986781151545927,-0.01893199464034324
2020-01-27,0.00010574704811093257,0.0008901604035945656,2.2234240164629196e-05,0.23699499687381653,1.994982988515961,0.049830267344958726
2020-01-28,7.376708980357986e-05,0.000762212409570225,9.584706639869764e-06,0.165323113313293,1.7082323417083098,0.02148076528594412
2020-01-29,-0.00016116949272956425,0.0003460919393937312,-5.0915326304074455e-05,-0.3612050086308629,0.7756439499722607,-0.11410888354637647
2020-01-30,-0.00010615711617878562,0.00035285100296688,-1.3993212321569405e-05,-0.2379140209240854,0.7907920252992231,-0.03136088779448527
2020-01-31,-8.861797936735675e-05,0.00025727788199714344,-2.159727873304646e-05,-0.1986061844591516,0.576598325237898,-0.048402741232567076
2020-02-01,-0.00012466740518844493,0.0005335621046628436,-3.360266842265481e-05,-0.27939835513808337,1.195792710865132,-0.07530862033543284
2020-02-02,0.00010621692667752726,0.0008541592359609363,2.262744857727641e-05,0.23804806522334024,1.9142989716738525,0.05071150637896303
2020-02-03,0.00010882137742507323,0.0006083555167530338,3.830171209192131e-05,0.24388503001620288,1.3634159663710617,0.08583988205480944
2020-02-04,-2.2849266057327487e-05,0.0003792444167559785,3.6894707870667786e-07,-0.051208632624379496,0.8499436246126613,0.0008268657454434711
2020-02-05,-2.319377175951632e-05,0.0005550032637969474,-3.480169463167417e-06,-0.051980721578840004,1.2438455646585287,-0.007799581792377656
2020-02-07,0.00016054009685110218,0.0003961052285707613,3.658845542902773e-05,0.35979443805784767,0.8877312330113617,0.0820002168847655
2020-02-08,6.626458160129065e-05,0.0006773751201010246,1.5291213260340197e-05,0.14850886705573255,1.5180992504144115,0.034269902598411436
2020-02-10,7.267634933549728e-06,0.0005362568378905396,4.565565386427755e-06,0.01628786003132497,1.201832012238383,0.010232116865792564
2020-02-11,0.00032171283252963457,0.0016900172309404053,5.813981440381422e-05,0.7210067146237905,3.7875821171220894,0.13030004505110826
2020-02-12,-2.3263183512615373e-05,0.0009912709913317437,-3.3644966995863443e-06,-0.05213628372929795,2.2215869822231378,-0.007540341778277936
2020-02-14,7.997178273617688e-05,0.0006695672491079566,1.3383635008315723e-05,0.17922876087918282,1.500600640338297,0.029994733598886783
2020-02-15,7.779720814563021e-05,0.0007496198471561934,2.5382332576354895e-05,0.17435521303557916,1.680010520454103,0.05688561465349778
2020-02-16,0.00011214524182713582,0.0001400697343847529,-2.586840600652584e-05,0.25133430872088547,0.31391728521638895,-0.05797497812152539
2020-02-17,3.643425505206657e-05,0.0005685151589896148,2.7998463249542867e-05,0.08165463070993899,1.2741277485695752,0.062748755911713
2020-02-18,-1.726322165871472e-05,0.00048091543543172816,-8.934232871214133e-06,-0.03868946922042849,1.0778036281178176,-0.020022955999321555
2020-02-19,-2.372747541759753e-05,0.0004006017304684919,-3.917432272551124e-06,-0.05317683153214871,0.8978085682394606,-0.008779553337627952
2020-02-20,-0.00010118905302366469,0.0005454736929816988,-4.757415595630432e-06,-0.22677984618398614,1.2224883670259343,-0.010662081962147142
2020-02-21,0.00014979977311495,0.0009578987699987993,3.79530636143893e-05,0.33572376151657024,2.1467948283828093,0.08505850851938858
2020-02-22,0.00011845456120108934,0.0008975328989228199,2.6500875954462157e-05,0.2654744398358214,2.011505856420878,0.05939243814534287
2020-02-23,-0.0001440600933699174,0.0002917997909403546,-4.3692837264465395e-05,-0.3228602782559904,0.6539671014659757,-0.09792220223525662
2020-02-24,-8.229443733496593e-05,0.0003583726455622972,-3.348840850894493e-05,-0.1844341782332589,0.8031668546019425,-0.07505254672982192
2020-02-25,-0.00010231081469173599,3.214543545290191e-05,1.3237149815960885e-05,-0.22929388234638412,0.07204274266527112,0.02966643831004074
2020-02-26,-0.00013042922272170766,0.0003490526166547515,-2.1034576140371822e-05,-0.29231145250275514,0.7822792718157964,-0.04714164031699431
2020-02-27,0.00013864354146726876,0.001461700921506246,4.658319892142921e-06,0.3107209729593694,3.2758910202337232,0.010439993626276109
2020-02-28,-3.255683172212958e-05,0.0004969422146046244,-9.33026915866476e-06,-0.07296474341405071,1.1137220442611542,-0.020910532724941526
2020-02-29,0.00015819735166214567,0.0005760279013617222,5.0798528677444905e-05,0.35454399467761777,1.2909649311368239,0.11384712254545565
2020-03-01,0.0001604796447456749,0.0005066368642951984,6.36091059718974e-05,0.3596589558217693,1.135449208415184,0.14255754784891786
2020-03-02,0.00010654891753814011,0.0004632616456670635,4.0654089471578096e-05,0.2387921065406027,1.0382388371867395,0.09111191261922726
2020-03-03,2.859275126047623e-05,0.0005861592955089224,6.6821199358043196e-06,0.06408064448741631,1.3136709051298214,0.014975633094127852
2020-03-06,1.5375673420257073e-05,0.0005118363842163333,6.135386301522922e-06,0.03445919048580914,1.1471021124864356,0.013750321009658097
2020-03-08,-9.305711602246112e-05,4.483510057940024e-05,2.9981057262272106e-05,-0.20855495557373874,0.10048218566352285,0.06719204648334114
2020-03-09,-0.0002502389828858799,-0.0002502389828858799,-4.6729396657576244e-05,-0.5608230964946898,-0.5608230964946898,-0.104727587319127
2020-03-10,-1.7672256052825243e-05,0.0003528981855475032,-8.518055600720483e-06,-0.039606176652789295,0.7908977685397868,-0.019090240309554713
2020-03-11,4.6586744295409055e-05,0.0007084798888427411,2.1365279113083994e-05,0.104407881977656,1.5878097028799092,0.047882795284288196
2020-03-13,-0.0001321533620358,-0.0001321533620358,1.1817594333864249e-05,-0.2961755073265332,-0.2961755073265332,0.026485001541339863
2020-03-14,0.0002253801881470398,0.0020120395781325637,3.301084579587364e-05,0.5051108086657382,4.509282500531795,0.0739822570554222
2020-03-15,-4.2919872438569205e-06,0.0006382092503005054,-1.354782428192301e-06,-0.009618987211569938,1.4303226613109778,-0.0030362706389431755
2020-03-16,0.00014899668537542797,0.0008034521999949456,2.6291866768093134e-05,0.3339239214291404,1.8006568980186723,0.05892401720731193
2020-03-17,2.500794088662168e-05,0.0006958758033192245,9.990745617427732e-06,0.056046546718052176,1.5595620566088801,0.022390759540498163
2020-03-18,-0.0001351240023424348,0.0007232405352311652,2.798562920112662e-06,-0.30283315784974774,1.620890525533326,0.006271999288410493
2020-03-19,5.986699475447992e-05,0.0005995331593801517,1.1573789870075932e-05,0.13417091529400269,1.3436437401448271,0.025938599167320678
2020-03-20,-5.195293340982391e-05,0.0015140786395435445,-1.0228831378313563e-05,-0.11643431671142686,3.3932773430130148,-0.022924345443507445
2020-03-21,0.0006011330505201584,0.0012235644981360998,8.93868908163796e-05,1.347229336173253,2.74219157499772,0.20032943035312917
2020-03-22,4.434787648412725e-06,0.0005993432648645453,1.0610086795845424e-05,0.009939024338240178,1.343218158051176,0.02377879602250897
2020-03-23,0.00015631545874297812,0.000523306540502451,4.495927925429345e-05,0.35032639036182545,1.1728084532470682,0.10076048870075976
2020-03-24,9.834043440051962e-05,0.0012042232277198316,9.74783008317197e-06,0.22039566455672455,2.698844886804301,0.02184634939090086
2020-03-25,0.0003620218236380757,0.0014054620607173815,6.0714329216738786e-05,0.8113452100464733,3.1498512973767596,0.13606991892409415
2020-03-26,0.00013421997904907422,0.0010677151420020311,3.204652388423009e-05,0.3008071060458327,2.392909790497852,0.07182106700314227
2020-03-27,8.620803066737323e-06,0.0011590865746227959,6.770542515791881e-07,0.019320512793018354,2.597686876715879,0.0015173801359266974
2020-03-28,0.00034424507691303976,0.001528232285166805,0.00011790388464475612,0.7715048541236591,3.424997785901585,0.2642402910715952
2020-03-29,0.00042164286971824237,0.001590792019898427,0.0002428938519313144,0.9449649174690389,3.56520353539536,0.5443615562558652
2020-03-31,7.23699339857582e-05,0.000501225353562516,3.0568378796390335e-05,0.16219187755218198,1.1233212011366327,0.0685083221395302
2020-04-01,0.00010034905312378914,0.000919401270882465,3.8392950312507635e-05,0.22489728040838003,2.0605161582382365,0.08604436059287648
2020-04-02,1.2098107180905125e-05,0.0006395392862687064,1.568792066448425e-05,0.027113672908485525,1.4333034714211115,0.035158983397208875
2020-04-03,7.743101425593688e-05,0.00038783577106537,4.582799217153377e-05,0.17353451759969296,0.869198138323154,0.10270740465523291
2020-04-05,0.00046804436228334187,0.0010662452763564702,0.0001095947635336334,1.0489576225313118,2.3896156011063034,0.24561830429340248
2020-04-06,8.843438463065323e-05,0.000565047084880858,5.0480129655305844e-05,0.19819472111498848,1.2663552742807351,0.1131335425769887
2020-04-07,8.218892558568401e-06,0.000621323066439153,1.3407290519609607e-05,0.01841977105763557,1.3924781903501078,0.03004774914802307
2020-04-08,0.0001470602180578691,0.0009109011731785332,6.981001623032497e-05,0.3295840077003933,2.0414661642690697,0.1564547178745928
2020-04-09,0.00018760082453745048,0.0007330804803709817,7.70436591944092e-05,0.4204415879121072,1.6429433185834257,0.17266639680355017
2020-04-10,0.0001581771876752868,0.001328716988992473,2.6907497344465414e-05,0.35449880415846907,2.9778540798804807,0.060303737673548664
2020-04-11,0.0005558750858828511,0.004305233945389677,0.00015327813630681928,1.245799448726352,9.648675056710074,0.3435192951840281
2020-04-12,0.0010492092122521388,0.0061343205299847865,0.00036166557769643805,2.351435226038881,13.747932455775405,0.8105468094543722
2020-04-13,0.00034420643175484255,0.002766686120768262,0.0001328765213260431,0.7714182445273654,6.200558599559791,0.29779621576986154
2020-04-14,0.0006175086211198387,0.0015381649544851438,0.00011050235703648041,1.3839294462227267,3.4472583877443803,0.24765235747230807
2020-04-15,0.0004938403836694474,0.0022203146318841185,8.050255435006509e-05,1.106770375860782,4.976058137247092,0.18041829968164838
2020-04-16,0.0002284814725389026,0.0010104798923171096,4.326219456955095e-05,0.5120612521805615,2.2646370106664904,0.0969570673595491
2020-04-17,0.000264843341764434,0.0012568765842167623,7.645286254836768e-05,0.5935536553953612,2.816848956717397,0.17134233290027423
2020-04-18,0.00011105514214324063,0.0008967146391114278,3.892542630277757e-05,0.24889123181432377,2.0096720134445767,0.08723771915846995
2020-04-19,0.0014380647248553318,0.006552448371735408,0.00028772662675254096,3.222918758109527,14.68501966831481,0.6448385295464572
2020-04-20,0.0002710703406668855,0.0014920340406522905,5.5394815613918335e-05,0.6075092939855904,3.343872090207881,0.12414809101313308
2020-04-21,3.2385184729525685e-05,0.0002555073328002741,8.41373846769632e-06,0.07258005675657649,0.5726302589053343,0.01885644996687761
2020-04-22,0.00011256582806920602,0.0008538608212442778,3.587771096582333e-05,0.2522769055773011,1.9136301795316133,0.08040733193105497
2020-04-23,9.207809926494276e-05,0.0005368315717713089,3.945592740045031e-05,0.2063608321676265,1.203120077075269,0.08842665169351922
2020-04-24,2.9637122153860372e-05,0.0005154696560538426,7.645103712113827e-06,0.06642123631512417,1.1552448196650693,0.017133824184403904
2020-04-25,0.0001546848135358262,0.0010531018435040586,2.0205958702645164e-05,0.3466718698558169,2.360159196569121,0.04528458434643321
2020-04-26,0.00034543001220740314,0.0017879871957773353,4.814974483223927e-05,0.7741604718586216,4.007147503816375,0.10791080063077305
2020-04-27,-7.40403659636999e-05,0.0003417964169870128,-6.320819928115428e-06,-0.16593556617954602,0.7660170399304438,-0.014165905581895892
2020-04-28,-0.00011948127546295402,0.0004451233394206535,-1.2244537478816846e-05,-0.2677754605037994,0.9975881721425977,-0.027441845170650375
2020-04-29,-1.5482150882169912e-05,0.0006167032651504762,-3.662805720232453e-07,-0.0346978224495751,1.3821245226919898,-0.0008208897039898963
2020-04-30,-0.0001354842007404822,0.0005451245541049661,8.33017123380761e-06,-0.3036404164895317,1.221705894432345,0.018669163260647926
2020-05-01,0.000559665632622508,0.001941486655693998,3.4927647706585556e-05,1.2542946325519337,4.351162818408604,0.07827809765761422
2020-05-03,-0.00022917756881387472,0.0007542903344338841,-2.1055494458010636e-05,-0.5136213083472153,1.6904777830164994,-0.04718852140457054
2020-05-06,0.00046805498902839805,0.0010073779119396723,-5.260555333682915e-06,1.0489814386609944,2.257685007343597,-0.011789693586083465
2020-05-07,0.000193628090227213,0.0009788940660658315,3.6001387464014516e-05,0.43394959441271846,2.1938484361634383,0.08068450951497613
2020-05-08,-6.680791721210286e-06,0.0006625168469251996,-1.999749775456767e-06,-0.014972656365990432,1.4847996314864111,-0.004481739209264934
2020-05-09,-9.664225326838702e-05,0.0005618075366716854,1.87073779801232e-05,-0.21658978591244557,1.2590949608117477,0.04192604016015311
2020-05-10,0.0001246446999590821,0.0006179464699891892,3.481021759196779e-05,0.27934746931329685,1.3849107312162716,0.07801491915623861
2020-05-11,0.00026346816153688943,0.0010783081340539663,4.471948981661846e-05,0.5904716702283997,2.416650274635047,0.10022308460251447
2020-05-12,4.8548412262283254e-05,0.0013861644786822681,-1.3967494566409502e-05,0.10880427414161611,3.1066025213987656,-0.03130325044750866
2020-05-13,2.5156342495584002e-05,0.0008255521965004253,4.5520033101676585e-06,0.05637913698397809,1.8501863051869283,0.010201722218582248
2020-05-14,9.444535313418755e-05,0.0008383174124767949,2.420879475963282e-05,0.21166620317668444,1.878795068972369,0.054255540375551095
2020-05-15,0.00018537922041881387,0.0006420124948932177,5.2594026147582056e-05,0.41546263984162474,1.438846302929935,0.11787110170065353
2020-05-16,0.00014253241664324558,0.0008094141106398221,3.3224146703299464e-05,0.31943652556000984,1.8140184340604375,0.0744602963840996
2020-05-17,2.369619697874714e-05,0.002017736920506296,-1.574812650358071e-05,0.053106731858919155,4.522051099392686,-0.035293913713499915
2020-05-18,-0.00010287100916528147,0.00045275033601182495,-2.984245212381585e-06,-0.23054936219077057,1.0146814155529016,-0.0066881411577289895
2020-05-19,0.0003651985734476413,0.0014331440103970176,5.740480816502537e-05,0.8184647828821814,3.211890698901276,0.1286527858190466
2020-05-20,2.543557449313594e-05,0.0006544748955506146,-3.5703872335473373e-06,0.057004937775291614,1.46677641216326,-0.008001773348464615
2020-05-21,0.00031674896695241256,0.0015997050474541282,2.2620577139040213e-05,0.7098819472853994,3.5851789671018195,0.05069610645515998
2020-05-22,0.00012296891718378256,0.001100051155010168,7.650051298945829e-06,0.2755917887464343,2.465379646051038,0.017144912468632447
2020-05-23,0.0001444723432295749,0.0011551013454604634,2.351606506157315e-05,0.3237841920289618,2.5887553803787178,0.05270302921274467
2020-05-24,1.4618914593157652e-05,0.00043036597275039704,1.9380147736880546e-06,0.03276318044045527,0.9645146998295524,0.004343381810050984
2020-05-25,3.2707093015545466e-06,0.00030633812928217743,-3.224465309963612e-06,0.007330150151178973,0.686549698440752,-0.007226510429424949
2020-05-26,7.005767557733212e-05,0.00013795171729792855,6.848672455916812e-07,0.15700975962013788,0.3091704912222526,0.0015348902274577964
2020-05-27,6.824069529043277e-05,0.00026837099145330377,-3.0669937414213745e-05,0.15293763425015341,0.6014596474955718,-0.06873593023586513
2020-05-28,2.5812642985445563e-05,0.0008889118356415674,4.541781651083288e-06,0.05785000482683133,1.992184760448099,0.01017881394732531
2020-05-29,0.0001850493925217213,0.0012838797410949913,3.393587332455134e-05,0.41472344605005573,2.8773670817550396,0.07605538250131824
2020-05-30,8.549582072859363e-05,0.0005160143966087685,2.6369372564560414e-05,0.19160895862588762,1.1564656649597416,0.059097719323064575
2020-05-31,0.00012853238805815424,0.0006395117569992812,2.2572773342498095e-05,0.28806036149653236,1.4332417741989392,0.05058897097653961
2020-06-01,5.651376162507131e-05,0.0009522805851267926,1.471228703099563e-06,0.1266558168660286,2.134203633356911,0.003297244207951586
2020-06-02,0.00018077728211761458,0.001071825331321346,3.3786794330918795e-06,0.4051490058178919,2.402121341290835,0.007572127411473866
2020-06-03,0.0001797294914991398,0.0012638602374404084,2.0158646001478685e-05,0.4028007498732972,2.8325003711395715,0.045178549486213956
2020-06-04,0.00012929356833402654,0.0007390759926361231,3.17761185354051e-05,0.2897662806718036,1.6563801608964475,0.07121504805562313
2020-06-05,0.00021592900889231954,0.00038176805388923573,5.232271014340673e-07,0.4839292982790219,0.8555994739738607,0.00117263041837896
2020-06-06,0.0002351248142639921,0.0009182817588927237,4.1054284514241265e-05,0.526949977487746,2.0580071639424276,0.09200880973909181
2020-06-07,-3.943576857048101e-06,4.148645712942609e-05,7.49722924571982e-06,-0.008838147273173353,0.0929773733956133,0.016802415324044976
2020-06-08,-6.378108285462312e-05,0.0007668960287837316,-8.527464132442985e-07,-0.1429429738396386,1.7187290349086601,-0.0019111326240424597
2020-06-09,0.00018638521119775778,0.0008330764457863885,4.090566063791333e-05,0.4177172160758549,1.8670492764741646,0.09167572133865946
2020-06-10,0.0001500721595601047,0.000589064614820171,4.69912508133431e-05,0.33633422039812866,1.3201821615042264,0.1053144417603239
2020-06-11,0.00018331734284628243,0.0006379834283176246,5.115967765873571e-05,0.4108416629199459,1.4298165603740445,0.11465651158487554
2020-06-12,0.00012279980699374926,0.0007603588154425949,2.7244224027708336e-05,0.27521278744404115,1.7040781592291716,0.061058392679698544
2020-06-13,1.0048669983841702e-05,0.000888342587557902,-6.676858618926349e-07,0.02252057673428683,1.9909089901053922,-0.0014963841693806789
2020-06-14,0.0002462728780931339,0.000720222189534418,5.443296097358318e-05,0.5519344607384271,1.6141259600750608,0.12199243048594595
2020-06-15,-2.1396750622404413e-06,0.0003290970509246165,-9.110625458990233e-06,-0.004795332765740165,0.7375558556797043,-0.02041827824741596
2020-06-16,1.976388602693296e-05,0.0004386100589651582,1.7033182006571284e-06,0.04429383316926081,0.9829909336497643,0.0038173915854027235
2020-06-17,0.0002282973646785155,0.0009882597591472553,5.2339417393432976e-05,0.511648638849255,2.2148383592128713,0.11730048529129232
2020-06-18,0.0002447341743684681,0.00042071443615100077,-5.081277642582767e-06,0.5484859948858923,0.9428841585798154,-0.011387905388674369
2020-06-20,0.00015626677129544357,0.0006951175065449997,3.881344712698274e-05,0.35021727448878337,1.5578625997933262,0.08698675702863737
2020-06-21,0.00018622031619883268,0.0008977429556396968,3.375057991762056e-05,0.4173476616490139,2.0119766250319064,0.07564011218237532
2020-06-23,-0.00014331225602274292,0.0009270444811709913,2.295977186673548e-05,-0.3211842625853703,2.077645738976367,0.051456292719134225
2020-06-24,5.344677567871924e-05,0.000639309373824505,1.1979909019025148e-05,0.11978224131236163,1.4327882031467893,0.02684877309798821
2020-06-25,0.00024488086997221064,0.001183027876426635,3.6827869871787264e-05,0.5488147617382199,2.651342925253553,0.08253678056315603
2020-06-26,0.00018181779900247066,0.0008675347378272765,6.396255871085552e-05,0.4074809602343871,1.9442754776816007,0.14334968845483384
2020-06-27,0.00027044380438745377,0.0008255687420219998,4.658656540745349e-05,0.606105132202942,1.850223386182605,0.1044074810629144
2020-06-28,0.0001857638057095341,0.000749117879875109,4.524267217605411e-05,0.4163245531659223,1.6788855364821005,0.10139561474736367
2020-06-29,8.882731104919571e-05,0.0009241099139417166,1.7276832441812868e-05,0.199075328157905,2.071068933630478,0.03871997302696891
2020-06-30,0.00012266760302899569,0.0006768647044407764,3.192738831947224e-05,0.2749164985284337,1.5169553323574463,0.07155406633218521
2020-07-01,0.0001121996678952117,0.0006232038548109906,2.893781914936531e-05,0.2514562857033537,1.3966933192096516,0.06485399338660007
2020-07-03,9.668245995939584e-05,0.0008059883314718883,-1.456176207028697e-06,0.216679895138,1.8063407490782226,-0.0032635093063823643
2020-07-05,0.00025084052480475944,0.0013298834658839827,3.400278028334542e-05,0.5621712421661866,2.980468329565888,0.0762053310320196
2020-07-06,7.792045290766784e-05,0.0008826980322698973,8.510230500764646e-06,0.1746314230340198,1.9782586950216803,0.019072703086788687
2020-07-07,0.0002190688986490422,0.0009211656784508792,4.2463177610040204e-05,0.49096626220730094,2.0644704602601878,0.09516635050074161
2020-07-08,0.00014162443560023744,0.0005526484266751158,4.6736254912807504e-05,0.31740160384547217,1.2385680214429358,0.10474295769783855
2020-07-09,0.00029187818059113956,0.0008848687307422368,1.2672017940677312e-05,0.6541427844318325,1.983123555902964,0.028399893007748957
2020-07-10,0.0003323992306198329,0.0016097180778162107,4.763306899651737e-05,0.7449565357036385,3.607619670097801,0.1067528525815449
2020-07-11,0.0001520466525166848,0.000642581243353907,3.4245972610628634e-05,0.3407593552877682,1.440120953542609,0.07675036151631037
2020-07-12,9.320961120707182e-05,0.0005813758403458699,3.4885066696107454e-05,0.20889672015672903,1.3029504645911463,0.07818266722598122
2020-07-13,0.0002721999177089929,0.0008181580549448499,3.250412426486174e-05,0.6100408455735095,1.8336149248396505,0.07284661809619489
2020-07-14,-0.00017906092368597955,-0.00017906092153598197,8.133432644068977e-06,-0.4013023891188331,-0.401302384300366,0.01822824257025519
2020-07-16,0.0002072809724653673,0.001372981946480011,7.03220706911972e-07,0.46454775144075794,3.0770584893536768,0.0015760230872957663
2020-07-17,0.00026191285031934537,0.0008128524872803971,7.65440087411739e-05,0.5869859844932009,1.821724351868462,0.1715466051902819
2020-07-18,0.00025874270472862844,0.0006528250321838103,8.221320786891858e-05,0.5798812127025657,1.4630788208787464,0.18425213081542688
2020-07-19,0.0003517419691780821,0.0010556747188264243,6.973369299970358e-05,0.7883065142234588,2.365925396097841,0.1562836660662857
2020-07-20,0.00010266604799554547,0.000803064788330774,1.4901115386624572e-05,0.23009001346521674,1.7997886503675142,0.03339563474873366
2020-07-21,0.00035742113964741735,0.0008993857569049019,9.739010013392337e-05,0.8010343871208094,2.015658389087421,0.21826582291514238
2020-07-22,0.00014014555703057354,0.0007365887876170016,2.14399757148012e-05,0.3140872151390699,1.6508059613678432,0.04805020157322671
2020-07-23,0.0001867141299858185,0.0012377750647379999,5.163877836779545e-05,0.41845437241771716,2.7740395863375684,0.11573024813898478
2020-07-24,0.00022959151273204838,0.0006862298838771089,5.8490054774037605e-05,0.5145490187594303,1.5379441042511826,0.13108498625683437
2020-07-25,0.00022708715981613646,0.0009096392225890353,4.709120079606679e-05,0.5089363882219342,2.0386379437054165,0.1055384446641051
2020-07-26,0.00032352587498061326,0.0014221394371000578,5.767539599263221e-05,0.7250700147128014,3.1872277994567946,0.12925921372888768
2020-07-27,0.0002669646384264993,0.0009581789496911497,6.99543731732381e-05,0.5983077994095489,2.14742275310032,0.15677824343720256
2020-07-28,0.00017919003305766153,0.0007279394867658075,4.991799751723845e-05,0.40159174258717817,1.6314215807651895,0.11187372013575896
2020-07-29,0.0003634159548676071,0.0010412140558683995,9.751138485209592e-05,0.8144696672515377,2.3335168813094636,0.21853764016127478
2020-07-31,6.455266711539185e-05,0.0011479771961551417,-2.9539505505528874e-05,0.14467220990566043,2.572789093163096,-0.06620246276371604
2020-08-01,0.0002590886895934442,0.0011860528496244456,4.39578507423566e-05,0.5806566166823475,2.6581223439358266,0.09851613719123249
2020-08-02,0.00017486495120744893,0.0009117925026298584,4.548151281889634e-05,0.3918985853985742,2.0434637672689075,0.10193089245406954
2020-08-03,0.0002981504061333796,0.0007099368061893013,8.502498100781424e-05,0.6681997827058237,1.5910748731911526,0.1905537361856629
2020-08-04,0.00014123417799868056,0.0007137886694462886,7.332161041373936e-06,0.31652697802174296,1.5997074765295498,0.016432472717875197
2020-08-06,8.754542637265954e-05,0.0007741770531898899,-3.2952606672166763e-06,0.19620243231508594,1.7350469027565218,-0.007385173444332654
2020-08-07,0.00016038554131247575,0.0006979680258319591,5.00227153525502e-05,0.35944805591245504,1.564251041093295,0.11210840851236789
2020-08-08,8.87852834836829e-05,0.0004416180071092779,1.965608083429804e-05,0.19898113807945594,0.9897321966329582,0.044052225561787055
2020-08-09,8.060466142436698e-05,0.000619380085841927,2.4800138977936194e-05,0.18064713695122006,1.3881236793846348,0.0555808314704017
2020-08-10,0.00023807120071134565,0.0013973485468385357,4.582040388346927e-05,0.5335532714742324,3.1316676957471845,0.10269039816343715
2020-08-11,8.706586126340769e-05,0.0004689480238149456,1.2317265435597204e-05,0.19512765497048615,1.0509828635728653,0.027604839430988674
2020-08-12,-0.00027563819726801316,0.0004419277236659173,8.744429007197305e-06,-0.6177465458072077,0.9904263178938706,0.01959757706948024
2020-08-14,7.83148612905008e-05,0.0006025494106651565,1.45137024138942e-05,0.1755153513812059,1.3504036117122156,0.03252738416489899
2020-08-15,0.00033932029817112077,0.0012917687061441401,5.711726424945283e-05,0.7604676862462073,2.8950474357749396,0.1280083567726612
2020-08-16,0.0003358054893492022,0.0017166385734964816,3.457196957844378e-06,0.7525904724549646,3.8472445389916397,0.007748096962072928
2020-08-17,-3.384402617671169e-05,0.0008195848023991331,-9.121970774693557e-06,-0.0758495392659374,1.836812479896817,-0.020443704801704467
2020-08-18,-9.994504249875548e-05,0.00032727237891503567,3.372839500771978e-08,-0.22399183199608586,0.7334664920054322,7.559039247155119e-05
2020-08-19,0.00017359322979661396,0.0006026322426095786,3.883344672673612e-05,0.3890484669586814,1.350589250524457,0.08703157913162467
2020-08-20,0.00023948414955352488,0.0008888797339459271,4.7437825239000155e-05,0.5367199017718823,1.9921128157329147,0.1063152820343852
2020-08-21,0.0005051077481313555,0.002439397720217186,5.4346479475633545e-05,1.1320222297245872,5.4670562006647465,0.12179861247681613
2020-08-22,0.00011499812960628096,0.0009190676365788203,2.248762060862694e-05,0.2577280581671166,2.0597684337186233,0.05039813092702427
2020-08-23,-0.00011039985197690034,0.00045394995904426413,-2.915806210715977e-05,-0.24742262825803019,1.0173699507120526,-0.06534759089146112
2020-08-24,3.6787469960954333e-05,0.000431323155129899,8.020298314092696e-06,0.0824462383029928,0.9666598891193732,0.01797469156662885
2020-08-25,0.00029242935264467006,0.0011438355436368514,7.046164440149454e-05,0.6553780436796023,2.56350702862173,0.1579151143504095
2020-08-26,0.00016696071177301183,0.0011051810715550193,2.782383423923482e-05,0.3741839991900855,2.4768765585155315,0.06235738610526112
2020-08-27,0.00014137845576964186,0.0010357110273110013,2.299837888858173e-05,0.31685032614813285,2.3211837688580506,0.051542816846144944
2020-08-28,-3.8672763654904013e-05,0.0005235345022230547,-8.40068799812347e-06,-0.08667146426518814,1.173319349657199,-0.018827201906994415
2020-08-29,3.270671154206844e-05,0.000685917779238149,1.4836329188685637e-05,0.07330064657250668,1.5372446309395777,0.03325043916122282
2020-08-30,0.0001943841782932379,0.0005495433526747079,7.1254152220602e-05,0.4356441011818901,1.2316090848469217,0.15969124324920217
2020-08-31,0.00010448538495374852,0.0007288047220220585,3.147397391055716e-05,0.2341674204890935,1.6333607027597363,0.07053789662964519
2020-09-01,3.9359093079055016e-05,0.0015475917723917394,-6.4918770296802e-06,0.08820963145412415,3.468385300695747,-0.01454927020506778
2020-09-02,2.70197552929106e-05,0.00043330708213712123,-1.223784407382892e-05,0.06055532457470659,0.9711061671316092,-0.027426844246061684
2020-09-03,-0.00017985585516775514,0.00032958036352349115,1.1739921954414456e-05,-0.4030839498092144,0.7386390317106722,0.02631092608813596
2020-09-04,-2.4075967064234233e-05,0.00044676206222197656,-8.43373268589404e-06,-0.053957853586008554,1.001260795748783,-0.018901260008991425
2020-09-05,0.00010108612298028855,0.0006237883771147817,2.119084627072612e-05,0.2265491645172737,1.398003321370793,0.04749186511963784
2020-09-06,-0.0003250135888549144,0.00040743520547094206,1.8675516986585106e-05,-0.7284042046621915,0.9131234107412018,0.04185463489448521
2020-09-07,0.00010728524577427043,0.0011186294867290803,5.777737087934914e-06,0.24044232856700617,2.5070164741828784,0.012948775474625333
2020-09-08,-8.285253385515751e-05,0.0005025028388931017,-1.9934188917121854e-05,-0.18568495624948625,1.126184237385275,-0.04467550749160765
2020-09-09,-0.00012017495296659656,0.00031622722940601624,-1.308073948650515e-05,-0.2693300958410879,0.7087126551832933,-0.02931589930018102
2020-09-10,-6.871570716687543e-05,8.619050644927341e-05,1.3039713502878007e-07,-0.15400220711704288,0.19316585352878912,0.0002922395391697505
2020-09-12,0.00021431185910034866,0.001206077352300908,4.332944797243118e-05,0.4803050230227464,2.7030002581091797,0.09710779232341414
2020-09-13,-0.0001064660716317577,0.00039220186103189705,-3.406728807543919e-05,-0.23860643643751378,0.8789832008516361,-0.07634990267027054
2020-09-14,-0.0001357589882074033,0.0005187492196484191,-2.3385087522518777e-05,-0.3042562564210219,1.1625948136150546,-0.05240948890109296
2020-09-15,0.00020905874839382814,0.0007919618318691936,7.035299586030464e-05,0.46853201396282795,1.7749052594936434,0.15767161667232174
2020-09-16,0.00028879580276882174,0.0009375242765746545,3.251393531165933e-05,0.6472347133753449,2.1011325324452867,0.07286860612372531
2020-09-17,0.00029780324682258464,0.0020780202345235363,8.909728903489042e-06,0.6674217466164356,4.657155048602424,0.01996803893205447
2020-09-18,-3.5766310147661936e-05,0.0006801819134298058,-8.16714870904847e-06,-0.08015766598743256,1.5243896952832094,-0.018303805329283978
2020-09-19,-7.261158756908003e-05,0.000498377365308306,-1.9343775919092003e-05,-0.1627334594804437,1.11693843226071,-0.043352303401073045
2020-09-21,0.0002028939397344475,0.0008489336060987599,3.9543891951650415e-05,0.45471575303585704,1.9025875513082358,0.08862379344744133
2020-09-22,0.00026746137526001087,0.0010938926260985258,1.3856732808658572e-05,0.5994210611639734,2.451577458980711,0.031055016734125158
2020-09-23,8.300290160711078e-05,0.0010578124692542403,1.5487851093503114e-05,0.1860219529367763,2.3707164154691407,0.034710597478204507
2020-09-24,-7.955573895680775e-05,0.0004324186020262485,-2.333558548871143e-05,-0.1782963443630497,0.9691149499311269,-0.05229854741802562
2020-09-25,-0.00011430356686911773,0.0006980160397972398,-1.311957601666886e-05,-0.25617143888872324,1.564358647591584,-0.029402937789757416
2020-09-26,-0.00019761905892597004,3.19966680313422e-05,1.089733021615962e-06,-0.44289395391193775,0.07170933255844258,0.0024422551613946138
2020-09-28,-1.2012030866262233e-05,0.000681923824183337,-3.895371512486244e-06,-0.026920762975923607,1.5282935785684857,-0.008730111865208548
2020-09-29,4.54151860385786e-05,0.0006163066126771952,2.3698915165735574e-05,0.10178224419036043,1.381235565001496,0.053112823723688286
2020-09-30,2.7928724541650212e-05,0.0006930616912051746,1.1236371087382738e-05,0.06259246100651937,1.5532552092444771,0.025182393062487825
2020-10-01,3.681648851363177e-05,0.0005283773180435007,2.1568159346540104e-05,0.08251127323232585,1.1841728263331917,0.048337480319498353
2020-10-02,0.0003104567309682594,0.0010882148847388216,7.126615658746177e-05,0.6957801026095146,2.4388527889324103,0.15971814683598995
2020-10-04,-3.678252400442135e-05,0.0006331157637760599,-7.699363742360651e-06,-0.0824351536725089,1.4189073939867167,-0.017255429051191574
2020-10-05,0.00012359176831559386,0.0007774519707288937,3.455656799748157e-05,0.2769876915604932,1.7423864841990602,0.07744645236755582
2020-10-06,0.0003184578015133062,0.001094142817543563,9.805203386356076e-05,0.7137117018615462,2.4521381755377565,0.2197493156933192
2020-10-07,0.00022706403240912984,0.0007734316395079795,7.651344438389027e-05,0.5088845562337214,1.7333763188833085,0.1714781058809557
2020-10-08,5.670514391124116e-05,0.0006751844396043776,2.934705584167428e-05,0.12708473327667813,1.513189606819351,0.06577115419956832
2020-10-12,0.00010968347455428636,0.000547399922707304,3.246233476098354e-05,0.24581711899733888,1.2268053367754743,0.07275296154957828
2020-10-13,8.890505079749923e-05,0.0010406034254507178,4.366437121362422e-05,0.1992495545948154,2.3321483669488763,0.09785840554541392
2020-10-14,0.0001713126363291741,0.0009789798721691002,4.169240368566647e-05,0.3839373149091286,2.194040740511779,0.09343893052013141
2020-10-16,-3.135447969834198e-05,0.0005647536034140674,-1.1538138747299675e-06,-0.07027009217593913,1.2656975382914373,-0.0025858699653510666
2020-10-17,0.00011720243294550815,0.0009220834009298442,3.808693633177881e-05,0.2626682325958256,2.0665272139939206,0.08535853735996608
2020-10-18,0.0002027108322726438,0.0007470037464093044,5.4480412483415724e-05,0.4543053817478357,1.6741474462652126,0.12209877643720715
2020-10-19,0.0002889630657280586,0.0013207410229371965,4.230536424470512e-05,0.6476095747564387,2.959978743555698,0.09481266707702088
2020-10-20,0.0004564647204252614,0.0009054735395782231,5.2104053161422775e-05,1.0230059081810747,2.0293020232257346,0.11677299874272265
2020-10-21,0.000122563352608923,0.001265573821388109,3.268363878118208e-05,0.2746828576994878,2.836340769803961,0.07324893705444623
2020-10-23,7.271551525835917e-05,0.00030536474597424464,3.050991604757129e-05,0.16296637702127167,0.6843682004401784,0.0683772983500144
2020-10-24,4.82147868175144e-05,0.0019520695845746635,1.4790536207284807e-05,0.1080565694760724,4.374880749469507,0.03314781022095634
2020-10-25,-3.611431525850217e-05,0.0003037692253232198,2.197243490016579e-05,-0.08093759764159214,0.6807923993331341,0.04924352247650656
2020-10-26,1.5127565464933617e-05,0.00032482740075830314,2.5512021292029747e-05,0.033903143341735976,0.7279869292094712,0.05717626651863247
2020-10-28,9.671253404206494e-05,0.00041536900169374753,3.142294212463536e-05,0.21674729566837386,0.9309042381459424,0.07042352674262653
2020-10-29,0.0001755810337069859,0.001035297877609248,4.4699299089538136e-05,0.3935034336924114,2.320257838403966,0.1001778341545184
2020-10-30,0.00034407035118989046,0.0006321575528697645,-8.818973259669662e-06,0.771113267569223,1.4167598996140727,-0.019764641920908665
2020-11-04,0.0001432530059936623,0.0008763416945699957,5.0389510275735865e-05,0.32105147438269627,1.9640131887855459,0.11293045095446544
2020-11-07,0.00017480723119314115,0.0007272870693193217,6.246896709832006e-05,0.3917692261885083,1.629959415404998,0.1400023256124
2020-11-08,0.00031671243890176126,0.0013098079094472615,9.597113568533293e-05,0.7098000824446823,2.9354759962577304,0.2150857107411839
2020-11-09,0.00017000197082314223,0.0014936112059106088,5.987746895617507e-06,0.38099991691028523,3.347406754126561,0.013419438955113177
2020-11-10,0.00010822319517814103,0.000906386690466011,2.2623123933057945e-05,0.2425444138734908,2.0313485313379007,0.05070181420257282
2020-11-11,6.983847400399306e-05,0.0008281475019429014,2.0356733528962245e-05,0.15651849601404905,1.8560027739793337,0.04562249334843373
2020-11-12,-5.819364453874328e-05,0.0002675571572864507,2.895130157141819e-05,-0.1304206864580045,0.599635723052529,0.06488420951678388
2020-11-13,0.0003473563519080575,0.0015132737335216402,7.885470786826468e-05,0.7784776880787431,3.391473427882024,0.17672522853896142
2020-11-14,0.0003853798115812322,0.001605968483660269,7.836034892376185e-05,0.8636939647252786,3.5992162671552124,0.17561729599048886
2020-11-15,-0.00012827503127482554,0.00041755891228976224,4.688626526315723e-05,-0.2874835863415753,0.9358121562782007,0.10507915339452482
2020-11-17,0.00030338941093161707,0.0016626076984351133,9.554784074955286e-05,0.6799411783093936,3.7261532433478544,0.2141370432958604
2020-11-18,0.0004682321859307852,0.0017538361601384912,0.00010787295249312959,1.0493785634987793,3.9306099102943794,0.2417594674799774
2020-11-19,0.0005001769277865953,0.0011819762118146972,0.0001141328335964223,1.1209715217089282,2.648985987108509,0.25578880001462184
2020-11-21,0.00017890097246882043,0.0017624713911391701,3.2686628729388185e-05,0.4009439144484969,3.9499627582515515,0.07325563797686833
2020-11-22,0.00011526519094236927,0.001475841839583313,6.661606491365597e-05,0.2583265826804909,3.307582938782142,0.14929659388124009
2020-11-23,-5.438252290115648e-05,-5.438252290115648e-05,2.1350696447625218e-05,-0.12187939119992684,-0.12187939119992684,0.047850113343595256
2020-11-24,7.47974345543155e-05,0.00047089759605658263,1.69638841181004e-05,0.1676322704514042,1.0553521474022103,0.03801860889128071
2020-11-27,-0.00036148235866952197,0.000247287333420606,4.058724759537516e-05,-0.8101361881321992,0.5542080072955912,0.09096210994837504
2020-11-28,6.743596728181257e-05,0.0006231627179273975,4.035447083067698e-05,0.15113411807363425,1.3966011252829869,0.09044042230217171
2020-11-30,8.604152740881628e-05,0.0001531719323448626,3.370076350088403e-05,0.19283196915226863,0.34328127617468884,0.07552846612000624
2020-12-01,-4.626128250170283e-06,0.0005021982244340679,-1.3865859005240174e-05,-0.010367847327869129,1.1255015506904114,-0.03107546990959402
2020-12-02,-3.937116332442116e-05,0.0002656421914167178,-2.1834021557129818e-05,-0.08823668268452649,0.5953439972935771,-0.048933317412761496
2020-12-03,-6.432629835986801e-05,0.0002938555621141617,5.7101113543404294e-05,-0.1441648835692182,0.6585743930321535,0.12797216061780053
2020-12-08,-6.602850366510654e-05,0.00023961585780708422,-1.2254740431061663e-05,-0.14797978098905354,0.5370150797243468,-0.027464711517073845
2020-12-09,6.687038622468003e-05,0.0009553123088859,2.4818391622677723e-05,0.14986656608744167,2.140998181059635,0.05562173838516418
2020-12-11,0.0002663895541387029,0.0008147321123410442,6.468938731977401e-05,0.597018949257954,1.8259368735731314,0.14497862039171153
2020-12-14,-6.137136617388732e-05,0.00046784263375427687,1.0093220095187623e-05,-0.13754243730060758,1.0485055186383976,0.02262042021632974
2020-12-15,8.736000705181501e-05,0.0009694684651198926,2.528566158155569e-05,0.19578687980417522,2.1727242506034474,0.05666896045350353
2020-12-16,0.00010603609987225897,0.0005466943266047904,2.073937028596735e-05,0.2376428052287132,1.2252239900703261,0.04648003971639573
2020-12-17,1.5730085961763925e-05,0.0007190090267569492,-1.0999085379650906e-05,0.03525348215320722,1.611407080316337,-0.024650600198604627
2020-12-18,8.147298805616441e-05,0.00026859261561192256,4.565064651678469e-05,0.18259318718207287,0.6019563404786603,0.10230994644109202
2020-12-19,3.807240102272301e-05,0.00014825606302859882,2.491823547134679e-05,0.08532596155207567,0.33226407565654426,0.055845503426608864
2020-12-20,7.86547760068628e-06,0.0002786802687725469,1.0291923334401853e-05,0.017627715124778055,0.6245642843595935,0.023065743980894716
2020-12-22,-0.0001789490630080618,-0.0001789490630080618,-1.0706014543290163e-05,-0.4010516925605177,-0.4010516925605177,-0.023993784493694752
2020-12-23,1.811188197094522e-05,0.00023864243985332378,1.6531684261489888e-05,0.04059144427918388,0.5348335040772766,0.037049984182638065
2020-12-25,-2.686462922397607e-05,9.896654097116302e-05,1.6763178107047684e-05,-0.060207663785313975,0.22179886329752202,0.03756879661460992
2020-12-26,0.00016819087027821508,0.0005432432034793833,1.9688984723555378e-05,0.37694096892402174,1.2174895054778199,0.044125968113196135
2020-12-27,0.00011780880069393786,0.0007923637600360927,4.94159597577439e-05,0.2640271936752189,1.7758060408048892,0.11074857821106775
2020-12-28,-1.5573793123532858e-05,0.0004192070523277991,1.892503110994066e-05,-0.034903206458805666,0.939505885324447,0.042413833472043506
2020-12-29,0.00012191005941225402,0.000557132995678567,3.6700686116876954e-05,0.27321872965177313,1.2486186132650205,0.08225174269083879
2020-12-30,0.0003395774337018786,0.00033957743378019913,1.943627377003317e-05,0.7610439655409652,0.7610439657164934,0.04355960495970984
2020-12-31,-3.265059322028841e-05,0.00034383284896682785,8.239641517410425e-06,-0.07317487699564937,0.7705809894620063,0.018466272586744374
2021-01-01,0.0001580971728322476,0.0007769139293281781,4.6578013740563876e-05,0.3543194788929917,1.7411806527138463,0.10438831549466474
2021-01-02,4.2343711326887113e-05,0.0004812844625425056,1.934174568630101e-05,0.09489860864025305,1.0786306732271365,0.04334775334485351
2021-01-04,-8.284962886190488e-05,0.000267130330113941,2.0646564100351142e-05,-0.18567844572385814,0.5986791393348588,0.04627204713350196
2021-01-05,0.0001515865770117964,0.00036728600994330327,1.1674786476568633e-05,0.33972825706998755,0.8231430411844342,0.026164947711961793
2021-01-06,0.00022637853717508128,0.00046917155671161203,1.8300639872684827e-05,0.5073482585899334,1.0514838343242294,0.0410144790506676
2021-01-11,0.00021506720292398728,0.000656235919886281,2.9988728326495256e-05,0.4819978618330941,1.4707231318531386,0.06720923848892485
2021-01-15,4.9340450963181374e-05,4.9340450963181374e-05,2.5278426622108897e-05,0.11057935167613395,0.11057935167613395,0.05665274582413936
2021-01-16,6.830655901661276e-05,0.0004133096559508697,2.9149283343518324e-05,0.1530852447400817,0.9262889354342916,0.06532791636532609
2021-01-20,-7.782659417422405e-05,0.0003265325504649741,-3.1217800470183765e-05,-0.17442107153356223,0.7318084254745767,-0.06996377352375235
2021-01-23,0.00023984102135450415,0.0007082210495274015,-1.1092334106718997e-05,0.537519705008647,1.5872296051483359,-0.02485958458327328
2021-01-25,8.390380585702384e-05,0.00045960476136285374,2.215961982922825e-05,0.18804101449646898,1.0300432109283597,0.04966303198027489
2021-01-31,0.00028371644872841515,0.0009577212039041809,3.817686015609399e-05,0.6358511190676877,2.146396876129855,0.08556007013883005
2021-02-01,1.545752083879364e-05,0.0005090934781550642,1.1600944553538367e-05,0.034642622827862374,1.1409548485672223,0.025999456886162512
2021-02-02,0.00011688022928929651,0.000587013844724566,2.719088974964068e-05,0.2619461258717069,1.315586078104461,0.060938862562407214
2021-02-05,-8.427325967729094e-05,0.00026249120824707275,-3.128552404330625e-05,-0.1888690159257606,0.5882821713629272,-0.0701155522096558
2021-02-06,-0.00012093927195733145,0.0004728639936081351,-3.551454991010788e-05,-0.2710430493471734,1.059759139274872,-0.07959343353103827
2021-02-07,0.0001700934655762793,0.00017009347023241094,-1.438883263187903e-05,0.3812049703762784,0.3812049808113678,-0.03224753225293569
2021-02-09,0.00011007190809430175,0.0007547064373977225,3.104220219873354e-05,0.2466876568255444,1.6914103321739058,0.06957023145769167
2021-02-11,-4.170852177934981e-05,0.00031045000437231125,1.653642547920873e-05,-0.09347505358578984,0.6957650272990054,0.03706060996272864
2021-02-12,6.307706166269067e-05,0.0006134371371503977,9.810029874281091e-06,0.1413651567453392,1.3748046399246139,0.021985748452745067
2021-02-15,0.00012977206158698302,0.0005774658045952678,3.2021584616450055e-05,0.29083865582566704,1.2941874879686845,0.07176517436315705
2021-02-16,0.0001055772006719225,0.00043400144230077434,6.112476899774121e-05,0.23661434328587913,0.9726623324123804,0.13698977603928772
2021-02-20,0.00017568611881090942,0.0004675439917458529,4.4420626902643124e-05,0.3937389451730697,1.0478362171012183,0.09955328798285865
2021-02-21,2.529758842808533e-05,0.0008627142676139492,1.2708121591354236e-05,0.05669569030560344,1.9334720808630024,0.028480806704463547
2021-02-22,-5.256650790374393e-05,0.0002735498145120804,-3.255352525898194e-06,-0.11780942918847571,0.613066166793749,-0.0072957333134167374
2021-02-25,-6.0645075207867616e-05,0.0004071629080735904,-1.2940119079821031e-05,-0.13591471030211252,0.9125131514291273,-0.029000747875740904
2021-02-26,-8.033912677143806e-05,0.0003862873181256873,-2.6763767152761324e-05,-0.18005203396380842,0.865727823017384,-0.05998161675441104
2021-02-27,-1.5496310984013025e-05,0.000231473352169765,1.8553436766376907e-05,-0.03472955736182079,0.5187665032152688,0.041581034808965606
2021-02-28,2.96706358985076e-05,0.0002673880360537398,9.815137885130261e-06,0.06649634564394032,0.599256697001839,0.021997196271259685
2021-03-01,0.00010420059644246307,0.0006109380209820595,4.1054401488162015e-05,0.23352916671702612,1.3692037457239428,0.0920090718951943
2021-03-02,-2.5310922490718294e-05,0.0005086322780697884,-1.4847458979817779e-05,-0.056725573940073305,1.1399212299961063,-0.033275382692618614
2021-03-03,-3.777656913040086e-05,0.0004656987632223214,7.380019591818411e-06,-0.08466295790659789,1.0437007831957057,0.016539730908203834
2021-03-04,-1.3537424200317826e-05,0.0006623088283938347,3.266937019501584e-05,-0.030339398246542297,1.4843334307548426,0.07321695901255974
2021-03-05,0.0002587483763249325,0.0011685909434918406,5.244279502878791e-05,0.5798939236006224,2.6189875930067386,0.11753217007876803
2021-03-06,0.00011336649725191808,0.0007549378980818618,-6.045849360318086e-06,0.2540713253161362,1.6919290702861647,-0.01354965529387688
2021-03-07,5.6335655376176006e-05,0.0006429768363297087,1.1025354460287868e-05,0.12625665404631686,1.4410075367403268,0.024709473148674155
2021-03-09,3.4624463210789284e-05,0.00047716615900376963,1.3362113799699534e-05,0.0775986157248604,1.0694009372512983,0.02994650134219661
2021-03-10,5.6892216764769235e-06,0.0006203406433030855,5.314569113346315e-06,0.012750399160236257,1.3902764327387103,0.011910746568376094
2021-03-11,2.1822028232394425e-06,0.0004596412282185352,-4.386277168111437e-07,0.004890643857303077,1.0301249386219702,-0.0009830305075312947
2021-03-13,-0.00030725419594376053,0.00010610971521167799,-0.00013977319892127826,-0.6886027412393589,0.23780778824665214,-0.3132527047624228
2021-03-14,6.451746626049459e-05,0.0003487224469373144,3.4395594522042875e-05,0.14459331950970744,0.7815393119535622,0.07708568666307639
2021-03-15,-3.7043559996382535e-05,0.00034337686015624316,-4.090795219630819e-06,-0.08302017448589272,0.7695590501391644,-0.00916808570647561
2021-03-16,0.00012069298590593841,0.0007136412199646804,2.683523532557593e-05,0.27049108536309385,1.5993770201238435,0.0601417876499145
2021-03-17,7.844919016491402e-05,0.0007291602305855878,3.852665090758486e-05,0.17581640253809705,1.6341574507768901,0.08634400368153382
2021-03-18,1.446484260447349e-05,0.0005866874438107917,4.223844862990414e-06,0.03241788200301576,1.314854564696556,0.009466269914690966
2021-03-19,-5.756588076824758e-05,0.00024044152068878352,-1.6435733593607506e-05,-0.12901377368375808,0.5388655140916672,-0.03683494434331346
2021-03-20,3.517988389572535e-05,0.0006636615220437386,1.6220855572071666e-05,0.07884339679290488,1.4873650201283248,0.036353370465348415
2021-03-21,9.326426292356387e-05,0.00039879001055781905,5.117063913958397e-05,0.20901920285114517,0.8937482321616562,0.11468107790767862
2021-03-22,5.0122009300218147e-05,0.0005521607305453768,4.132550010775586e-06,0.1123309411431839,1.2374750212617713,0.009261664456649705
2021-03-23,-3.921081434895474e-06,0.00047761251156497233,-1.451636442989934e-06,-0.008787731657815991,1.0704012802938379,-0.003253335014206891
2021-03-25,8.242537361694958e-06,0.0004535463120147203,1.2116950946433203e-05,0.018472762608162656,1.0164653171717906,0.027155904613598774
2021-03-26,2.684015373723531e-05,0.000877672178593573,1.1716412081622995e-05,0.06015281054820492,1.9669950030549863,0.026258236936729375
2021-03-27,-0.0004864641177412977,0.000192134666462787,-0.00014332300013802303,-1.0902390574759093,0.4306026077430751,-0.32120834175933033
2021-03-28,0.00011640684826966284,0.0007231864615170376,3.3726978853885495e-05,0.2608852079995549,1.6207693382289088,0.07558721865838548
2021-03-29,0.0002337519044961675,0.0015757383840809625,3.8429671493231544e-05,0.5238730807615858,3.531466079483049,0.08612665826705587
2021-03-30,-0.00015518463491967692,0.00020799304673504125,-4.89083300422808e-06,-0.34779204455023394,0.46614361669023774,-0.010961090387425763
2021-03-31,-0.0001022582056825694,0.0002108856290345923,-2.675068494802039e-05,-0.22917597766549042,0.4726263275108766,-0.0599522975712559
2021-04-04,-0.00017288318163012682,-0.0001728831812889558,9.523815162268161e-05,-0.38745714251035873,-0.3874571417457433,0.2134429835091729
2021-04-05,7.975643581709411e-05,0.000310132421813662,2.2585899350004955e-05,0.17874613613148047,0.6950532771476886,0.050618388328263604
2021-04-06,6.124373078838336e-05,0.0003057937376295087,9.95541103448938e-07,0.13725638725638536,0.6853296350883734,0.0022311569439945876
2021-04-07,0.000167505578305127,0.0005987510048212002,9.729135572045777e-06,0.3754051268185354,1.341890814455033,0.021804452187290393
2021-04-08,0.00017317939281033472,0.0006898114771491402,6.407348007904723e-05,0.3881209961968817,1.5459709920127958,0.14359827987915671
2021-04-09,4.4068770877031024e-05,0.0006349503457472791,2.0907786453311984e-05,0.09876472585105808,1.4230189673715146,0.046857485609840155
2021-04-10,0.00024895394701893316,0.0013155035143978518,0.00014017123351630422,0.5579431383614821,2.9482407012927454,0.3141447599950652
2021-04-11,0.00026010829310467876,0.00045838793702828226,0.00016884687723578263,0.5829417010915509,1.0273161250709348,0.3784111789169743
2021-04-12,0.0002914694740350472,0.00203238756852544,0.00011096529299295934,0.653226811733646,4.55488539920079,0.24868986639117083
2021-04-14,-2.5954821607771698e-05,0.0002553594076392735,1.5203149258941558e-05,-0.05816864844625754,0.5722987364307578,0.03407253796167687
2021-04-15,0.00019851124461018932,0.0011243801114146697,8.668012550231094e-05,0.44489347585812583,2.519904486696987,0.19426316326950416
2021-04-16,0.0003011038429827804,0.0012113745891789737,0.0001265194746951735,0.6748188777008584,2.714872160538457,0.28354912071308813
2021-04-17,0.0005678950209146693,0.0018176512065399626,0.00017790311011470976,1.2727379261229113,4.0736290015370376,0.3987075552335818
2021-04-18,0.00018335410590972933,0.0018744709371548063,6.464115033417114e-05,0.4109240544595899,4.200970540804494,0.14487051407142768
2021-04-19,0.00048378108596905113,0.0016842278641770272,0.00011013980460745722,1.084225980819539,3.7746072778003446,0.24683982309600278
2021-04-20,0.000990468313229954,0.003390654368605979,0.0002971676735480944,2.2197880601953113,7.59896503820129,0.6659973315723118
2021-04-21,0.0002874493932801398,0.002168595422824552,8.27106817233262e-05,0.6442172077497853,4.860147631863245,0.1853670443442325
2021-04-22,0.0006897018143222422,0.002640330265053085,0.00020134339975461156,1.545725221168293,5.917376173523722,0.45124076036004773
2021-04-23,0.00017852627826167323,0.001029165892134177,5.5760465899152524e-05,0.400104168526149,2.306515139156511,0.12496756814988569
2021-04-24,0.00025717896868622715,0.0009853779654854908,8.440443585607618e-05,0.576376645671138,2.208379827347808,0.18916300141884515
2021-04-25,0.0002782531972369688,0.0013696592617206981,9.650463497541396e-05,0.6236071529876326,3.0696118544053426,0.216281362675149
2021-04-26,0.0002666500531836197,0.001642840316426776,9.567169656662002e-05,0.5976027666924693,3.6818515751598695,0.21441462276028045
2021-04-27,0.00036980807229271636,0.002903022372580875,0.0001202443592685775,0.8287953612188214,6.506108590309628,0.26948564577477246
2021-04-28,0.000336967451865674,0.0017907944362407092,4.5401603810518106e-05,0.7551946047487552,4.013438950780865,0.10175180437994266
2021-04-29,0.0008142653600525701,0.0024474162834584702,0.00012283215244486453,1.8248908116818177,5.4850270036729505,0.27528527845180817
2021-04-30,0.0004028753732510865,0.00123162571109331,8.803591545754169e-05,0.9029041427616726,2.760257962416772,0.19730169192766955
2021-05-01,-2.7577296462116456e-06,0.0013339146119265412,-5.49524501610717e-06,-0.00618048579660723,2.989502732519168,-0.012315668367848585
2021-05-02,0.0003215395121953727,0.0005555715752631889,3.4095935370260384e-05,0.7206182777566595,1.2451192359010959,0.07641410555505906
2021-05-03,0.00030529969841817624,0.0012232067542984858,5.647199612021323e-05,0.6842224191098957,2.7413898173960516,0.12656221410481588
2021-05-04,0.0002662833411224536,0.002353697780066601,3.324537073111726e-05,0.596780909956587,5.274989779796263,0.07450786261404345
2021-05-05,0.0012316382677977338,0.003217969719951251,9.826592250751208e-05,2.760286103874891,7.211952837868747,0.2202286722277107
2021-05-06,0.0007144039540942556,0.00301514585207821,0.0002148276670734245,1.601086421718341,6.757394126385081,0.48146102606160535
2021-05-07,0.0001441520746368257,0.0005972022232910867,4.5424337526584594e-05,0.32306642207232195,1.338419762728819,0.10180275404770507
2021-05-08,0.0004968403180452993,0.0019318139603874782,0.000138309510966483,1.1134936787872227,4.329484857322397,0.3099723605025334
2021-05-09,0.00040692382961212705,0.0014233744075360588,8.719414068230162e-05,0.9119773407352185,3.1899955534494384,0.19541514839014026
2021-05-10,0.00021623796078342532,0.0009085335529358133,4.831983191788948e-05,0.4846217058097737,2.036159972162098,0.10829199130277802
2021-05-11,0.00024946975777320507,0.0012327285290984543,6.721708596068126e-05,0.5590991476334186,2.762729542989001,0.1506435722007808
2021-05-12,0.0002340884610797062,0.0010793009565622466,9.266652577667558e-05,0.5246273545487836,2.418875338799479,0.2076795842443965
2021-05-13,0.0005428057898169176,0.0033135797381541195,0.00016440244553903718,1.216509195848185,7.426229230164105,0.3684505408198132
2021-05-14,0.0003763855567796789,0.0015811194005524644,6.875077864855087e-05,0.8435364905767775,3.543525744548156,0.1540808075681998
2021-05-15,0.0004865647584770356,0.001989116867037035,6.756658686388237e-05,1.0904646084608085,4.457909266560051,0.15142685614999
2021-05-16,0.0003627909723404384,0.001456644296838777,8.855661276689233e-05,0.8130689876607735,3.2645583658602253,0.19846865270252076
2021-05-17,0.0005052572001726931,0.004241969461820627,0.00013848630785625446,1.1323571741670313,9.506889859359298,0.3103685888520447
2021-05-18,0.0004281272637925114,0.0017265136753515555,8.318565662856661e-05,0.9594974172485871,3.869376123514139,0.18643153435311205
2021-05-19,0.0005539262263978675,0.0025178256807600156,0.00011834000815336043,1.241431762291581,5.642825024435309,0.2652177092729037
2021-05-21,0.0005305305298009381,0.002048841371247487,0.00012009530749651819,1.1889984968633724,4.5917608391713065,0.26915159839582176
2021-05-22,0.0009307271909088696,0.0020849915443265964,0.0002548602043884634,2.085899243905413,4.672778799567552,0.5711799470652047
2021-05-23,0.0005703855818405383,0.002604760892771026,0.00015155770383661006,1.2783196467419224,5.837659874833785,0.33966354795341863
2021-05-24,0.0008896914249214092,0.002457597619389336,0.00023508886900935677,1.9939319369626163,5.5078449046944105,0.5268694187803199
2021-05-25,0.0001700526860979053,0.001991142414604741,2.1344597280307167e-05,0.3811135774483205,4.462448822491416,0.04783644419476041
2021-05-26,0.0001245076257848087,0.0012334302798991499,1.3226843123285047e-05,0.279040265527624,2.7643022717959798,0.029643339465750283
2021-05-27,0.0002590838018021672,0.0008956574920891839,5.968663113447838e-05,0.580645662408927,2.0073027883956747,0.13376669336703623
2021-05-28,0.0002711965193453073,0.002153933353126601,5.0541548888873314e-05,0.6077920793307354,4.8272877343596825,0.11327119229229843
2021-05-29,0.00048794323982887487,0.001197910979960871,5.81665170882726e-05,1.093553991942483,2.6846981927393063,0.13035988977238214
2021-05-30,0.0004458479154972571,0.0010909805408454755,0.00011514469303610315,0.9992120558166777,2.4450510391158375,0.25805652879786256
2021-05-31,0.0005819954244827672,0.0010072941657502483,7.28327250873107e-05,1.3043390455795536,2.257497319571169,0.1632290618294264
2021-06-01,0.00015013807771473484,0.001646915288686236,4.595615091604339e-05,0.336481952870378,3.690984199239158,0.10299462762549064
2021-06-02,0.00073381623818985,0.0032510178183178134,0.0001736308297355513,1.6445922622191824,7.286018583522968,0.3891327340618308
2021-06-03,0.0005920271429225977,0.0022679233590242784,0.00015225910608525041,1.3268216313609797,5.082756436077262,0.34123549560295896
2021-06-04,0.0003234894703649236,0.0010326981873003942,9.28919205831042e-06,0.7249884265083486,2.3144315424682786,0.020818472781482397
2021-06-05,0.00046699602297702096,0.001594338776044032,8.814948652652015e-05,1.0466081368949505,3.5731523479310825,0.19755622172891063
2021-06-06,0.0002555207728373165,0.0012602456944577542,8.884940068568829e-05,0.5726603800443519,2.824399638133996,0.1991248343467303
2021-06-07,0.0001906438434519358,0.000895868803277015,5.586286565299403e-05,0.4272614497523059,2.007776368464282,0.12519706135820757
2021-06-08,0.00020929796745859606,0.0015236377205231453,8.220538775903186e-05,0.4690681397698326,3.414700677350447,0.18423460477615428
2021-06-09,0.0004328546105328786,0.002450316238142178,0.00012382358415284175,0.9700921103957608,5.491526237112343,0.2775072256241413
2021-06-10,0.00038470181735356226,0.001960215093140496,8.979941735138193e-05,0.8621744779619361,4.393136055991823,0.2012539641970496
2021-06-11,0.0006338451442176256,0.0014389165940741234,0.00017481665643045313,1.4205420449633317,3.2248279248092215,0.39179034955911
2021-06-12,0.0004388545017948743,0.00270478539453089,0.00010746344763602404,0.9835387666975826,6.061829786952905,0.2408417056694753
2021-06-13,0.0003826860762687277,0.002804362659896477,0.0001401498742683778,0.8576568998296591,6.28499737522699,0.31409689071657493
2021-06-14,0.0003780441360205583,0.00044888346049375854,2.118456865242497e-05,0.8472536154424742,1.006015167485587,0.04747779603538222
2021-06-15,0.0002384449314047731,0.0008411679732823618,-2.380701925864492e-06,0.5343908580178073,1.8851836033217653,-0.005335510121151206
2021-06-16,0.000205078233340738,0.002113641645733405,3.803858255791298e-05,0.459611082651595,4.73698797433542,0.08525016929966668
2021-06-17,0.0002981219123323589,0.0014048702377574078,4.9205939805208604e-05,0.6681359238236662,3.1485249333500147,0.11027789199444327
2021-06-18,0.0021584669691469753,0.0021584669691469753,0.0005679484377783084,4.837448247903744,4.837448247903744,1.272857641326856
2021-06-19,0.00011691882450126841,0.0002564730566634204,3.657885833878046e-05,0.2620326235310177,0.5747945909412246,0.08197870836595783
2021-06-22,0.0003713801876272818,0.0013304078466285854,0.00010650262420097779,0.8323187075008827,2.981643545471654,0.23868835622802137
2021-06-25,0.000425163935335009,0.0023245222587368877,9.725881773055674e-05,0.9528561536760555,5.209603060168176,0.21797159935683724
2021-06-26,0.0002554219270561457,0.001777419261961322,5.7201279191428463e-05,0.5724388518218809,3.983463178944617,0.1281966468598699
2021-06-27,0.0005938436854878288,0.0010640611487791182,0.000159362176504808,1.3308927757310476,2.384720643586321,0.35715454187375045
2021-06-28,0.0003279561498914737,0.00045124591653656303,8.133989256371356e-05,0.7349989253292764,1.0113097858459184,0.18229490021916667
2021-06-29,0.0007419821952014358,0.0027906577296430137,0.0002835000195427548,1.662893396775698,6.2542825707894405,0.635366068798245
2021-06-30,0.0007159190589044299,0.001420986245683909,3.726875919785743e-05,1.6044819988636632,3.1846433245144925,0.08352487967627818
2021-07-02,0.0002683819614466404,0.0016713216809178507,6.556405317287715e-06,0.6014842328961382,3.745682585189041,0.014693887776839363
2021-07-03,0.00035311859703419105,0.0017364288810823832,8.795050876771146e-05,0.7913917437431773,3.8915975868377832,0.19711028272475653
2021-07-04,0.00033910848314162926,0.002109868410579693,0.00010621129444841474,0.7599929769928625,4.7285315883706796,0.2380354425530647
2021-07-05,0.0002708455080687052,0.0017473311602426464,8.756275420947333e-05,0.6070054104081787,3.9160312297778073,0.19624126659656116
2021-07-06,0.0002886105553494597,0.0016185476797557087,8.43183060904757e-05,0.6468195461214417,3.6274081324845064,0.18896997169466961
2021-07-07,0.0010295523226034663,0.002965750654220748,0.00016994342945858407,2.3073811878027586,6.646692078706829,0.3808687169311057
2021-07-08,0.0003132202944507435,0.0016223850451931442,4.828058672972622e-05,0.7019736629082838,3.636008244034615,0.10820403694932591
2021-07-09,0.0004585751704796223,0.002094829095431365,0.00010673239060405808,1.0277357433204055,4.694826227226003,0.23920329720228478
2021-07-10,-0.00010888176852388748,9.80704646632446e-05,1.8780771073910268e-05,-0.24402037552731043,0.21979062188003062,0.042090525092293996
2021-07-12,0.00018412281492435006,0.0017622325101165006,-4.888332819312097e-06,0.4126468466677071,3.9494273900475956,-0.010955487098001307
2021-07-15,0.00021879301934064462,0.00213305691353262,6.303264050804342e-05,0.49034797529528573,4.7805005017636315,0.1412656022746015
2021-07-16,0.00043756100581765495,0.0017399394365769164,0.0001221133488742266,0.9806398481882375,3.8994652682843562,0.273674331829473
2021-07-17,0.00045605090690639525,0.0018587446232789942,8.827230947788367e-05,1.0220784900132678,4.1657255124617185,0.19783148638635897
2021-07-18,0.000415313741612796,0.0018355678639498845,8.054581944193623e-05,0.9307803920155179,4.1137829182912835,0.1805152632422954
2021-07-19,0.0009201277602656681,0.002813499074373557,0.00031847838740412443,2.062144329919402,6.305473450532297,0.7137578379307535
2021-07-20,0.0007910517438049226,0.002072665706419029,0.0003260363886362797,1.7728656156284024,4.645154747941008,0.7306964523921983
2021-07-21,0.00027220647522608677,0.0012565261568104416,9.107077455675902e-05,0.6100555419529444,2.8160635963357215,0.20410326639788048
2021-07-22,0.0005744899236798227,0.002235785901355571,0.00014286726208741473,1.2875180924550347,5.010731572823039,0.32018696442720956
2021-07-24,0.0003688573461931091,0.0006476839783004051,5.54387044894396e-05,0.8266646414206865,1.451556947967953,0.12424645256650756
2021-07-25,0.0004754339013484722,0.0022634595926137504,0.00010794360838469098,1.0655186880071286,5.072752465986307,0.2419178179313502
2021-07-26,0.0004934606072845936,0.002435018992209494,0.00010806429569653251,1.105919240015867,5.457242814390308,0.24218829630028385
2021-07-27,0.0005409650228025173,0.0026953336633570206,0.00012014876150848503,1.2123837608538617,6.040647039632587,0.2692713968547412
2021-07-28,0.00043415808630255286,0.0023824468036209487,6.575353716714664e-05,0.9730133951169664,5.33942065393509,0.1473635398221507
2021-07-29,0.00031325013926426185,0.001155396090611378,8.247053684704538e-05,0.7020405496121005,2.5894159484736896,0.18482884365475574
2021-07-30,0.00038978307706049995,0.0024957326900898534,0.00012403456055766967,0.8735623431541395,5.593311318394875,0.27798005539382137
2021-07-31,0.00038448940657640824,0.0018193816195442181,0.0002106704942478197,0.8616984335487173,4.077507116641525,0.47214417818350113
2021-08-01,0.0004533965888894045,0.002296840304241961,0.00033579634411615145,1.016129765189489,5.147563647851872,0.7525699766159129
2021-08-02,0.0005006335056347186,0.0016068515067675384,0.00020479615038383763,1.1219947811532496,3.601195254392069,0.4589788924327377
2021-08-03,0.0003366303990812556,0.0012829233228643297,9.06140607083702e-05,0.754439218900956,2.8752236050373927,0.20307970215656387
2021-08-04,0.0003782663367457277,0.0024511437119998087,0.00014161976944667781,0.8477516005976876,5.493380730148371,0.317391146295422
2021-08-05,0.0021410898037352816,0.004208387156130944,0.00020345352408468733,4.798503413641327,9.431626874962866,0.45596986550239704
2021-08-06,0.0004005009931379516,0.0032565739076787967,0.00011829020046339776,0.8975828007711202,7.298470613194335,0.2651060827685439
2021-08-07,0.0003084706779490942,0.0014371743242843674,8.253455586214405e-05,0.6913290598856124,3.2209232368699103,0.18497231987044416
2021-08-08,0.00016240878111212147,0.0009157499106783081,3.542550672162487e-05,0.36398243978943107,2.0523329123166905,0.07939387438916959
2021-08-09,0.00035119520176387384,0.0016324164064097219,8.095186300683431e-05,0.7870811264331059,3.6584900292251485,0.1814252677777667
2021-08-10,0.000262485909944063,0.0014660624874931552,4.5592803965656784e-05,0.5882702970711368,3.285665943845285,0.1021803126076317
2021-08-11,0.0005174850593664046,0.004060487240858624,0.000170619362104027,1.1597616407990177,9.100160979850305,0.3823835833794401
2021-08-12,0.0006504065159012801,0.0021890479500513557,0.00017289282996324644,1.457658563112154,4.905984813257596,0.38747876587212976
2021-08-13,0.0005574718149161463,0.0005574718243917729,-2.2960638302970326e-06,1.2493779579993214,1.2493779792356219,-0.005145823453270195
2021-08-14,0.0005115368116224231,0.0015663205734506454,9.120424084808883e-05,1.1464307253675936,3.5103593531889143,0.20440238437669428
2021-08-15,7.980806370605071e-05,0.0008163913492709585,5.271401854396847e-05,0.17886184197481556,1.8296554724186087,0.11814002265981494
2021-08-16,0.00021236049871460497,0.001638495154408743,4.064962741271182e-05,0.4759317316942369,3.6721134153031545,0.09110191247599911
2021-08-17,0.0005415526499224513,0.002710955631181211,0.00017175861374081071,1.2137007213737019,6.0756582128217715,0.38493681718521794
2021-08-18,0.0005292618841356653,0.0016449198245356528,0.00012685972376056496,1.1861552716306465,3.6865120647580785,0.28431166990599016
2021-08-19,0.0005465099465993614,0.0013694289114453704,8.932891501648008e-05,1.224810766821159,3.069095604885792,0.20019949788918434
2021-08-22,-9.273273720686767e-05,0.0002751685680448773,-3.8092246449771363e-06,-0.2078279739911715,0.6166940362737768,-0.00853704381309051
2021-08-23,0.00046552879510586005,0.002108241851621491,0.00013260242083022348,1.0433198591514983,4.724886225761505,0.29718191544365535
2021-08-24,0.0004913812808794986,0.0012363064809635942,7.337021844322566e-05,1.1012591576430883,2.770748269811559,0.1644336650640352
2021-08-25,0.00022560586432825698,0.0012388186296449957,6.430299158075247e-05,0.5056165828392731,2.776378371828882,0.1441126495812034
2021-08-26,0.0004099709018995804,0.0022191626406874226,0.00011112366565646648,0.9188062867922447,4.973476352176617,0.24904480328598988
2021-08-27,0.00045412826073095927,0.003263535739855513,0.00015839940704057547,1.0177695515371894,7.314073123377183,0.3549968310889857
2021-08-28,0.00045563586408927715,0.0018075725933580594,0.00012328628110645898,1.0211483168036835,4.051041317604415,0.27630304890174057
2021-08-29,0.0005226034084557096,0.0011504485516692757,3.716655927658913e-05,1.1712326288605137,2.5783277715735973,0.08329583432272773
2021-08-30,0.0004976079323477108,0.0006892854603700014,8.537036202288284e-05,1.115214017581072,1.5447921095082289,0.1913277868475839
2021-08-31,0.00025639225126979136,0.0014995576791938855,8.16936801089083e-05,0.574613493933293,3.3607336927253764,0.18308779117607984
2021-09-01,0.00032930320720575703,0.0009116596211125772,7.063189591253364e-05,0.7380178828291823,2.043165959856452,0.15829667352437476
2021-09-02,0.0004868738673788601,0.002003425701309255,0.00015865021629730226,1.0911573678761324,4.489977510489237,0.355558932254699
2021-09-03,0.0005170629064988261,0.0013463613418914725,0.0001306604114871938,1.1588155328998442,3.017397721380074,0.2928295812045244
2021-09-04,0.00044960511822325454,0.0016201265395202075,5.665858424329934e-05,1.0076325107060469,3.6309465940457133,0.12698038607687032
2021-09-05,0.00010177958849950616,0.0012371417523490496,5.0982798941142824e-05,0.22810332476566822,2.7726202382770726,0.11426009984694224
2021-09-06,-0.00013104566411356713,0.0004755626052475996,6.390670857838555e-05,-0.293692990128121,1.065807132750658,0.14322451993044877
2021-09-07,-0.00012032229437572514,0.000401677066621293,5.1517769527380696e-05,-0.2696603100401564,0.9002185578583108,0.11545904917628926
2021-09-08,0.0005929064216480814,0.0032249985065469135,0.00015772478439649365,1.3287922268765977,7.227705402947616,0.35348490055020176
2021-09-09,0.0003669692443944939,0.0015385006128686124,7.7248640458974e-05,0.82243312207472,3.4480106485304907,0.1731257905646296
2021-09-10,0.0006931310622052147,0.002605926728318513,0.00016476471066811973,1.5534106800612169,5.840272687171035,0.36926243131385655
2021-09-11,6.425147447856606e-05,0.0022586425660508763,4.852298225507806e-05,0.14399719202763833,5.061956786904921,0.1087472816809682
2021-09-12,0.0006198094562202821,0.001035502177119752,0.00010430174499958092,1.3890859628080852,2.320715704251932,0.2337558558058108
2021-09-15,0.0005282098438398422,0.002632724430152859,8.16579894328477e-05,1.1837974915216622,5.90033035663708,0.18300780301742664
2021-09-16,0.00018665008760114927,0.001868480134543764,5.109273157996909e-05,0.4183108438273157,4.1875442535327565,0.11450647538044773
2021-09-17,0.00025819357334424804,0.002440069353150059,6.543094122265841e-05,0.5786505269004615,5.468561430812255,0.1466405539211609
2021-09-18,0.0005315359498644365,0.0025285880744646545,0.00015605298845111277,1.191251794038682,5.666945163086461,0.3497381550672114
2021-09-19,0.00025954342337081333,0.000980125105905037,6.790452453647233e-05,0.5816757432874984,2.196607381099074,0.15218422516491498
2021-09-20,0.0006583790020051796,0.0018511563717508418,0.00010682977227826611,1.4755261003439084,4.148719102549399,0.2394215441414361
2021-09-21,0.00034323221733078906,0.0016305974338984115,9.860196267351522e-05,0.7692348838708979,3.654413438981425,0.22098178864574863
2021-09-22,0.0002508616780974106,0.0017343341064717435,5.8928997274738256e-05,0.5622186498680117,3.886902882719148,0.13206872224227964
2021-09-23,0.00020963968621083668,0.0008282848058513482,6.128987177617697e-05,0.46983398275141663,1.856310492633749,0.13735979613117902
2021-09-24,0.0003857837811157364,0.001061844954746798,9.850161736669815e-05,0.8645993210475327,2.3797538203307864,0.22075689976137558
2021-09-25,0.00029665234674685785,0.001417313423899159,4.2092886836226684e-05,0.6648424069117205,3.1764119799716,0.09433647333300943
2021-09-26,0.00012103376517828878,0.0001210337652948416,2.0376028286037662e-06,0.2712548228293219,0.2712548230905342,0.004566573579325331
2021-09-27,5.94316829112405e-05,0.0010947474049538065,1.8181579004398894e-05,0.13319531615652663,2.4534931466122236,0.04074764578570858
2021-09-28,1.2712507086157559e-05,0.0005456448435125435,5.5511644384770035e-05,0.028490635256142014,1.222871941038137,0.12440992181292737
2021-09-29,0.0003972040293869257,0.0013967021741628429,0.00014313436564752731,0.8901938104605085,3.1302190776250556,0.3207855835709559
2021-09-30,0.00033382782716867874,0.0012970623603969912,0.00011269444913460165,0.7481582348590844,2.906911309003717,0.2525651646780125
2021-10-02,0.0002546564673860565,0.0014207889479739431,5.7521696878719777e-05,0.5707233418822605,3.184201150751803,0.12891475095974284
2021-10-03,0.0001654906353672199,0.0010731494657912316,5.97599155662806e-05,0.37088933745324487,2.4050889252580188,0.13393093477136978
2021-10-04,0.00013702555737723642,0.0006033764876644983,5.6988705173435375e-05,0.3070948279159934,1.3522572153292904,0.1277202365994447
2021-10-05,0.0001450303983792071,0.0005898458772974233,2.784069979614274e-05,0.32503487732756003,1.3219330879051203,0.062395184348125306
2021-10-06,0.0002577237574281142,0.0013139875400512034,5.3194520170665316e-05,0.5775975989600182,2.9448431753857545,0.11921689888048657
2021-10-07,1.4008235082693887e-05,0.00048537995070997757,1.4995519718390345e-05,0.031394556055579406,1.0878092765336662,0.033607209016870525
2021-10-08,3.012707096119201e-05,0.00042667173760361083,1.858608802234191e-05,0.06751928508467547,0.9562353647303324,0.04165421117127157
2021-10-09,0.0005468888701154299,0.0025664826598098367,0.00021473290325133238,1.225659991259196,5.751872613032815,0.4812486461217236
2021-10-10,0.0005715569489743053,0.001754970388290281,0.00012142580847745563,1.2809448561937642,3.9331518857167636,0.2721334506692497
2021-10-11,7.459076839968445e-05,0.00030225589412235523,5.4421488343612536e-05,0.1671691005989528,0.6774007971123165,0.12196671860128724
2021-10-12,9.34308116391308e-05,0.0006238904273191194,2.6507108468918606e-05,0.209392463505038,1.3982320311862446,0.059406406145116934
2021-10-13,0.0007786193703410299,0.003045316830820706,0.0002034977303263077,1.7450028018397992,6.825011815393825,0.45606893832080453
2021-10-14,0.0004222236598609786,0.0023584617262288137,0.00013259666107650993,0.9462665552974322,5.285666497737706,0.29716900697162024
2021-10-15,0.0005072358112805274,0.0016049640314047399,0.00012965294424179856,1.136791538451354,3.596965138982733,0.2905716959875069
2021-10-16,0.0004093650311706845,0.0015465975863060831,0.00010238551381458039,0.9174484396081796,3.4661571805498785,0.22946129428554685
2021-10-17,0.00034952623548876473,0.001002226620073219,5.7866555896331704e-05,0.7833407226656451,2.246140189577095,0.1296876317470638
2021-10-18,0.00023220294444809656,0.0014446008000182575,6.78611537910583e-05,0.5204016289498516,3.237567082960918,0.15208702481883032
2021-10-19,2.61817787275771e-05,0.0005435843482232344,1.238303803922829e-05,0.05867729339530942,1.2182540620205018,0.027752245701616482
2021-10-20,0.00011975749097790681,0.0006469339665987513,4.24171879238772e-05,0.26839450090513584,1.4498760592427915,0.0950632807155974
2021-10-21,0.000222730584101679,0.000669556031486975,5.1944157261216015e-05,0.4991726485594779,1.500575499967034,0.11641464804597428
2021-10-23,0.0005263963192020751,0.0012107186561372406,9.030332036950536e-05,1.1797331107797306,2.713402116201977,0.20238328644611694
2021-10-24,0.0002392510543749824,0.001654525020927716,6.958835773761083e-05,0.5361975005124918,3.708038750652151,0.1559579479436465
2021-10-25,0.0001692217740237572,0.0006557912753549557,5.4806580437250486e-05,0.3792513788533435,1.469726616761759,0.12282976774694393
2021-10-26,0.00017423304398536858,0.0006271732132667354,6.224772706708547e-05,0.3904823865278088,1.405589246912744,0.1395064935163986
2021-10-29,0.00010519227416955502,0.0006283574651497082,3.376693221074112e-05,0.23575166525509825,1.4082433330202686,0.07567676012410246
2021-10-30,0.00018785311021170747,0.0010887441924842625,6.163766455237523e-05,0.4210069979509682,2.440039046986105,0.13813925191155574
2021-10-31,4.896615573197897e-05,0.0003529883409835588,4.344386757409707e-05,0.10974049991872467,0.7910998203953029,0.09736422381368764
2021-11-03,5.727114192669012e-05,0.000974095721500432,3.630368469141319e-05,0.12835321972900157,2.183094626240693,0.08136200294616067
2021-11-04,-3.614737105211727e-05,0.00023936557740757635,-1.8033661699338848e-05,-0.08101168063345263,0.5364541638069897,-0.04041614091747326
2021-11-06,0.00014971450640561914,0.0006495405717760747,9.43642024194396e-06,0.33553266603095333,1.45571785243595,0.021148433225232705
2021-11-08,-0.00013645915539173007,0.0007897270109417479,-2.571126387083893e-05,-0.30582543610617585,1.7698966905720983,-0.05762279902413067
2021-11-09,3.895785152103532e-05,0.0005103060105227993,5.0426588724267465e-05,0.0873103889363683,1.1436723154831716,0.11301354931939203
2021-11-10,6.1014691002941724e-05,0.00030029237227838967,3.2557681819602595e-05,0.13674307474124284,0.673000250131713,0.07296664861000236
2021-11-13,-8.827528559738289e-05,0.00037289736643776714,7.865309701087624e-06,-0.19783815631657467,0.8357189327920018,0.01762733883659253
2021-11-14,-4.633111454673095e-05,0.0004283261988256163,-7.243204967645991e-06,-0.10383497736640607,0.95994326049803,-0.016233108813239812
2021-11-16,7.656517699753631e-05,0.0003896279568977904,3.973813147950764e-05,0.1715940464280285,0.873214695601483,0.08905911336529855
2021-11-17,6.797013150727725e-05,0.0005658169019337284,4.4067213355537085e-05,0.1523312602275344,1.2680805497687753,0.09876123521176194
2021-11-20,1.3813277479165919e-05,0.0005500182720550112,3.253765589343371e-05,0.0309576268224327,1.2326734504160883,0.07292176750556897
2021-11-21,6.332671355354624e-05,0.00019758632517833503,2.966560031641894e-05,0.14192466408053017,0.44282059267342555,0.06648506014914231
2021-11-24,0.0009421251597190227,0.0009421251597190227,3.453542949108686e-05,2.111443801704288,2.111443801704288,0.07739907780394932
2021-11-25,-2.155621107486801e-06,0.00027182072897819615,2.910708247422734e-06,-0.004831070245044044,0.6091910267494843,0.006523333788711461
2021-11-26,4.0554077466686195e-05,0.00027742921886169005,2.5369892951263632e-05,0.09088777071446377,0.6217604938518767,0.056857735587724494
2021-11-28,0.0001048746303017533,0.00019690301386068027,4.804069539872449e-05,0.23503977770077442,0.4412891895138636,0.1076664044928514
2021-11-29,-0.00011831392024185763,0.00020180389343348745,2.0517195537668736e-05,-0.26515924235003924,0.4522727957684604,0.04598211277924629
2021-11-30,0.0006237179029758348,0.000704601285600108,3.387488392201693e-05,1.3978453782542923,1.5791171712226821,0.07591869610182825
2021-12-01,-4.738425451793353e-05,0.00020624853572431164,-6.865613022395303e-06,-0.10619522201286673,0.46223390583854107,-0.015386868625141234
2021-12-02,3.709365065710489e-05,0.0003248385778404482,2.2613679881791347e-05,0.08313243517017062,0.7280119787271205,0.05068064866707668
2021-12-03,7.686948424456452e-05,0.0006105975527825218,1.9143391651479216e-05,0.17227604461470578,1.3684407054185488,0.042903212199712645
2021-12-05,0.00022458580369664745,0.0004869188438272209,4.226615031066487e-05,0.5033304739547414,1.0912581668433763,0.09472478276874659
2021-12-06,0.00012050835225995563,0.00012050835225995563,-1.207857066216266e-05,0.2700772936673996,0.2700772936673996,-0.027069888639505844
2021-12-08,0.00015808766146489727,0.0004967872997192794,4.971573871895495e-05,0.35429816249205454,1.113374856765863,0.11142042782998589
2021-12-09,0.00018512964474543653,0.0010968736461778093,3.3859735819310826e-05,0.4149033033212351,2.4582583721313975,0.07588474693144846
2021-12-10,-0.00013669357933555933,0.0006137350670790974,-3.24211150880676e-05,-0.3063508153278888,1.3754723455843192,-0.07266058207962271
2021-12-11,-7.589343524822278e-05,0.00039339284279839314,-1.5684932662185307e-05,-0.1700885724065545,0.8816523696376188,-0.035152286835856604
2021-12-12,1.254118000170985e-05,0.00023643280931942042,-4.012814964802575e-06,0.02810666556083203,0.5298813906062191,-0.008993320258367292
2021-12-13,9.646301149246849e-05,0.0006081590891714539,3.587667538366723e-05,0.21618807820634578,1.362975742696604,0.08040501103610583
2021-12-15,-3.70956919358643e-05,0.00028557238808851857,5.594089863279784e-06,-0.08313700998206228,0.6400105575645834,0.012537194497089489
2021-12-16,2.1303803967666915e-06,0.0004948411335109765,8.809411226310062e-06,0.004774502026213671,1.1090132063681248,0.019743211969844795
2021-12-17,-5.260092897758752e-05,0.00026796404851548003,2.0827472571573052e-06,-0.11788657197812027,0.6005476273304681,0.004667749015378095
2021-12-18,-0.00014724219800154898,0.00011340333505836622,1.7840037401582225e-07,-0.3299918520511715,0.25415388436605746,0.00039982199822556007
2021-12-19,5.828507925357776e-05,0.00042141077574465416,2.54368447901782e-05,0.1306256053691558,0.9444447600601317,0.05700778470150787
2021-12-20,0.00015285332154297884,0.0010861178191886268,-1.4568154928530349e-05,0.342567221576047,2.434152950474591,-0.032649420418075795
2021-12-22,4.5579042123799e-05,0.000609310094699057,1.437057079252854e-05,0.10214947025575213,1.3655553187347917,0.03220660473167534
2021-12-23,-0.00018442435708400333,0.00015684814938498123,-1.7415612322720375e-05,-0.41332264787881406,0.3515202299941507,-0.03903099955706477
2021-12-24,8.361175906154395e-05,0.00046088998916992156,3.174837474769968e-05,0.18738649382077924,1.0329235992281698,0.07115287006580713
2021-12-25,0.0009884321992403972,0.0009884321992403972,-3.563801593447588e-06,2.2152248233276164,2.2152248233276164,-0.007987013941155063
2021-12-26,-6.217119853171556e-05,0.0002594703675169329,1.2532994861178998e-05,-0.13933498158935434,0.5815120141605742,0.02808832143313131
2021-12-27,-1.9894772516050007e-05,0.0003277608693671843,-7.712307710518519e-06,-0.04458716942434547,0.7345612723822652,-0.01728443842542858
2021-12-28,-0.00012920281620073024,0.00020416117345361463,-4.059357844235461e-05,-0.2895628915282666,0.45755581388556843,-0.09097629832608305
2021-12-31,-0.00011335321722564539,0.00023238064110703605,-1.6765390243711196e-05,-0.2540415627852552,0.5207998738170339,-0.03757375434469335
2022-01-02,-9.959804873433049e-05,0.0002872584248288142,-2.7426748078690917e-05,-0.22321416692094478,0.643789218805097,-0.06146745645655815
2022-01-03,-2.5942795123514837e-05,0.00014795002456035184,-7.85391300375607e-06,-0.058141695291065276,0.33157819754343254,-0.017601797128367916
2022-01-04,4.4983274828588455e-05,0.0010518315198346552,4.923877979134866e-06,0.10081426638209103,2.3573122106774376,0.011035149132938104
2022-01-05,-6.850814261976588e-05,0.0004520580695866236,-2.0811367723634194e-05,-0.15353702383228832,1.0131299426540614,-0.04664139677382278
2022-01-06,-9.03654142378576e-06,0.0001949244094525507,1.0694805306895294e-05,-0.020252244811917456,0.436854840244584,0.023968662913548388
2022-01-07,-5.5525729955453167e-05,0.00021461630589905738,-1.5781866728825944e-05,-0.12444148968966387,0.48098733396567245,-0.03536953061930827
2022-01-08,0.0001372622573925525,0.0006078493277224213,6.853385866487543e-05,0.3076253081553191,1.3622815208251045,0.15359465734678557
2022-01-10,9.882181132136446e-05,0.0007125196450686461,2.7053807303678513e-06,0.22147450244287595,1.5968634025455961,0.00606316402386391
2022-01-11,3.424460569202175e-05,0.0005119386478327551,2.3697358034927654e-05,0.07674729804667456,1.1473313005903791,0.05310933395997811
2022-01-12,0.00015090383057437618,0.0007562612266886571,3.980596212828129e-05,0.3381981198917632,1.694894848193284,0.08921113202379762
2022-01-13,-0.00010864732701846354,0.0002856372089243828,-8.033529762322271e-06,-0.2434949569474296,0.6401558307808805,-0.018004345226828557
2022-01-14,-9.078308220742399e-05,0.00030392876779971586,-1.7688292460838954e-05,-0.2034585046891683,0.6811499579543332,-0.03964211664860922
2022-01-17,3.038705923190797e-05,0.00029572200444183156,2.864892958593897e-05,0.06810195779759054,0.6627573702548109,0.06420654854152713
2022-01-21,7.680764993402259e-05,0.00045862506305174736,2.7102516450361388e-05,0.17213746464963472,1.0278475600584236,0.060740804742727424
2022-01-22,8.419202172961204e-05,0.00029583936042534533,1.815886451201227e-05,0.18868694949932005,0.6630203826172627,0.040696739201096295
2022-01-23,4.518257208707988e-05,0.000998730282582203,3.820570437502187e-05,0.10126092143295908,2.2383043728091043,0.08562471436008026
2022-01-24,1.586305317128266e-05,0.0002376514033602444,2.537951668374095e-05,0.035551481614820135,0.5326124426408118,0.05687930381576603
2022-01-25,5.55316997064857e-06,0.00041352134032513854,-3.5159604202320158e-06,0.012445486879719045,0.9267633518696843,-0.007879794695802982
2022-01-26,-3.8142817977521676e-05,0.0002395394504091475,-2.144118704820381e-06,-0.08548377651032271,0.5368438392844609,-0.004805291635308197
2022-01-27,-4.862052424834939e-05,0.00047273920164190057,-1.344732962579639e-05,-0.10896588791918824,1.0594794617597454,-0.03013748279085358
2022-01-28,1.6988443611037797e-05,0.0005337561435186451,6.379313953589791e-06,0.03807365039887736,1.1962275810468115,0.01429699946708776
2022-01-29,-0.00015373614425646107,0.00010949013025982293,7.827851399589949e-06,-0.34454575970036777,0.24538380543180216,0.017543389164191014
2022-01-30,-0.00010624545897551995,0.0003218473852083537,-1.0220659622501569e-05,-0.23811201038298654,0.721308267359702,-0.02290603131296939
2022-01-31,-0.00010980211538600724,0.00016810573339638243,-1.5093483682100466e-05,-0.24608301089735016,0.3767501644013025,-0.03382676095413946
2022-02-01,3.062806115974608e-05,0.0006771172457032032,1.0863724802824932e-05,0.06864207926816493,1.5175213152077338,0.024347236841851097
2022-02-02,0.00011107437243793653,0.0005835836653148824,4.376500813234386e-05,0.24893432978928146,1.3078985315204488,0.09808394797580244
2022-02-03,0.0001700883588761182,0.001666514771624965,4.334661562942718e-05,0.38119352549521235,3.7349095804272903,0.09714626761789072
2022-02-04,0.00048494835005522024,0.00168683665880165,0.00019893564326330863,1.0868419947262569,3.7804539778733184,0.4458446168995642
2022-02-06,7.126368854113498e-05,0.0005129678495335665,2.378031382837753e-05,0.15971261557396468,1.1496378959821525,0.0532952503364683
2022-02-07,9.121107557991668e-05,0.0004488415535347737,2.5660911910311818e-05,0.20441770203593027,1.0059212477044581,0.057509952727795334
2022-02-09,-9.657938434954489e-05,0.0001863282549642086,-1.324943884511657e-05,-0.21644888723498254,0.41758956861303614,-0.029693979867733002
2022-02-11,5.749176053083167e-05,0.0008210711990751477,1.586400983424974e-05,0.1288476591136734,1.8401437178072673,0.035553625640028806
2022-02-15,-8.950635569920265e-06,0.0005805336714233856,-1.6467440139186724e-05,-0.020059716907526802,1.3010630377105206,-0.03690600346793833
2022-02-16,0.0002712083743635613,0.001614488315625517,1.726909280799758e-05,0.6078186482048954,3.6183104885641275,0.03870262734664378
2022-02-17,0.00030847784599590786,0.0007367638730343422,4.714494457093793e-05,0.6913451245537289,1.651198354050916,0.10565889252515753
2022-02-18,0.0002503130225957974,0.00025031302302648534,4.0929765629870125e-05,0.5609890305905714,0.5609890315558076,0.09172974424138343
2022-02-19,3.029833410147002e-05,0.00029714653571776277,3.1321633487969994e-05,0.06790311147150954,0.6659499585238641,0.07019647889156395
2022-02-20,-2.9917385084852715e-07,0.0005629290984689025,4.348980766546028e-06,-0.0006704934758291767,1.2616085490335809,0.009746718244944632
2022-02-21,3.563541217022887e-05,0.0005616460286273843,9.58840093970675e-06,0.07986430398530843,1.2587329970582624,0.021489044766023785
2022-02-22,2.880267238083017e-05,0.0005634886989788207,8.652992181770262e-06,0.06455110920629754,1.262862697716384,0.019392653428174422
2022-02-23,9.81187460355771e-05,0.0004129867153934862,4.135291919474098e-05,0.21989882767763363,0.9255651772041117,0.09267809485329374
2022-02-24,-1.8815873186100108e-05,0.0006422694244107859,2.7049024340199593e-06,-0.042169194191028256,1.439422120518233,0.006062092090003832
2022-02-26,-2.686080836831432e-05,0.00023797453803840838,-1.2921965558241076e-07,-0.06019910067464764,0.533336635924779,-0.0002896006311085199
2022-02-28,-7.539016550308229e-05,0.00032550577006823403,-3.536762822499923e-06,-0.16896066941723287,0.7295072565884227,-0.007926415999645702
2022-03-02,-2.479928272709794e-05,0.0002859790112304427,7.535361109449469e-06,-0.05557891248383555,0.6409218610191066,0.016887874550442678
2022-03-03,-2.293595161820066e-06,0.0003415065523738595,-5.600096552181571e-06,-0.005140290796913041,0.7653674098526753,-0.012550656387921728
2022-03-06,3.710928422056254e-05,0.00013231513591736732,1.6772208159784878e-06,0.08316747233091373,0.29653806686120776,0.003758903431730188
2022-03-08,-7.925777217913555e-05,0.00017919969621187898,-3.731552342402227e-06,-0.17762855611926964,0.40161339916525257,-0.00836296853217475
2022-03-10,-4.798617874516245e-05,0.0004884521476925148,-1.6266147677607064e-05,-0.10754422449472083,1.0946945308010796,-0.03645487686766907
2022-03-11,4.266601746235863e-06,0.00030787891609535434,1.6442345980166814e-05,0.009562094503576505,0.6900028328071034,0.03684976369345086
2022-03-12,-5.38216397539939e-05,0.00026405117124102755,-1.9686415515810423e-06,-0.12062236793466344,0.591778282426829,-0.004412021013325853
2022-03-13,-3.3193052370119335e-05,0.0003103757645711428,-1.1711024678419393e-05,-0.07439060931929295,0.6955986447686167,-0.026246162958039623
2022-03-14,0.0001254719021749841,0.0006634105316430379,4.759914289644477e-05,0.2812013535594656,1.4868025129917943,0.10667681910236719
2022-03-16,-5.071763226705573e-06,0.000597963637255894,-1.3583614610125929e-06,-0.011366582155531196,1.3401262056360468,-0.003044291788348373
2022-03-17,0.00023811167382352782,0.0014133930980197381,5.339215797139602e-05,0.5336439777895994,3.167625941626936,0.1196598348375942
2022-03-18,7.095462967674965e-05,7.095462967674965e-05,-1.9040098959509053e-06,0.1590199683000475,0.1590199683000475,-0.004267171778310372
2022-03-19,-2.0688064574765415e-05,0.00029149398643640666,-6.6626082236101155e-06,-0.04636505592173551,0.6532817477019528,-0.014931904420343811
2022-03-20,9.86868707937075e-06,0.00034801886113357955,2.1822404377335747e-05,0.02211720804793176,0.7799624706295218,0.04890728157026601
2022-03-21,-1.393612659670906e-05,0.0003479499354593053,-7.778612820192658e-06,-0.03123295012221451,0.7798079978546221,-0.017433038121974775
2022-03-22,3.121893586990084e-05,0.0003158987576731873,3.0900505890733044e-05,0.06996631812482827,0.7079765007592638,0.06925266877701637
2022-03-23,-8.266495359148086e-05,0.0003139629461618226,1.9268677122948744e-05,-0.18526456074154735,0.7036380567905688,0.04318399573409658
2022-03-24,0.00038213042984217076,0.0024377165074012685,0.00017608335514139953,0.856411612840781,5.463288350562353,0.39462921137514756
2022-03-25,0.0002478114224167619,0.000686700921223609,6.437713010463171e-05,0.555382569349326,1.5389997696002913,0.14427880513399535
2022-03-27,5.5169997711784093e-05,0.00027821327674624346,3.0143554461108366e-05,0.12364424037176493,0.6235176851798435,0.06755622708051302
2022-03-28,-1.2904115919955554e-05,0.0007045823808089791,2.121892770124004e-05,-0.02892005939400839,1.5790748027500436,0.047554799817634115
2022-03-29,6.671065129669331e-05,0.0006782704769089221,2.6668652895028805e-05,0.14950857615358423,1.5201058793244309,0.05976845143569381
2022-03-30,0.00010482160566675673,0.0005164634127438662,3.0679778035561e-05,0.23492094154005186,1.1574719774709157,0.06875798454439754
2022-03-31,8.003299605614918e-05,0.00039367994212910517,1.3635198677598088e-05,0.17936594911123874,0.882295802302644,0.030558525516298955
2022-04-01,-7.002582678958609e-06,0.00019583691774605123,2.7278297236597042e-05,-0.015693838170948087,0.4388999082065627,0.06113475585179946
2022-04-02,6.5677014311791e-07,0.00022481339469904518,2.57891058433189e-06,0.001471920406248704,0.5038405395297652,0.005779725456075415
2022-04-04,6.44842491408514e-05,0.0003735171886131268,3.748584437841939e-05,0.14451887496201912,0.8371080472603092,0.08401140012869461
2022-04-05,3.5591490200075585e-05,0.0006544298468201095,1.919924225732864e-05,0.0797658682618994,1.4666754512008884,0.04302838178501208
2022-04-06,3.362614366616849e-05,0.00024091810889741527,1.6761961888632856e-05,0.07536123187743352,0.5399336197554423,0.037566070886709525
2022-04-07,-7.975995650894381e-05,0.00024168467264817903,-3.454524809438179e-06,-0.17875402653001943,0.5416516041054664,-0.007742108276672375
2022-04-08,5.311124021249341e-06,7.70333437074092e-05,5.815629110805456e-06,0.011903025600222961,0.17264327824986014,0.01303369718168165
2022-04-09,4.342890774696672e-05,0.00035560665058446836,2.3467997663486164e-05,0.09733069659711446,0.7969678449573813,0.052595302963522016
2022-04-10,9.193776786579871e-05,0.0004473982397482227,3.152233224797852e-05,0.20604632845243478,1.0026865650117294,0.07064627491755707
2022-04-11,-4.795039359457025e-06,0.0003361258324219283,-6.766647267436097e-07,-0.010746402460447111,0.7533084093324047,-0.001516507152341441
2022-04-12,-6.875707780563455e-05,0.0003220562340187649,-2.591222768245755e-05,-0.15409492492409788,0.721776328871155,-0.05807318907053974
2022-04-13,9.352340527579326e-05,0.0004248149952435379,3.4305418341117116e-05,0.2095999797338441,0.952074126590055,0.07688358831519462
2022-04-14,0.0003322108937861703,0.0014970060818934082,0.00011721561134523254,0.7445344446088755,3.355015180435412,0.2626977673663679
2022-04-15,0.0005934392711387889,0.001937741065835419,0.0001609837546268665,1.3299864225126967,4.342768389697049,0.36078874168200187
2022-04-16,0.00012953929674625086,0.0008773726510785092,4.563631596513898e-05,0.2903169949028601,1.966323716964601,0.10227782952527123
2022-04-17,6.211611074609105e-05,0.0007866623009786697,7.2473811148058e-05,0.13921152159860195,1.7630282158383455,0.1624246818544702
2022-04-18,0.0003080497979446303,0.002436261422825046,7.98476710434672e-05,0.6903858046636082,5.460027287764352,0.1789506079590665
2022-04-19,0.00024158652695991558,0.0022509795935785333,0.00011592737848030739,0.5414316448962149,5.04478291614853,0.2598106442811409
2022-04-23,0.0014573430614878717,0.004738296305469073,0.000902425703975197,3.266124402253544,10.619232765002014,2.022471366464013
2022-04-24,0.00023981494803489,0.0004932294239053576,0.0009022225072869724,0.5374612707883937,1.1054011233854923,2.0220159722061983
2022-04-25,0.0010717312068559916,0.00327344135849056,0.0005909820444837378,2.4019103942453057,7.336273100581119,1.324479408994729
2022-04-27,1.9167569082488498e-06,0.00032552843987938585,1.4000733496431001e-05,0.0042957397449219096,0.7295580630356856,0.03137774387552634
2022-04-29,8.167286056504081e-06,0.0007187387631059691,2.796602195773396e-05,0.018304113145534123,1.6108013789349427,0.06267605011057546
2022-04-30,0.0004553384189223061,0.0037167336275315396,0.00014425372646190049,1.0204816975677264,8.329757569342311,0.3232942390600883
2022-05-03,0.00015649459612064156,0.0005683103748562958,4.159047337984422e-06,0.35072786409577583,1.2736687966091873,0.009321048941523788
2022-05-05,0.00046882436969926226,0.0018818602567881857,0.0001471298609080156,1.0507057361515018,4.217531114500843,0.3297400877739992
2022-05-06,0.0004548718049596719,0.0010826465680255173,4.2749632546929976e-05,1.0194359456853688,2.426373355930388,0.09580833898255212
2022-05-07,0.000768655073090138,0.0017413188540844125,0.0002503462112170685,1.7226713170559629,3.902556749831281,0.5610634112691331
2022-05-08,0.00025462275588139527,0.0009807813913572576,3.937615666059083e-05,0.5706477893435891,2.1980782152403178,0.08824787349988314
2022-05-09,0.0004670695824343511,0.0023057902758653855,0.00011238345738680492,1.046772994672746,5.1676218767557085,0.25186818552243784
2022-05-10,0.0005402108145593977,0.0020998412200855785,0.0001344822753273257,1.2106934670497944,4.706059150394794,0.301394951349836
2022-05-11,0.0006007005195715277,0.002871670774793564,0.00018971456433815935,1.3462599694377295,6.435844956928596,0.42517879586646584
2022-05-13,0.0001078771950896236,0.0008839550713381721,4.080270567439622e-05,0.24176897577510995,1.9810759081295444,0.0914449838221731
2022-05-14,0.00024130956776416136,0.0013298593239805913,9.206310723568542e-05,0.5408109377946503,2.9804142239391025,0.2063272327812564
2022-05-15,0.000523872886490382,0.003259005084985671,0.00019165626452360136,1.1740777195579195,7.303919246215637,0.4295304372370692
2022-05-16,0.00026164912540698967,0.000973200816501251,0.0001306596544168979,0.5863949374058749,2.1810890099017786,0.29282788449643077
2022-05-17,0.00023815394223713506,0.0011424896873863375,6.922420878020741e-05,0.5337387076447553,2.5604907628858906,0.15514183550776184
2022-05-19,0.0003777364675856961,0.0017093807111122588,0.00010342337642552691,0.8465640843296829,3.830978580709239,0.23178730007606965
2022-05-20,0.00016965845244985777,0.001018348999701282,0.00016819112841018696,0.38023004070799876,2.282272860680528,0.3769415474364905
2022-05-21,0.001216601063070349,0.005122006785246615,0.0004040942246728537,2.726585472500113,11.479185506755453,0.9056357716255661
2022-05-23,0.0007293809463570649,0.0024785064729882494,9.123900147602537e-05,1.6346521079281362,5.554704781937615,0.20448028815799427
2022-05-24,0.00036748982305283485,0.0014835065396270584,4.698086311347577e-05,0.8235998169348608,3.324760681285182,0.10529116136676624
2022-05-25,0.0005493208753540967,0.0010389101251440038,2.9193432836092353e-05,1.2311104797998338,2.3283534269664843,0.06542686200060838
2022-05-27,0.0010020733137857181,0.004428981498680632,0.00030682235296800156,2.2457966071908624,9.926011885768098,0.6876349163542367
2022-05-29,0.00045631639788820064,0.00045631640636902774,-9.792511750252457e-06,1.022673495127141,1.0226735141339465,-0.021946487709078293
2022-06-01,0.00012159268860611066,0.0005290990887694694,2.805137541026543e-05,0.27250745406958493,1.1857904227956964,0.06286734000071638
2022-06-02,9.289737932653324e-05,0.000705652180508221,8.224552183722206e-05,0.20819696167765997,1.5814723843459995,0.18432455126549022
2022-06-03,0.00012687423688102547,0.000726941339065328,1.562273447822296e-05,0.28434419598591026,1.62918458204626,0.03501289137586939
2022-06-04,0.0006360367668925361,0.0016794510614361116,0.00020221983555210053,1.4254538001212074,3.7639017463375417,0.4532049844475901
2022-06-05,0.00044020486427131335,0.0021698630180454147,0.0001448485802634477,0.9865651315616539,4.862988502892481,0.3246273956574258
2022-06-06,0.0007460489320979325,0.0029812563233911522,0.0001457888904293548,1.6720075641712815,6.681442609168081,0.32673477178574856
2022-06-07,0.0004333596873796098,0.0017181439813944376,4.0140514426806e-05,0.9712240633708126,3.850618383902144,0.08996091390763628
2022-06-08,0.0010000972150311228,0.0017779133793712212,-2.397676544192434e-05,2.241367873467001,3.9845705701778127,-0.05373552787016874
2022-06-10,0.0007155513807935412,0.003158354167168007,0.00019169429396175572,1.6036579770654449,7.078345441748579,0.42961566691238884
2022-06-11,0.0008437958503082185,0.002296391201959685,0.0001821235739020706,1.891073069918264,5.1465571422719485,0.40816624765062554
2022-06-12,0.00032018677616410947,0.0005987991995201531,7.295167560553057e-05,0.7175865934001939,1.3419988260045912,0.16349564778333484
2022-06-13,0.0002759960768531482,0.0002759960768531482,3.738359400427558e-05,0.6185486076394332,0.6185486076394332,0.08378224170268223
2022-06-14,0.000680858866320605,0.0018268067829316018,0.00017040863694903132,1.525906848254424,4.094148021567159,0.38191131669832157
2022-06-18,0.0008748820453021968,0.0029973029122678345,0.00011660046641782945,1.9607418958290184,6.717405421829057,0.2613191353123185
2022-06-19,0.0007362723510576951,0.00265471455774733,0.00011579356199817996,1.6500967795729535,5.949613531095428,0.25951074147222103
2022-06-20,0.0007131851172217394,0.0031638888778514553,0.00020145278320413538,1.5983548254615014,7.090749558596789,0.45148590507794806
2022-06-21,0.0004180158885603803,0.0025788359447600287,0.00011316249459314216,0.9368363086470964,5.779558177598939,0.25361412475742057
2022-06-22,0.000521366585317328,0.002328361493572208,0.00014359334080035177,1.1684607226839296,5.2182073613193545,0.32181421573470836
2022-06-23,0.0003292989017034396,0.0007971483310125143,4.2704650567062606e-05,0.7380082335526638,1.7865289820486965,0.09570752761837237
2022-06-25,0.0007051645774757044,0.0027904293991956076,0.00012080298696386622,1.5803795928096749,6.253770848007236,0.2707376142340688
2022-06-26,-0.00027200384614537327,-0.00027200384130005533,0.00012772406341714912,-0.6096014197887033,-0.609601408929619,0.2862487847273438
2022-06-27,0.0002466168032352496,0.0012117397991510347,7.546217460038687e-05,0.5527052485706796,2.7156906508673417,0.16912205260565705
2022-06-28,0.0008551135850386369,0.0019901978623744925,0.00019545625177310903,1.9164378111093412,4.460331939260594,0.4380467786613033
2022-06-29,0.00036203217693344417,0.0018714820724282987,5.2982467778123564e-05,0.8113684133343885,4.1942720466226815,0.11874165766094164
2022-06-30,0.0002649458278473556,0.001281650186585907,6.449944930460445e-05,0.593783342080101,2.8723703156670055,0.14455294080901426
2022-07-01,0.0007093534571005535,0.0023036193615915256,0.00016968391823364142,1.5897675003809055,5.162756532230848,0.38028711334932547
2022-07-02,0.0003805384456460337,0.0022192387535288115,9.594363204838684e-05,0.8528437374596084,4.973646932471096,0.21502407096524218
2022-07-03,0.00026640106390610267,0.000790656713563586,6.997317939060071e-05,0.597044744373162,1.7719802936030307,0.15682039099124478
2022-07-04,0.00034363916213937226,0.0010603336206759819,6.469464380771288e-05,0.7701469082286542,2.376366693977977,0.14499040096965574
2022-07-05,0.0002705554932243231,0.0016104292773237877,5.318920968877149e-05,0.6063554436396917,3.609213574874207,0.11920499729399023
2022-07-07,0.0008068928324453893,0.003227429716164784,0.0002601028128236262,1.8083678714349845,7.233154108382706,0.5829294189596699
2022-07-08,0.00011857037693099496,0.0009958826412473365,4.454815945079395e-05,0.26573400025889937,2.231922381431468,0.09983910755314687
2022-07-09,0.00020520034673771954,0.0008611987250672236,5.78966952463334e-05,0.45988475709124016,1.9300755226844082,0.1297551785513201
2022-07-10,0.0006094379382640582,0.0018770981041555535,0.00010638950360007077,1.3658418353404942,4.206858416128219,0.23843483599329862
2022-07-11,0.00042668754091708627,0.0011650194879144274,0.00011197710408512752,0.9562707823263279,2.610983425339419,0.25095748682038355
2022-07-12,0.0003268944035382666,0.001559007210883199,8.080890813136644e-05,0.7326193924897862,3.4939690106708814,0.18110488445861192
2022-07-14,0.0003780174135202726,0.0013767667112720926,5.219126138130854e-05,0.847193726310959,3.0855407149674505,0.11696844544471964
2022-07-15,0.0001433867590525406,0.001129226533853238,2.573508163507939e-05,0.32135123505060137,2.5307660463451844,0.05767617820645818
2022-07-17,0.0005921939720439369,0.002392125377546813,7.392206242396984e-05,1.327195520446269,5.36111178988904,0.16567043020148003
2022-07-18,0.0007874144504493957,0.0035405305190849387,0.00024578660909430023,1.7647138956246633,7.934859972847211,0.550844658971691
2022-07-19,0.0003376609922140306,0.0023464768265738377,0.00012332931924194612,0.7567489327004747,5.258806539875956,0.27639950381908757
2022-07-20,0.0004137885843901123,0.0020438016530244553,9.568667193230929e-05,0.9273622859059002,4.580466074675758,0.21444818480109498
2022-07-21,0.0003032599781674459,0.001804402918201007,5.731766654577098e-05,0.6796511000699714,4.0439376001261875,0.12845748837905463
2022-07-22,0.0005236728079270797,0.001012566402260019,5.3546261853210595e-05,1.1736293134857747,2.2693131924250416,0.12000520475232293
2022-07-23,0.00045228315095117815,0.0024741866967469607,0.00012676277767002567,1.013634383754233,5.545023515414451,0.28409439917517804
2022-07-24,0.000850393570147799,0.005484983878440607,0.00031851444967472475,1.9058595497367399,12.292671619167168,0.7138386588885094
2022-07-25,0.0008145900577511519,0.0018503419157589948,0.0001968761109450269,1.8256185079289942,4.146893784503272,0.44122889604444704
2022-07-26,4.990201755991033e-05,0.0002796689223095681,0.0002501791370281772,0.11183790665439304,0.6267800052340885,0.5606889729506994
2022-07-27,0.0011300122983921301,0.004849730990825895,0.00022098666753502964,2.5325270625415226,10.868974610089456,0.4952642699461317
2022-07-28,0.00019661138368550933,0.0016528204359384708,9.58999065389556e-06,0.44063560254677925,3.704218520003504,0.021492607553978034
2022-07-29,0.00036876533602526443,0.001616228902132663,8.838955454797642e-05,0.8264584328330215,3.622211404014618,0.19809425017519738
2022-07-30,0.00030589144041803605,0.0011816182597252766,7.75421978050321e-05,0.6855486016928816,2.6481837627833036,0.17378369661074772
2022-07-31,0.0003388888293518682,0.0017267191995103397,6.720885587942698e-05,0.7595006999019395,3.869836733982598,0.1506251273541778
2022-08-01,0.0004334399854489629,0.001109975702692554,7.748774908962e-05,0.9714040233889433,2.487622046089417,0.17366166887220189
2022-08-02,0.00039328143451812975,0.002174955391230355,0.00010709318617667912,0.8814026869703065,4.87440127505591,0.24001189419986443
2022-08-03,0.0007131458034985447,0.002698007277042365,0.0002260812869699409,1.5982667175107634,6.0466390089434965,0.5066820762926831
2022-08-04,0.0008604908377665466,0.004842028840025852,0.0002639735390730117,1.928489041060496,10.851712934823938,0.5916042970934802
2022-08-05,0.0020485219421659396,0.003406171602922861,0.00029523449298414544,4.591044950685196,7.63374148789057,0.6616647839514176
2022-08-06,0.0008713223787600403,0.0022874691699491315,0.00011978172247652759,1.9527641491580643,5.126561530231497,0.2684488073282698
2022-08-07,0.00019199510076641293,0.0008583636654485188,5.4750628472156636e-05,0.4302898200826464,1.923721728819948,0.12270437100037385
2022-08-08,0.00043498728280364505,0.00221245661514311,0.00015998450002359572,0.9748717488553892,4.958447143027981,0.3585492622278816
2022-08-09,0.000749827923735323,0.0030760466432103784,0.0002627112397061726,1.6804768512794193,6.89388193443094,0.5887752948674888
2022-08-10,0.00037403735435151354,0.0014936576759543689,0.00010699385303790233,0.8382738167048946,3.3475109004651338,0.23978927373589481
2022-08-11,0.00019685003335889937,0.001303987829503243,5.4788391321280485e-05,0.44117045226229734,2.922432324091193,0.12278900320968776
2022-08-12,0.0004473032082179231,0.0017087093071318506,0.00013197878950856,1.0024735850975985,3.829473863678547,0.29578426410710923
2022-08-13,0.0005820329124566752,0.0024155943166860195,0.00019758307626609043,1.3044230617522778,5.413709202840873,0.4428133113737486
2022-08-14,0.00035149588350148254,0.00205067751365645,8.390618590178154e-05,0.7877549993093477,4.595875909731153,0.1880463485337777
2022-08-15,0.0004744749413313785,0.0018673284445696991,0.00016179163252953032,1.063369514764819,4.184963143547382,0.3625993172435569
2022-08-16,0.00033242063584579593,0.0014013842046437842,8.845426826707453e-05,0.7450045080258055,3.140712210237417,0.1982392833267541
2022-08-17,0.0005472555437624271,0.00235763560832087,0.00010019566408457181,1.2264817619031636,5.283815043588318,0.22455351256313813
2022-08-18,0.00019922855175431888,0.0015766642538491413,5.8956807405742135e-05,0.44650106876419177,3.533541092514003,0.13213104891737898
2022-08-19,0.0001458622305631204,0.0024292662306512457,5.103630412404897e-05,0.3268991380265373,5.44435001282404,0.11438001298761234
2022-08-20,0.00022400905693917915,0.0012534083116630085,5.731290172517787e-05,0.5020378979592414,2.8090760376835515,0.1284468097013824
2022-08-22,0.0002099001748805919,0.0008283630064554645,8.966376772480125e-05,0.47041777693363857,1.8564857519176643,0.20094995303643834
2022-08-23,0.00022401499687068753,0.0014522393978269562,6.045350599852807e-05,0.5020512102367414,3.254686326439883,0.1354853749686012
2022-08-24,0.000641390961967749,0.0036333429330866157,0.00016470687317346247,1.4374533544140207,8.14286651448707,0.36913280881270544
2022-08-25,0.00035229738918660466,0.0018120501201297817,0.00013008407482402757,0.7895512937755591,4.06107612672886,0.2915379242918694
2022-08-26,0.0004144630603464717,0.001569998124739134,6.45814520051935e-05,0.9288738876954951,3.51860129725911,0.1447367211614394
2022-08-27,0.00039530100336522,0.001106391295523725,6.558919380040834e-05,0.8859288436919629,2.4795888519629963,0.14699522168578516
2022-08-28,0.0013248259400127555,0.002371459030373478,0.0001367981796878022,2.9691336554595873,5.31479540592152,0.3065852404073179
2022-08-29,0.00034504645512666195,0.001194679571496616,0.0001260812340076657,0.7733008629071184,2.6774561216596413,0.28256695759628
2022-08-30,4.396494297350676e-05,0.000867809181802139,4.577725618774059e-05,0.09853203194507468,1.9448905477958638,0.10259369770515482
2022-08-31,0.0005461608114487942,0.002695170484657249,0.00012704853956195777,1.224028302578465,6.040281331689594,0.28473483443928166
2022-09-01,0.00027050805353784503,0.0008823349874262184,5.216275907643023e-05,0.6062491241863415,1.9774450570702695,0.11690456750414162
2022-09-02,0.000681460368773748,0.004212107174135722,0.0001383725021201433,1.5272549054772855,9.439963993314274,0.3101135331265592
2022-09-03,0.0001347296625593921,0.00025524219443955645,3.64340810730378e-05,0.3019493832449816,0.572036044068212,0.08165424079683867
2022-09-04,-2.0315376208440476e-05,0.0003752730806631699,2.6575791514741543e-06,-0.045529805389546374,0.8410432647282633,0.005956033515326301
2022-09-05,0.0003386699651218926,0.0014215038189406958,0.00010209156239530263,0.7590101923329297,3.1858032838189407,0.22880250506223251
2022-09-06,0.0007025752727182795,0.0025861581122032895,0.00012939886078270892,1.5745765724525722,5.795968253164403,0.2900022568431681
2022-09-07,0.00044536837766354965,0.0017785214601430063,8.160464574479852e-05,0.9981373396006643,3.985933370399499,0.18288825181095522
2022-09-09,-0.0004021594897546124,-0.00010022769414606256,3.95034395775466e-05,-0.9012997404635495,-0.22462529673544812,0.08853313360921856
2022-09-10,0.0006403452725859831,0.0030016713757669896,0.0002192047445288464,1.4351098076560762,6.727195803800189,0.4912707132008241
2022-09-11,0.0009578805302139879,0.005207549190045789,0.00026909095614632215,2.146753950289079,11.67089886727112,0.6030731963673299
2022-09-13,1.7413012012100208e-05,0.0016144265114866121,1.1287968336661863e-06,0.03902517187091838,3.618171976218221,0.0025298030237709736
2022-09-14,0.00028091717502862706,0.0010144131958105549,6.051358947786594e-05,0.6295775268154076,2.2734521337908253,0.13562003105831927
2022-09-15,0.0005588737867203076,0.0037228093877870743,0.00019958951166136257,1.2525199871082173,8.343374259439003,0.44731003405986275
2022-09-16,0.0004760488649325112,0.0013177526635928414,0.00013741637165533705,1.0668969136434976,2.9532813820110966,0.30797070133535864
2022-09-17,0.00022259192426367496,0.0013150169767308219,6.300248711251908e-05,0.4988618910635352,2.9471502974002814,0.14119802399222214
2022-09-18,0.00028916396575019444,0.0010981201194227709,4.912283939592458e-05,0.6480598218410483,2.461051905644343,0.11009165151217638
2022-09-19,0.0005458888901536687,0.0027101491611605023,0.00013222118322557744,1.2234188861678945,6.07385079253486,0.2963275047860029
2022-09-20,0.000396719319342606,0.0028591271079396957,0.00012319946144859694,0.8891075025446814,6.40773271795905,0.27610847302552305
2022-09-21,0.0002957779542271242,0.0018547162563064324,8.511062808706097e-05,0.6628827621161194,4.156697337821162,0.1907456841373167
2022-09-22,0.00027681433810229666,0.001132691977381741,6.00793995018852e-05,0.6203824538379622,2.538532625109089,0.13464694619365003
2022-09-23,0.000426053348523852,0.0011472918556934524,4.871018255121669e-05,0.9548494620442309,2.571253142387381,0.10916682562465929
2022-09-24,0.000373245232556081,0.0016821344407257166,9.211779699283665e-05,0.836498552943061,3.76991560183244,0.20644980073049587
2022-09-25,0.00020889503143945655,0.0016125467901212905,6.927889232372127e-05,0.46816509971053805,3.6139592386803305,0.15526438953130794
2022-09-26,0.00017369353386110302,0.0010144509095707278,6.13952186361169e-05,0.38927326341281104,2.273536655984437,0.13759589424633342
2022-09-27,0.0006272075193125965,0.0016686686934110316,0.00010669567860888482,1.4056661319074257,3.7397368422381336,0.23912102011430222
2022-09-28,0.0003646255047965553,0.0016863814563443248,8.240913375369972e-05,0.8171804500747999,3.7794338008860837,0.18469123011210412
2022-09-29,0.0002493005275016991,0.0011478047808124348,5.824707963960427e-05,0.5587198772104329,2.572402684517788,0.1305404425342991
2022-09-30,0.00012008444215693624,0.0010493056740606748,4.029578370945408e-05,0.26912724754001766,2.3516514114210816,0.09030889566044302
2022-10-01,0.00017351514643573003,0.0012509530964449423,5.213265659391267e-05,0.3888734704344364,2.8035735320975825,0.11683710332544739
2022-10-02,0.0004196935138215729,0.001211059838881296,4.465678766173062e-05,0.9405961185012182,2.7141667579088167,0.10008255966808759
2022-10-03,0.00030981542942753467,0.0009338186224641773,8.756174704174836e-05,0.6943428496615194,2.0928276057355912,0.19623900938261435
2022-10-04,7.893751264621346e-05,0.0008852495728867704,2.34129544671503e-05,0.1769108064670613,1.9839770802751857,0.052471942904053895
2022-10-06,0.0005745750933966885,0.0007740394286641893,0.00018680955107528067,1.2877089705659885,1.734738465550748,0.4186682253923653
2022-10-07,-0.0002045388230569414,-0.00020453881627100124,3.943386468656366e-05,-0.45840218329406424,-0.45840216808575446,0.08837720584229214
2022-10-08,1.8385948757922426e-06,0.00028506736256927345,3.0046491537138574e-05,0.0041205669058817845,0.6388787196221272,0.06733869450845811
2022-10-10,-7.151665519440277e-05,-7.151665519440277e-05,1.7552797168338248e-05,-0.16027955178893577,-0.16027955178893577,0.03933845137382127
2022-10-11,0.0005363725258975474,0.0009770119841458619,4.110949665429481e-05,1.2020912864152884,2.1896304082684983,0.0921325484267728
2022-10-12,0.00023190983647319565,0.0023340418159800737,0.00012263847033633658,0.5197447300119025,5.230937815883743,0.27485120779428074
2022-10-13,6.225300829480916e-05,0.0005509142051251794,2.4890134677484612e-05,0.13951832953991156,1.234681370816296,0.05578252533244464
2022-10-15,0.00010979248867258786,0.0005165102178947912,2.536128083065619e-05,0.2460614359885703,1.1575768748349113,0.05683843453362512
2022-10-16,0.0004742677510182822,0.0021892066601465355,0.00020303433942774375,1.062905170194623,4.906340506387409,0.4550304098084879
2022-10-17,0.00029303570240596063,0.0015685805091501155,9.261461062153515e-05,0.6567369644471187,3.5154242080817815,0.2075632345944535
2022-10-19,0.00038490924910488067,0.0005208199796422554,1.2420076999240347e-05,0.8626393636314034,1.1672356973752407,0.027835255566847506
2022-10-20,5.012016893240363e-06,0.000258586660493188,1.083747266797594e-05,0.01123268166028564,0.5795314941643084,0.02428840186983428
2022-10-22,9.191632539820536e-05,0.0011878593358311228,6.385389688606017e-05,0.20599827266618795,2.662170950497921,0.14310616100619375
2022-10-23,8.841996480988066e-05,0.001040176834800711,5.820246583930451e-05,0.19816240413366407,2.331192313313614,0.13044045631575732
2022-10-24,0.000550402933329935,0.0007732901011058825,4.77470317777953e-05,1.233535534032384,1.7330591100934487,0.10700826026880594
2022-10-26,0.0004979472607806342,0.0011901823099345142,6.045460527166331e-05,1.1159745034985182,2.6673770839097366,0.13548783860458824
2022-10-27,8.277491928139926e-05,0.001197393517404662,3.6136400977846705e-05,0.18551101034750794,2.6835384815314582,0.08098709505150115
2022-10-28,0.00028986790772152855,0.0013948903007412793,8.143334307388082e-05,0.6496374613901037,3.1261583975063183,0.182504336830028
2022-10-29,0.0002470017985756766,0.001039327648482216,6.86657239781583e-05,0.5535680808778777,2.329289159395919,0.15389018729364948
2022-10-30,0.0002492299804410216,0.0014310871042448607,6.136983475933164e-06,0.5585617706653956,3.2072808636783696,0.01375390051708761
2022-10-31,8.448579042988176e-05,0.0009908794844942332,9.885672813212686e-06,0.1893453292219295,2.220709556674251,0.02215527562533161
2022-11-01,0.00018373800406657644,0.0017571048686596735,6.467044168802473e-05,0.4117844278138078,3.9379355763966273,0.1449361603891166
2022-11-02,0.0003030296203277745,0.0017159329437098573,0.00012176673818365793,0.6791348335975919,3.845663116795347,0.272897525280305
2022-11-03,0.0008001964842091056,0.003610634265816023,0.0002448519029903919,1.7933603505852371,8.09197298483358,0.5487498423869168
2022-11-04,0.0001645757305728872,0.0008341618773395603,6.0580222150205443e-05,0.36883889857342617,1.8694818913995557,0.13576936487193295
2022-11-06,0.00020778694708623824,0.0018720630309051493,7.463513244163579e-05,0.46568171646232287,4.195574061713075,0.16726852707157205
2022-11-07,0.0011287703173252985,0.006568219280974831,0.00028925980476948883,2.5297435966735926,14.720364641556744,0.6482746114591399
2022-11-10,0.0002793274039488645,0.00144970382865009,3.738584547506384e-05,0.6260146113599977,3.2490037355791497,0.08378728758643933
2022-11-14,0.0006855886362345952,0.0013629728819648016,0.00021605109993505316,1.536506972097163,3.0546266744154154,0.4842029226194444
2022-11-15,0.000274140783282462,0.0007425128722531554,4.0635786450638526e-05,0.6143906164534897,1.6640827236501594,0.09107089280384853
2022-11-16,0.00011500592522694408,0.001254808157682404,5.924808851131108e-05,0.2577455293223657,2.81221330258992,0.13278385356712483
2022-11-18,0.00013871396039440438,0.0007424309132367091,4.4172066322015e-05,0.3108787923379194,1.6638990412004506,0.09899622643758392
2022-11-19,2.6487488968683193e-05,0.0003769421288896542,3.4358434871469915e-05,0.05936243590216434,0.8447838521610486,0.07700240631219481
2022-11-20,7.73924804724559e-05,0.0009878623515930383,3.258726989792676e-05,0.17344815761084453,2.213947709272738,0.07303295993173856
2022-11-21,9.666134423223193e-05,0.00067342388837786,3.764997961070384e-05,0.21663257162606658,1.509243947438041,0.08437925180452892
2022-11-22,1.6504036456731144e-05,0.0004216586532366094,2.183208869500955e-05,0.036988021305003005,0.9450002907012272,0.04892898557882065
2022-11-23,-1.2740871826703595e-06,0.0006588988948030024,1.8114817835076997e-05,-0.0028554204894416764,1.476691258087749,0.04059802399108282
2022-11-24,-3.936537624238997e-06,0.00021353725351104416,3.852645976978405e-05,-0.008822371296563228,0.47856901570627663,0.08634357531305152
2022-11-25,0.00038336415955472384,0.0009389919256342367,6.836912929208242e-05,0.8591765861860694,2.1044217541351697,0.1532254741129505
2022-11-26,-1.1243391041096902e-05,0.0006195505857425907,3.274895048765033e-05,-0.025198125831754323,1.3885057952370072,0.07339531038539754
2022-11-27,9.22077434811326e-05,0.0013673075969414994,3.2350425568479504e-05,0.20665138430274033,3.0643414208854414,0.07250215626279785
2022-11-28,0.0004222611993640003,0.0033195273823222733,0.00013634088598177724,0.9463506869546293,7.439558792891563,0.30556037661806007
2022-11-29,0.0002184190051830862,0.0012592355792726496,9.186374222443018e-05,0.4895097534660736,2.822135818486899,0.2058804258862817
2022-11-30,0.0001863181937776068,0.0008667833765337229,9.060992516560022e-06,0.4175670199846835,1.9425915643185532,0.020307043378488494
2022-12-01,0.0001326690866120539,0.0007694846679993416,3.496452451027442e-05,0.2973313234606046,1.7245305636867245,0.07836074410620152
2022-12-02,4.0579713534863504e-05,0.0005552078390907845,1.3288365133860156e-05,0.09094522498865934,1.244304048578312,0.02978121951975069
2022-12-03,-7.900538078879826e-05,-7.900538078879826e-05,2.126748184953935e-05,-0.17706290915481523,-0.17706290915481523,0.04766361694709512
2022-12-04,-5.566520876244135e-06,0.00047804596719214204,1.9738175675569808e-05,-0.012475408261794545,1.0713727193726692,0.044236212415303275
2022-12-05,0.0001478171232481442,0.0006513064953731487,3.9911420736207516e-05,0.3312803457675784,1.4596755521055322,0.08944748058295147
2022-12-07,0.0007060477351477135,0.0018725553367434627,4.3904659980172555e-05,1.5823588816262983,4.196677392942612,0.09839692871456372
2022-12-08,-6.3544024856548565e-06,0.00025108887354922135,1.3601217909938767e-05,-0.014241169130725382,0.5627278289548374,0.030482369518859267
2022-12-10,6.451961814152635e-05,0.0005180501059672029,3.0741253742784796e-05,0.14459814219788178,1.1610279949883968,0.06889576082564215
2022-12-14,9.217123742935586e-07,0.00037861183792790864,3.613536112602529e-07,0.002065695687648009,0.8485259205721325,0.0008098476458759158
2022-12-15,7.355038157823029e-05,0.0003952004352682138,3.923394105313109e-05,0.16483743767405082,0.8857034555013573,0.08792914699122475
2022-12-16,0.00012019307470962803,0.0004848715225681948,3.667286364412301e-05,0.26937070938548285,1.0866698128037098,0.0821893883560263
2022-12-17,0.00037367062231316486,0.001700934291277251,7.097706908252623e-05,0.8374519151971495,3.8120488868960116,0.15907025837430366
2022-12-18,0.00014178618956700063,0.0006469829822889629,4.590686482620337e-05,0.31776411874808347,1.4499859107569093,0.10288417010524568
2022-12-19,2.2905458611878164e-05,0.0007152963432676753,9.909800540980598e-06,0.05133456856801075,1.6030863997143505,0.02220934948241867
2022-12-20,7.823650846069305e-05,0.000736771292563917,2.0413160111961456e-05,0.17533975093668225,1.6512149823296227,0.04574895378492242
2022-12-21,9.435581943834511e-05,0.0001259950799380145,2.46786903662351e-05,0.21146554473424717,0.2823738734030812,0.055308646914287794
2022-12-24,0.00012773632541528753,0.00041728427818555144,4.0299743148993855e-05,0.2862762657044717,0.9351966600555487,0.09031776935836758
2022-12-29,-0.0003181919691259578,-0.00014956879042655316,2.3971854908865452e-05,-0.7131159316066404,-0.33520609466446966,0.05372452262900381
2022-12-30,0.00016973065911724553,0.0004274290626841231,1.797098106705835e-05,0.3803918666806148,0.9579326438345225,0.040275664218437826
2023-01-02,-5.8992114149632e-05,0.0008294940929458644,1.518826402928077e-05,-0.13221017662644777,1.859020686405624,0.0340391779292226
2023-01-04,8.894214181679269e-05,0.0005960648293865283,4.8925011767115856e-05,0.19933268113270494,1.335870692379618,0.1096482901218717
2023-01-05,5.052028193495302e-05,0.0005221306384910674,3.3980950138536516e-05,0.11322352985851997,1.1701730804542558,0.07615640640298112
2023-01-06,3.949075104818185e-05,0.0002744228678130741,1.4892923431098818e-05,0.08850469671163275,0.615022810199271,0.03337727534760712
2023-01-07,6.95172395076585e-05,0.00029537672519412044,3.318527294597803e-05,0.15579856132258887,0.6619835476688031,0.07437317446287867
2023-01-08,2.702303995530381e-05,0.00012504729972175784,-7.0576599906239974e-06,0.06056268599582914,0.2802497557714176,-0.015817274687986972
2023-01-09,-6.9224183809179145e-06,0.0004380771040495944,-2.85175059004353e-06,-0.015514177954394184,0.9817965017407485,-0.006391200834876058
2023-01-10,-3.1384169502889484e-05,0.0012563506246462154,8.446534730683168e-06,-0.07033663148140076,2.8156702024258657,0.018929951311670582
2023-01-11,1.9586808290977646e-05,0.0010132818797107188,2.173237987758713e-05,0.043896975401324555,2.2709166847136775,0.048705523162654404
2023-01-12,0.0001704591706480457,0.000671345685004887,7.50906976679981e-05,0.3820245702978676,1.5045863819487024,0.16828951707863393
2023-01-13,0.000265586626480591,0.0012892324466600203,4.613767354427234e-05,0.5952194679369766,2.8893632978321047,0.10340144706374596
2023-01-14,4.2205983160030154e-05,0.000774046169760493,1.5969371943750158e-05,0.09458993915910158,1.734753573358729,0.035789757931735666
2023-01-15,2.0373533001283605e-05,0.0008022812349115824,8.670063696129443e-06,0.045660143485826754,1.798032589622093,0.0194309132525805
2023-01-16,2.7823943871858816e-05,0.00022751915003659516,1.1783011995602476e-05,0.062357631808416386,0.5099045431045153,0.02640749733394449
2023-01-19,0.0006023026188790111,0.0008675191853299316,8.615162189035254e-05,1.3498505143006958,1.9442406222021762,0.1930787073995636
2023-01-20,4.1797006429850026e-05,0.0008094099809968677,3.304186877545729e-05,0.09367336096025838,1.8140091789111301,0.07405178420611612
2023-01-21,0.00013998318596106175,0.0015185987262397705,5.153820679106054e-05,0.31372331721663355,3.4034075353122617,0.11550485214978533
2023-01-22,0.00019349641231790015,0.0008625609228877188,4.3048444065253636e-05,0.4336544844662619,1.933128412329811,0.0964780204168432
2023-01-23,-0.00015346334034645195,0.0002053136436074061,-1.7569583736777398e-05,-0.3439343652174508,0.4601386723707382,-0.03937607259167867
2023-01-24,-5.8017174636101934e-06,0.0002621716331581402,-8.638421623629984e-06,-0.013002519093569986,0.5875659556523659,-0.01935999862179834
2023-01-26,0.0001612393381004789,0.0009001111304204145,5.5308150739820934e-05,0.3613615425838883,2.017284059941712,0.12395386203054969
2023-01-27,6.304438722360303e-06,0.000316936374916868,4.508327803972568e-05,0.014129192842617794,0.7103019566449387,0.10103838857873121
2023-01-30,0.00034995329385394103,0.0031587756988271654,8.080408828373805e-05,0.78429782452076,7.079290157426502,0.18109408245709954
2023-02-02,-3.8162141101922625e-05,0.00026893845897995585,6.632421150028493e-05,-0.0855270825305739,0.6027314273429281,0.14864250660386358
2023-02-03,0.0007956867023540692,0.001814067746933971,4.749276538473954e-05,1.7832532529808223,4.0655979310410695,0.10643841114200903
2023-02-05,-9.735767659556816e-05,0.00028741587856074657,-3.779338917593324e-05,-0.21819315690215757,0.6441420962364172,-0.0847006541516428
2023-02-06,6.310721527564952e-05,0.0009215069592044584,3.730205609933715e-05,0.14143273551502195,2.065235321621072,0.08359950302702945
2023-02-07,3.754751346967202e-05,0.0004492043119042454,4.24724807449615e-05,0.08414960981255545,1.0067342436241997,0.09518720022157047
2023-02-08,0.00011590271460703413,0.0007765057683092627,1.7387065406374793e-05,0.25975536884155453,1.740265902646304,0.03896702163549687
2023-02-09,-0.00021755862566516436,-0.00021755862566516436,4.752334747625608e-06,-0.4875815139094831,-0.4875815139094831,0.01065069501964113
2023-02-10,9.440267294963305e-05,0.00035343174675213503,4.180735151353896e-05,0.21157055048107012,0.7920935592335475,0.09369654584456785
2023-02-11,0.00019852674619704754,0.0002034214681347129,1.8315972067465882e-05,0.4449282172395131,0.4558980233101118,0.04104884079900116
2023-02-14,0.00043693476704642897,0.0013100389766475136,-2.251021831081382e-05,0.9792363531661044,2.935993852513575,-0.05044877576728039
2023-02-15,9.05231861065083e-05,0.0005643430680799895,2.6088738314475216e-05,0.20287603854260108,1.2647774670274685,0.05846877587348613
2023-02-16,0.00010617913479752944,0.00042178286703313615,2.5673066109597068e-05,0.2379633679514831,0.9452786724513131,0.05753719211152347
2023-02-17,5.356791358287043e-05,0.00047185614211823975,3.5265624544863446e-05,0.12005372952625007,1.0575003929082931,0.07903555444872072
2023-02-18,0.00017782993527685838,0.0009509435247132347,5.245961429501463e-05,0.39854355944573117,2.131207080411066,0.11756986457727205
2023-02-19,-9.99390729280873e-06,0.00021626725963272975,3.1857700356966245e-05,-0.022397845329278285,0.4846873689258923,0.0713978851550149
2023-02-20,-1.3793932391272253e-05,0.00024445203634720485,2.8456723451711837e-06,-0.03091427157869981,0.5478536812595381,0.006377578576380398
2023-02-22,7.544602402057372e-05,0.000674692237389043,2.9864964515608655e-05,0.1690858567337088,1.5120865078244536,0.06693186522415634
2023-02-23,-7.243687278657309e-05,0.000501886847642906,-1.2016338969318747e-06,-0.16234189744562827,1.1248037085948988,-0.0026930418081088712
2023-02-26,0.0002146715438269606,0.0009385892321076744,4.527769930708573e-05,0.48111113044779275,2.1035192575381148,0.10147411580207519
2023-03-01,8.528067178486588e-05,0.00031519184106029805,-1.1895764421063568e-05,0.19112677757065216,0.706392194592287,-0.026660192432266618
2023-03-03,5.017935243763844e-05,0.0007386475990279822,2.0006734714839696e-05,0.1124594557156134,1.6554200665615624,0.04483809350616299
2023-03-04,3.3995153154438264e-05,0.00048237109129683527,1.0142121005327109e-05,0.07618823749206932,1.0810659712599024,0.02273001449108885
2023-03-05,2.6205254375139046e-05,0.000520022129426877,1.3194232772429271e-05,0.05872990584284288,1.1654475953650454,0.02957025477792986
2023-03-06,0.00011160277998911603,0.0005178186292252502,4.928182407135831e-05,0.2501185703726074,1.1605092208881695,0.11044796001752467
2023-03-07,7.41530853778951e-05,0.0005972738459343682,2.6786221742771386e-05,0.1661881872946696,1.3385802798158093,0.0600319408588121
2023-03-08,9.238516079897306e-05,0.0007770585309135978,3.1999474770660946e-05,0.2070490031246185,1.7415047265570096,0.07171562288226678
2023-03-09,0.0007052715844091617,0.0028909259227753157,0.0001734438036452783,1.580619411398593,6.478998631827899,0.38871358053961547
2023-03-10,0.0024679683236121254,0.024479902728081208,0.0006636192697664217,5.531087208463315,54.8631339990392,1.4872703264370162
2023-03-11,0.0004415105561271053,0.0022977623771331095,0.0001236961243926897,0.9894913828642621,5.149630151511869,0.2772215691826765
2023-03-12,0.00012119296224791637,0.0006575977883052067,5.7288998772986534e-05,0.2716116073419178,1.473775283260214,0.12839323960007878
2023-03-13,0.0008046116165507731,0.0020609410903884777,0.00016840271593857,1.8032553244327651,4.618878124724137,0.37741574682572615
2023-03-14,0.000539173393904128,0.0026275223340343993,0.0001280150061075049,1.2083684517482365,5.888671678921194,0.2869008309378346
2023-03-15,-6.058164819540004e-05,0.000678328505404455,-1.496585066381458e-05,-0.1357725608531208,1.5202359298871944,-0.033540716215208044
2023-03-16,0.00012708011605632694,0.0010415974363633966,2.529618801968931e-05,0.2848056020996371,2.3343760945058265,0.05669255178032669
2023-03-17,0.00017715395615043822,0.000825235058826617,3.33073716391358e-05,0.3970285888265546,1.8494755520892727,0.07464681594904919
2023-03-18,0.0004630163161259351,0.0026107153967370312,7.669558046232995e-05,1.0376890168856396,5.851004811397198,0.17188630015315076
2023-03-19,-0.00015489375232979842,0.00039113020905519053,-3.289944644073052e-05,-0.3471401330339277,0.8765814680240404,-0.07373259439064321
2023-03-20,-3.233439753133366e-05,0.00046736083617864515,-1.270610381336911e-05,-0.07246623502734845,1.0474257380017706,-0.028476284561332183
2023-03-21,0.0003050246137381927,0.0015975423906950986,8.551321032325162e-05,0.6836059130793506,3.5803321289063206,0.19164793131595537
2023-03-22,0.0002836828071193203,0.0008723302137781158,9.063816379060625e-05,0.6357757231754648,1.9550228586088243,0.2031337207793172
2023-03-23,0.000829881943390364,0.0020834591746107345,8.550763435876976e-05,1.8598899174293142,4.669344529178848,0.19163543474315684
2023-03-24,9.005711391326364e-05,0.0010136840357411637,-4.738393929410942e-07,0.2018315008467108,2.271817976701309,-0.0010619451554899333
2023-03-25,-7.872218574427885e-05,0.0002946195488006446,2.152108601735512e-05,-0.17642822658079055,0.6602866017945647,0.04823198192779543
2023-03-26,-6.080128498550718e-05,0.00046747746444221347,-1.298102147991357e-05,-0.13626479984526943,1.0476871194346669,-0.0290924162897083
2023-03-27,-5.334924737744261e-05,0.00021183581620290456,-2.2750880057949713e-05,-0.1195636657599555,0.4747558394831396,-0.050988134841874
2023-03-29,2.4186870994632214e-05,0.00032894536762008864,-1.3600117031655028e-05,0.05420640592961999,0.7372159106417617,-0.030479902285493667
2023-03-30,-0.00011435591629151411,8.313693561775539e-05,3.7914351193231075e-05,-0.2562887617967269,0.1863223432597325,0.08497174817670983
2023-03-31,-8.332383679412818e-07,0.0003016226196425394,3.9070221301072476e-06,-0.001867412168311604,0.6759815340118772,0.008756222646889859
2023-04-02,0.00014586709243542454,0.000551316472115802,6.767706015267843e-05,0.3269100342116517,1.2355829114823298,0.15167444336117528
2023-04-03,0.00044689717205510234,0.000857502330437677,1.0676617550442735e-05,1.0015635971512926,1.9217913478603998,0.023927901423174736
2023-04-04,2.0396982442786425e-05,0.0002962730148849952,2.1511409771435487e-05,0.0457126972016508,0.663992267309507,0.04821029600925265
2023-04-05,5.1533448120445254e-05,0.0006501257126602992,2.16688049930909e-05,0.11549418725513588,1.4570292409286296,0.048563042310265675
2023-04-06,6.584361223849453e-05,0.00044475522212554145,3.615033184262125e-05,0.14756541156830202,0.9967631660666573,0.08101831620909061
2023-04-07,6.853481876368327e-05,0.0006252871230602349,3.217466910854588e-05,0.15359680907222875,1.4013622358464457,0.07210825967261761
2023-04-08,4.698065452640253e-05,0.0006296411879033942,1.735147108773735e-05,0.10529069389184705,1.4111203482696921,0.03888724942828256
2023-04-09,8.062802420777682e-05,0.0005259235059314238,2.668346307520032e-05,0.18069949645325903,1.1786734653182105,0.059801643270985194
2023-04-10,0.00014868458575799517,0.00020691908017994435,7.051559110401664e-06,0.3332244593715309,0.4637366965452823,0.01580360170027669
2023-04-11,7.178761955750476e-05,0.0007455894675258093,4.3762966827482215e-05,0.1608868235713018,1.6709778351454674,0.09807937310541177
2023-04-12,7.823023489530086e-05,0.0006858790004106468,2.204738712727415e-05,0.17532569093560352,1.5371577217703212,0.049411501660290465
2023-04-13,3.947545436787195e-05,0.00035632855598110013,3.410067774183049e-05,0.08847041455655623,0.7985857432370426,0.0764247339211034
2023-04-14,5.80269557166057e-05,0.0004157417556242997,2.4328481209669945e-05,0.13004711180427087,0.9317396356173993,0.0545237756630518
2023-04-15,7.155296488477072e-05,0.0005884039832303817,3.1331626043503756e-05,0.16036092725150392,1.31870158701677,0.07021887370739845
2023-04-16,-4.00834364088619e-06,0.00022359505350049675,-3.45436269791848e-06,-0.008983299350772085,0.5011100541526383,-0.007741744960440002
2023-04-17,3.37925117365949e-05,0.0005411262605202631,1.6120401325947045e-05,0.07573408767846967,1.2127451187649876,0.03612823743164622
2023-04-18,0.00017496506438534524,0.0006129496853203291,7.198275484611474e-05,0.39212295404721653,1.3737121872556557,0.16132415102337005
2023-04-19,0.00024545430035317065,0.001152875251136847,5.8046027013401085e-05,0.5500999052365084,2.5837663690853447,0.13008985344108384
2023-04-20,0.00016393509195673856,0.001195804681947695,4.770853417022124e-05,0.36740313133884467,2.6799776629470764,0.10692198135559133
2023-04-21,0.00021716329711884332,0.0011979836405395172,5.838629353595156e-05,0.48669552333789573,2.684861035995139,0.13085244175809785
2023-04-22,0.0003159586706586366,0.0017437523145427225,0.00010029953919600005,0.7081107747466034,3.9080104997374225,0.22478631226911552
2023-04-23,0.0003089860360865973,0.0010083463553139144,7.447331718975958e-05,0.6924840547754775,2.2598554342117794,0.16690587481982969
2023-04-24,0.00014621667078906225,0.0013486612144653287,1.3665227601464011e-05,0.3276934917389069,3.0225520807989716,0.03062582483902107
2023-04-25,0.00015517237020136758,0.0010500740591695657,2.737793620447227e-05,0.34776455747679497,2.3533734777078723,0.06135806172465303
2023-04-26,0.00023806906700108633,0.0008076386805877955,5.021360440084089e-05,0.5335484895094846,1.810039428999338,0.11253621950294455
2023-04-27,0.00038189540208143763,0.00138258162446227,0.00010898860463215937,0.855884880374814,3.0985728076636168,0.24425981127136398
2023-04-28,0.00016468412434594122,0.0009133488622600393,4.958969020816513e-05,0.3690818252779062,2.046951802654087,0.1111379342100293
2023-04-29,0.00017861050588189982,0.0005520423685849256,3.724891254316614e-05,0.4002929352572198,1.237209754354106,0.0834804003461168
2023-04-30,3.3951624279603246e-05,0.00043590242530462453,1.3914405596298705e-05,0.07609068275423282,0.9769227204714593,0.031184270102144845
2023-05-01,0.0001952149281030802,0.0010985108362386524,5.017899855289057e-05,0.4375059361182182,2.461927560636256,0.1124586626068107
2023-05-02,0.00044328183855853615,0.0015073686104544613,0.00010325574979340126,0.9934610924854633,3.3782391613200162,0.23141162364948126
2023-05-03,0.0003684748017847523,0.001388016152390303,9.506148141796336e-05,0.8258073020198976,3.110752399929528,0.21304703907986858
2023-05-04,0.0005870651541011972,0.0013387104916782657,0.00011388027435626792,1.3157010701138983,3.0002510184247453,0.25522277687354983
2023-05-05,0.00010958694591647502,0.00152890594339773,9.020731424444928e-06,0.245600783840708,3.426507555045823,0.02021681223189475
2023-05-07,0.00021404775026080789,0.0008150838551009705,5.7075109580615915e-05,0.4797131154970096,1.82672518185954,0.12791388183659735
2023-05-08,0.00014578301726117705,0.0005053239080952703,2.3493828646830054e-05,0.32672160913488696,1.1325066766277152,0.05265319407184318
2023-05-09,0.00026419401779944365,0.0007524295965992863,4.873012271251505e-05,0.5920984229912232,1.6863075904184908,0.10921151451715311
2023-05-10,0.00038750486028738256,0.001579420085655906,6.575791371153308e-05,0.8684565176330674,3.5397173249677336,0.1473733483146024
2023-05-11,0.00014090050680597453,0.0008034415103349685,3.324775032983517e-05,0.31577917082820983,1.8006329408872148,0.07451319565171009
2023-05-12,0.00029273268469389807,0.0016003526866619384,6.184408967698918e-05,0.6560578563017296,3.5866304237124034,0.1386018815795843
2023-05-13,0.0002626533885983896,0.0016554159657424725,9.086437961056441e-05,0.5886456418572809,3.710035491623742,0.20364070436421644
2023-05-14,0.00029698337671450124,0.0012954557092230232,7.287259338958365e-05,0.6655842947237045,2.9033105627251787,0.1633184126750654
2023-05-15,0.00010929257153921863,0.0011815318229029378,1.921327812277768e-05,0.24494104670511985,2.6479900448989193,0.043059838264863204
2023-05-16,0.00011945160399835317,0.0006960722384973466,2.556389682405566e-05,0.26770896230090924,1.5600022973083283,0.057292527367232345
2023-05-17,0.00014778127426574942,0.0008104570895425047,4.2655954113352565e-05,0.33120000282068435,1.8163559062281844,0.09559839156114011
2023-05-18,6.628429131153432e-05,0.0006164639570177913,2.705273114508401e-05,0.14855303947284515,1.3815881972704231,0.06062922840580503
2023-05-19,0.0003456158693606121,0.001000931252002762,7.354498713839305e-05,0.7745770056175358,2.24323707542599,0.1648253479252096
2023-05-20,0.00033478977910634015,0.0012849304391299762,7.29625509031502e-05,0.7503141134441742,2.879721853656146,0.1635200209565951
2023-05-21,-0.00023510590544395115,0.00010149662329972262,4.975404758614493e-05,-0.5269075999857111,0.22746915730817335,0.11150628374768871
2023-05-22,0.00017239750350147513,0.0006402172730306286,5.769076039870359e-05,0.386368664972331,1.4348229414525933,0.12929364766755455
2023-05-23,0.0002309047389219747,0.0007458317923489301,8.123340713271169e-05,0.5174921556349836,1.6715209214228048,0.1820562503954768
2023-05-24,0.00032302246592742757,0.0011897744169942694,9.896734143834783e-05,0.7239417995132543,2.666462934646707,0.22180065726455325
2023-05-25,0.0003559809089974724,0.0009353688338706066,0.00010693030790924847,0.7978066141996852,2.09630186202911,0.23964685957081222
2023-05-26,0.00039097740230471724,0.0010231204589187463,4.538156597449921e-05,0.8762390051752171,2.2929664165057484,0.10170689658374892
2023-05-27,0.00017668335842883505,0.000864130152977337,2.0668797257083586e-05,0.3959739087427837,1.936645292345159,0.04632187497271288
2023-05-28,0.0003369367916408306,0.001338594601138395,6.013591742947915e-05,0.7551258905858476,2.999991290341314,0.13477361134707722
2023-05-29,0.0003170243388159127,0.0018278993659473473,8.5976846432295e-05,0.7104990969372829,4.096596663992898,0.19268700938173794
2023-05-30,0.000268164045792637,0.001382716254247678,9.094440997399483e-05,0.6009958512281683,3.0988745332071836,0.20382006441321854
2023-05-31,3.883086827397572e-05,0.0006649127872884817,8.889124543254174e-06,0.08702580043222069,1.4901692932315809,0.019921861470114093
2023-06-01,0.00029355725802728943,0.0013957671662296347,6.784718515953636e-05,0.6579058488278597,3.1281235845955457,0.1520557190202949
2023-06-02,0.0003987924333983436,0.0014670994656797096,0.00010409002785136524,0.8937536621106978,3.2879899675080813,0.23328136591908724
2023-06-03,0.00029615572303401356,0.0008020423410282996,8.896641192998723e-05,0.6637293986776795,1.7974971925955736,0.1993870740968909
2023-06-04,8.031390114196719e-05,0.000612757489702101,2.7097887619826406e-05,0.17999549954431976,1.3732814480458637,0.060730430839173954
2023-06-05,0.0001527871668047624,0.0009193767857541903,4.29774009497117e-05,0.34241895888449325,2.060461283393004,0.09631880213844637
2023-06-08,0.00016137453380827204,0.0007376343096708436,5.408677018726025e-06,0.3616645364444089,1.653149133118811,0.012121656500517832
2023-06-09,0.0002664966972394433,0.0018681200493963095,7.541723014447847e-05,0.5972590730181784,4.18673724870454,0.16902132533829792
2023-06-10,0.0006136552880068147,0.0021654811408600384,0.00018399094673439875,1.375293548716473,4.853168058838476,0.4123513102737978
2023-06-11,0.0001973170398854306,0.001342747277963912,3.408455443158427e-05,0.4422170839392328,3.0092980620088214,0.0763885991643451
2023-06-12,0.00032669690857843733,0.0012953653886214613,1.4579007199958503e-05,0.7321767766605648,2.903108140708988,0.032673741986187
2023-06-13,0.0002206226179782476,0.0008163039617793922,4.830938441596226e-05,0.49444838028194965,1.829459623941885,0.10826857688383382
2023-06-14,0.0010447377313351708,0.001581325763668383,4.400875906826552e-05,2.3414139665818183,3.5439882352453966,0.09863023038584327
2023-06-15,0.0005458451039842528,0.0017045992526752184,7.239182268341021e-05,1.2233207547943084,3.820262615133066,0.1622409334069248
2023-06-17,0.0004046374255625784,0.0018971001263707649,5.2179130640870974e-05,0.9068531662995726,4.25168594821584,0.11694125863578798
2023-06-18,0.000290543822029518,0.0011648106942878484,4.360918825400417e-05,0.6511522867414543,2.6105154875032115,0.09773473225546145
2023-06-19,0.0002187436716091202,0.000915686847552855,4.359642627760945e-05,0.49023737962677977,2.052191578393081,0.09770613075206443
2023-06-20,0.00037161882460637276,0.002058048342742024,0.00012796431665636966,0.8328535287665724,4.612395043336287,0.2867872282744229
2023-06-21,0.00016048442456695152,0.0009109538470505479,9.278035840458697e-06,0.35966966811822343,2.0415842143173357,0.020793470023844008
2023-06-22,0.0002148026205971086,0.0010229079547471767,2.3980873335990146e-05,0.48140489315121,2.292490162781635,0.053744734276954316
2023-06-23,0.0005218732394658182,0.0012632379226110387,8.876513701189576e-05,1.1695962106288185,2.8311056702597295,0.19893598681421018
2023-06-24,0.0005357891069676123,0.002952495773793051,0.00018034079349364468,1.2007837570804645,6.616985903436297,0.4041707693382818
2023-06-25,0.00028956574696303324,0.0032755738058379987,8.825412255859591e-05,0.648960273806202,7.341052234953831,0.19779072677219722
2023-06-26,5.01296734095504e-05,0.0008720257625592238,1.1970509570617245e-05,0.11234811756181388,1.9543405377596044,0.026827707524188837
2023-06-27,0.0004081496191941681,0.0016381614463131771,5.472268975152982e-05,0.9147245190570099,3.6713655254047772,0.12264175613664106
2023-06-28,0.0004067515270085513,0.0009844276982994447,8.482529283320518e-05,0.9115911847552147,2.2062501360438005,0.1901062050331378
2023-06-29,0.00016945454884951557,0.0006247376377702285,5.2578281576076885e-05,0.37977306215409184,1.4001307568887478,0.11783581575422472
2023-06-30,0.00034717307109393244,0.0009292117661789153,0.00010537013166427798,0.7780669282821667,2.082502949771876,0.2361502705793966
2023-07-01,0.00011177176767495333,0.0004135848530701121,3.7186453509601115e-05,0.2504972971247217,0.9269056934580817,0.08334042028304255
2023-07-02,6.942722550393758e-05,0.0008917329927047419,7.006340946787876e-06,0.15559682643814973,1.9985073966002322,0.01570226101289365
2023-07-03,0.00014978117159612133,0.0005332495222098464,2.1846615074227116e-05,0.33568207272264733,1.1950921667005974,0.0489615413736041
2023-07-04,0.0003720456426591372,0.00161853034086144,0.00012899447989205904,0.8338100920455254,3.6273692734216163,0.2890959786100881
2023-07-05,0.00041949460665736363,0.001641176884531221,0.00013186465631444017,0.9401503377101506,3.678123574767146,0.2955284744991076
2023-07-06,-7.629698530902005e-05,1.8384271198787903e-05,8.610701338809399e-05,-0.1709929886253103,0.04120190939716351,0.19297873305472685
2023-07-07,0.0005467265968407312,0.0013718662013580372,5.3896123345386985e-05,1.2252963125096048,3.0745579371735654,0.12078929683551405
2023-07-08,0.0002760353194176121,0.001779613428492084,5.1144618491255054e-05,0.6186365561127813,3.988380635265034,0.11462276173167626
2023-07-09,0.0001653510566185685,0.0006297180631404094,3.056041433355214e-05,0.37057652054070483,1.4112926372071286,0.06849047258364038
2023-07-11,0.00018858579796308811,0.0010982393945087874,1.9868545764463428e-05,0.42264906110497497,2.461319219003369,0.044528391340027215
2023-07-12,0.000591256287294826,0.0012270479723194092,0.00016069366133045996,1.3250940282707995,2.749998563163644,0.36013859909076035
2023-07-13,0.0008716796888689548,0.0016288710810182837,0.00013852570764275978,1.953564934708658,3.650544423224127,0.3104568896835711
2023-07-14,7.821094905377056e-05,0.000430374839977767,9.982279307430971e-06,0.1752824684718579,0.9645345726161726,0.022371785269848923
2023-07-15,0.00019112673821435608,0.0007255464541279359,9.254523933173491e-05,0.42834368934910416,1.6260584356688235,0.20740776312831768
2023-07-16,0.00029434768618258035,0.0011896256099561406,5.668351945673945e-05,0.65967731688809,2.666129435753205,0.12703626963047163
2023-07-17,0.0006118084565685598,0.0014422010970504718,0.00015123322839367192,1.371154522438628,3.232188988654665,0.33893634981447784
2023-07-18,0.0002618449767895388,0.001527257279319648,5.575915238392701e-05,0.5868338697318749,3.4228126515472295,0.12496462436523802
2023-07-19,0.0001735769250825264,0.0009847330126016027,3.7881940056856975e-05,0.389011925648704,2.206934391192082,0.084899109958425
2023-07-20,0.0008082635797188679,0.00263687340859211,0.00013944131420932902,1.8114399216869408,5.909628839666207,0.31250890134023773
2023-07-21,0.00021310390817974855,0.0010212628989083941,4.8144393207518864e-05,0.47759782381704347,2.2888033458885477,0.1078988068370309
2023-07-22,0.0004869088162188087,0.0024715599420086407,0.00013940720057673,1.0912356934687832,5.539136564032665,0.31243244757253846
2023-07-23,0.0003152153338514907,0.001882941362495392,7.694900700021211e-05,0.7064448454612684,4.219954034556548,0.17245426703852537
2023-07-25,0.00038824655844322186,0.0011486103740584316,0.00011654063852873502,0.8701187744550267,2.574208139821054,0.2611850520386745
2023-07-26,0.0004323767840462173,0.001956089135761339,0.00011298780415401196,0.96902122956518,4.383889166611525,0.2532226172797639
2023-07-27,0.0008085470149316889,0.004399717482781805,0.00020807382050592066,1.8120751425141546,9.860426836536442,0.4663246428268441
2023-07-28,0.00036751585364837476,0.0011341910349183448,0.0001043621311301493,0.8236581554040552,2.5418922379072484,0.23389119018233412
2023-07-29,0.0006472018120763123,0.00216864482086777,9.873580987883856e-05,1.4504763411348274,4.860258340287803,0.22128176030995905
2023-07-30,0.00021632822146385586,0.001135972849979711,3.624837039314238e-05,0.4848239935337206,2.5458855527320297,0.08123803530659106
2023-07-31,0.00022277034091638072,0.0009195052691875012,4.899316204292536e-05,0.49926174954474667,2.0607492340395686,0.10980102511250217
2023-08-01,0.00024870827498733633,0.0008625408570648422,7.175177721654854e-05,0.5573925504878688,1.9330834418108713,0.16080649550886775
2023-08-02,0.00019792795583585543,0.0008130961900653503,3.94476075679763e-05,0.44358623822152743,1.82227052636496,0.08840800570097009
2023-08-03,2.9213093516161974e-05,0.0006110940659256686,1.1081599414802884e-05,0.06547092453374641,1.3695534658493123,0.024835526528485485
2023-08-04,0.0004205996994791126,0.001359864827401702,3.529617417323215e-05,0.9426270164876133,3.0476610579313244,0.07910402074833923
2023-08-05,0.00022085299860936613,0.0008318638274923762,5.7278199360693965e-05,0.49496469783338093,1.864331616984539,0.12836903649721929
2023-08-06,0.00018687911704052277,0.0008669637756286023,6.085652282823239e-05,0.4188241331553676,1.9429958657500421,0.136388596136493
2023-08-07,0.00021913036182788384,0.0007284039033349324,7.609750590825889e-05,0.4911040104105619,1.632462407959084,0.17054592536629443
2023-08-08,0.00021329721580858968,0.000763531256986357,5.657983681234964e-05,0.4780310552094208,1.711188076594974,0.1268039012719974
2023-08-09,0.00018625858661550822,0.0011047329667600936,3.0463063284086074e-05,0.41743343139334627,2.475872288454384,0.06827229427912951
2023-08-10,0.00021890922232628739,0.000970129324967782,4.581107359798475e-05,0.490608403616559,2.1742053366515446,0.10266948759412352
2023-08-11,0.00017338945640633496,0.0006846377306226821,4.17497651920433e-05,0.3885917802250576,1.5343758499850242,0.09356748626014785
2023-08-12,0.00023026332440137808,0.0007793519981127569,6.292149069882415e-05,0.5160546494821485,1.7466447305704051,0.14101649887966974
2023-08-13,0.0002801736582159922,0.0009417223355673034,6.23890452570555e-05,0.627911194110771,2.110541012356662,0.13982320877784993
2023-08-14,0.00044727015970214793,0.0019808548884705365,3.5325204515719374e-05,1.002399518416469,4.439392933295743,0.07916908210040448
2023-08-15,0.00013224541928416096,0.0010108483256770862,3.0552823818130834e-05,0.29638182142869735,2.2654627250912016,0.06847346110000392
2023-08-16,0.00012174483068387961,0.0005338983545565949,3.9909517938861234e-05,0.2728484272871768,1.1965462973145127,0.08944321612867885
2023-08-17,0.00013687415675618216,0.0005282433421338037,4.490381120991601e-05,0.3067555164141177,1.1838725662231742,0.10063617649310327
2023-08-18,0.00012787744921168647,0.0006631975424816175,4.369207689816167e-05,0.28659254530077116,1.4863251723326771,0.09792049814031503
2023-08-19,0.00015039054422397337,0.0008022495023450151,3.272831830408242e-05,0.33704776818755794,1.7979614721805306,0.07334907056719432
2023-08-20,2.3098946798811307e-05,0.0005892988663088948,5.867103389142402e-06,0.05176820461815596,1.3207071542281796,0.013149058760576494
2023-08-21,9.113158339564733e-05,0.0007382517627443552,2.935565397335197e-05,0.20423954812715503,1.6545329380745117,0.06579042390237777
2023-08-22,0.0003708266394816716,0.001102800542685452,0.00011729565849001946,0.8310781230743484,2.471541436239501,0.26287716502490716
2023-08-23,0.0005297240394507078,0.002930559558891127,0.00016418778499117804,1.1871910310149538,6.567823555408849,0.3679694543329787
2023-08-24,0.0004438285531894965,0.0018734554025435458,0.00010334344080722212,0.9946863619806401,4.198694575410467,0.23160815236510587
2023-08-25,0.0005401691686657953,0.0016311634475847925,9.039672089896028e-05,1.210600132355347,3.655681960554658,0.20259261104270485
2023-08-26,0.000286007742800753,0.0010827071217221814,7.532595352035697e-05,0.6409862527779076,2.426509065847667,0.16881676073214802
2023-08-27,0.00015099361762403664,0.0008510884924567071,3.8645000333786215e-05,0.33839934613810974,1.9074169748693492,0.08660924249806498
2023-08-28,0.00014899530279329046,0.0005058807305545143,3.3581941400766534e-05,0.33392082285518293,1.13375459928225,0.07526216797032792
2023-08-29,0.000373413382194084,0.0013119583766991814,7.820772001282641e-05,0.8368754015042714,2.9402955159393707,0.17527523170674592
2023-08-30,0.0005886574175342981,0.002756957528847119,5.870112007673323e-05,1.3192695713069922,6.178755365775721,0.13155801525997068
2023-08-31,0.0001242092148552875,0.0010352951259787176,1.9864010896262328e-05,0.2783714818729276,2.320251671587203,0.04451822802015832
2023-09-01,0.0001433618297350017,0.0007510771087908858,3.36198715946061e-05,0.3212953647105991,1.6832764623666936,0.07534717522425145
2023-09-02,0.00017826075668648066,0.0009903480295568089,3.893352755905704e-05,0.39950909484790614,2.2195184864412423,0.0872558752889807
2023-09-03,0.0003946722919469203,0.001327398869184656,8.035291009221464e-05,0.8845198070968404,2.9748999756731918,0.18008292445316684
2023-09-04,0.00013159424480721022,0.0012968004431436432,1.5593650211414873e-05,0.2949224417496792,2.906324313151376,0.034947709171312444
2023-09-05,0.0001574640135154743,0.0018010264462104833,2.4194186366385492e-05,0.3529004738902053,4.036370419924625,0.054222800775024844
2023-09-06,2.3235329256763686e-05,0.000623635203782659,5.876285001889566e-06,0.052073858163795936,1.3976600369575063,0.013169636131984802
2023-09-07,1.2419626606054017e-05,0.0006988489424808205,5.794749412449794e-07,0.02783424616815796,1.5662253074408907,0.0012986902645711856
2023-09-08,0.00033850632383147284,0.0014271217968735567,7.701350933855209e-05,0.7586434476549054,3.1983940150631716,0.17259882645409602
2023-09-09,0.00016117204957568837,0.0009173441516485164,3.677169989293252e-05,0.36121073890655403,2.0559058454670724,0.08241089521504572
2023-09-10,0.000646003360152007,0.0032946215942504923,0.0001197641628402163,1.4477904306046705,7.3837411859544915,0.26840945354935075
2023-09-11,0.00021676724925946307,0.0011603013506078033,5.0056709040035774e-05,0.4858079206778457,2.6004093719146786,0.11218459346507619
2023-09-12,0.00018662643637811326,0.0007657582387632295,5.428217334005315e-05,0.41825783788880855,1.716179076804212,0.12165449278106011
2023-09-13,0.00043591794717850714,0.0022648311423984157,0.00014476713090598692,0.9769575073191114,5.07582631478621,0.3244448554299526
2023-09-14,0.00015864821166498413,0.000741581338552093,3.834328399909192e-05,0.35555443957297916,1.6619950168960234,0.08593305093456485
2023-09-15,0.0003000802792629243,0.0009248155096462291,7.234636598217313e-05,0.6725249178701028,2.0726502794436463,0.1621390581209473
2023-09-16,9.950886808864323e-05,0.0012475913390518332,1.8221196160909345e-05,0.2230142997168628,2.796039329516016,0.04083643377602198
2023-09-17,0.00020586791849137935,0.001515643089201966,6.105240134640529e-05,0.46138088552695483,3.3967835093649863,0.13682758927749622
2023-09-18,0.00014276138531902493,0.0008952529337492983,4.977968754488197e-05,0.3199496787077327,2.00639611247224,0.11156374674121222
2023-09-19,0.0002743301807749586,0.0005876889899153447,4.7721068554753724e-05,0.6148150846437985,1.317099179748775,0.10695007279148631
2023-09-20,0.0005206533357110237,0.0028358700563209985,7.558882322848139e-05,1.1668622233287609,6.355610176723806,0.16940589117851107
2023-09-21,0.00010524950412490406,0.0005275179381079517,-7.879467820029804e-06,0.23587992616952874,1.182246826990636,-0.017659069304859797
2023-09-22,7.830077703989648e-05,0.0010075177579294736,2.020346659528478e-05,0.175483786462964,2.25799842318364,0.04527899916002249
2023-09-23,0.00017889963470958903,0.0024392912760503585,5.4205998829763094e-05,0.4009409163293955,5.466817643320261,0.12148377427732357
2023-09-24,7.228142205650735e-05,0.0005256673293071259,3.835162352935009e-05,0.16199350904194146,1.1780993350766653,0.08595174107280297
2023-09-25,0.00012380818324834943,0.000989644336030821,3.2318580361711825e-05,0.2774727098870383,2.2179414036954745,0.07243078637765046
2023-09-26,0.0005029770226943832,0.0030542740754529816,6.24100831256816e-05,1.127246954411517,6.84508634420145,0.13987035779712131
2023-09-27,0.0004375333558018895,0.0013412057359129224,9.212261772554628e-05,0.9805778803554047,3.005843235041246,0.20646060471560804
2023-09-28,0.0002947001072456747,0.0015133558108754578,8.434061309818964e-05,0.6604671453536439,3.391657375543532,0.18901996504500773
2023-09-29,0.0005609220024540049,0.002052275348111172,0.00016333977360994051,1.2571103457997932,4.599456896419353,0.3660689336259182
2023-09-30,0.0004336952438677198,0.0016390062603158435,0.00011333997472325089,0.9719760957941402,3.673258880306853,0.25401188435101374
2023-10-01,0.0003934015007736054,0.001802699991759863,6.814751245512549e-05,0.8816717734587658,4.040121086532618,0.1527287975388045
2023-10-02,3.919043829803969e-05,0.0006804084581463582,9.967894464145292e-06,0.08783165079165166,1.5248974159747106,0.022339546678319222
2023-10-03,0.0003414985203081897,0.0017496251251426845,8.985343333741704e-05,0.7653494087886994,3.9211723492135278,0.2013750221241522
2023-10-04,0.0004201488731410999,0.0023832561737732387,0.00013318518276348365,0.9416166470401761,5.341234573851894,0.2984879723503814
2023-10-05,0.0003149062005826557,0.001580584750148822,9.479538717209612e-05,0.7057520314358188,3.5423275127960325,0.2124506819607432
2023-10-06,0.0004023938929122483,0.0019425762636222066,9.551052451798997e-05,0.9018250731002853,4.353604793216909,0.21405341202349323
2023-10-07,0.0002393155666899877,0.0008908546030124947,4.868924660320853e-05,0.536342082287266,1.9965387935414527,0.1091199050247808
2023-10-08,9.068937989325069e-05,0.0011523208614674146,2.7254454521144907e-05,0.20324850374775877,2.5825238986776964,0.06108132075006391
2023-10-09,0.00010999338829803477,0.0012162831598161407,3.3721741815760747e-05,0.24651168218414063,2.7258730036219436,0.0755754816703922
2023-10-10,0.0003874873534436994,0.001789360509561574,0.00010494198812129073,0.8684172821703469,4.010225306003922,0.23519073667803073
2023-10-11,0.00036523051484932607,0.0010373609676568554,9.049093969038091e-05,0.8185363683545671,2.3248815326641616,0.2028037694870972
2023-10-12,0.00015990787482831822,0.002233042996545828,4.592372665356108e-06,0.3583775336714854,5.004584311708682,0.010292195998962842
2023-10-13,0.00018414883087567477,0.0009131270553418098,4.7763362463950256e-05,0.41270515231701854,2.046454700079297,0.10704485978608212
2023-10-14,0.0002452950189571564,0.0016806736112380605,7.792737941298661e-05,0.5497429317358311,3.7666416638261797,0.17464694637141495
2023-10-15,0.0003944188336984029,0.0019317330781413325,0.00012555245078261265,0.8839517691431757,4.329303588076447,0.28138187507145235
2023-10-16,0.0005037918905764743,0.0019183675252556994,0.0001554860054708511,1.1290731955654654,4.299349379226811,0.34846746116099797
2023-10-17,0.0004614515343180487,0.0016930555831803724,8.410572126866889e-05,1.034182106136895,3.794391520244692,0.1884935372212773
2023-10-18,0.00035890974027835427,0.0011118036771548966,8.095827380205077e-05,0.8043705644248337,2.4917188110556965,0.1814396353314661
2023-10-19,4.204471793210664e-05,0.0017557916304432443,1.1346500770793506e-05,0.0942285195935408,3.934992412567877,0.025429210202463866
2023-10-20,0.00033101396774378545,0.00223613478620852,8.851359031927458e-05,0.7418519538089848,5.011513476111225,0.19837223294404224
2023-10-21,0.0005873718319158968,0.001468217831916002,0.00014679311943776246,1.3163883810983121,3.290496393998548,0.3289853996279413
2023-10-22,0.0008586731748358679,0.0022396876225636063,0.00014784027477199066,1.9244153857834054,5.019475915308426,0.3313322318052469
2023-10-23,0.00028953802872325857,0.002082815723333997,4.426840981367033e-05,0.6488981530731309,4.667902458349987,0.09921214665390726
2023-10-24,0.00015687624557103434,0.0010540582709518069,3.868339275735724e-05,0.35158319776152364,2.3623026939436422,0.08669528567815117
2023-10-25,0.0002492188786327408,0.001765243772481395,8.11103888676725e-05,0.5585368898477671,3.9561760806966784,0.18178054801078425
2023-10-26,0.0007208376732760691,0.003152507675471679,0.0002450970695972004,1.6155053514626623,7.065242576883354,0.5492992975277657
2023-10-27,0.0003084150056659425,0.0014968852823548744,8.330900794684716e-05,0.6912042899482271,3.3547444505496267,0.1867079831600765
2023-10-28,0.00020205536288040303,0.001098073474324528,1.9020754212292047e-05,0.4528363765194153,2.460947366982416,0.04262836330287832
2023-10-29,0.0002394816825044351,0.0008379902980505539,5.943942803554916e-05,0.5367143727448147,1.878061956475999,0.13321267414187102
2023-10-30,0.00033413200552461755,0.0018083737377542692,0.00010116097194067305,0.7488399441814967,4.05283680236798,0.2267169122648394
2023-10-31,0.0005959474764506593,0.0022404388233146803,0.00019580946116014628,1.3356076868473952,5.021159468871696,0.4388383738790618
2023-11-01,0.0006112003091392526,0.0029767640821987025,0.00014254256661547677,1.3697915728274361,6.671374822819622,0.3194592731702758
2023-11-02,0.0004036473342511305,0.0015021809902557486,6.479384132487778e-05,0.9046342231569211,3.3666129263116713,0.14521271748524983
2023-11-03,0.0002200150772871358,0.0008525526593551761,4.0857137882381116e-05,0.49308679046206444,1.910698392513853,0.09156697456509844
2023-11-06,0.0006076685604133984,0.002072116577490525,0.00013230117085287764,1.361876394170488,4.643924067642891,0.29650676905692674
2023-11-07,0.0004876421551483084,0.0016850439683759285,0.00011162543202529251,1.0928792160106315,3.776436289725712,0.2501693369834843
2023-11-08,0.00018177943460210172,0.00100656408245233,3.671615172498505e-05,0.4073949798585003,2.2558610933880394,0.08228640343845026
2023-11-09,-1.2934299598122586e-05,0.0005363755892983164,-3.7660441520894353e-06,-0.028987705544332436,1.2020981519559217,-0.008440269851455238
2023-11-10,0.00018171450607278784,0.0009040211634531658,6.930893387019178e-05,0.4072494652850285,2.0260470304730624,0.1553317171431803
2023-11-11,0.0003325099498160742,0.0004961519732082198,4.2908482109458736e-05,0.7452046740302947,1.1119509947556017,0.09616434467961345
2023-11-12,0.0003362478667523527,0.0013117338763753905,8.282648592270284e-05,0.7535819065720353,2.9397923770387067,0.18562657892566548
2023-11-13,0.00034766741564240273,0.0010365507085334862,5.399385850044713e-05,0.779174828566971,2.323065620429823,0.12100833597827709
2023-11-15,0.0004221687179741018,0.003613900988781297,0.00015259312084919675,0.9461434222876582,8.099294201007204,0.3419840727911773
2023-11-16,0.0005487147728494365,0.002065195814816162,0.0001641352861992288,1.2297521131715148,4.628413600375242,0.36785179666540163
2023-11-17,0.0008541866609903602,0.001736751990733619,0.00013212352800543123,1.9143604352785457,3.89232172403265,0.2961086447893722
2023-11-18,0.0007689296031730628,0.0019928541372330314,0.00012671803253250897,1.7232865801513098,4.466285049659809,0.2839941186102325
2023-11-19,0.00018226288878271099,0.0007277368673834734,3.5953096902518344e-05,0.4084784731953727,1.6309674803364715,0.08057628312307899
2023-11-20,0.000332097891356878,0.001702125070309054,8.071053221168048e-05,0.7442811892144672,3.8147176013231365,0.18088440926620772
2023-11-21,0.000780820493810284,0.004291821860846675,0.0002319813437222101,1.749935849702918,9.618616563436525,0.5199049884830311
2023-11-26,0.000282923412192716,0.00104945112665561,0.00027138379301685275,0.6340738052357056,2.3519773925042204,0.6082117877197195
2023-11-28,0.0013487986959316283,0.003909974956777739,0.00023846782504617278,3.022860197387169,8.76284037438243,0.5344421661022302
2023-11-29,0.0010760617471535616,0.001076061749805984,2.3588734873866263e-05,2.4116157846332045,2.411615790577681,0.052865893162565375
2023-11-30,0.0008735141591656754,0.00460849129142205,0.00020569314661379325,1.9576762578141533,10.328320257770528,0.46098919553350276
2023-12-02,-4.627098819640198e-05,0.00028556456928397866,2.9025178180594998e-05,-0.1037002251963663,0.6399930344507888,0.06504977807944048
2023-12-05,0.0009616038720613324,0.004380741664848307,0.00017671100151255622,2.1550985178702553,9.817899182174784,0.3960358610398654
2023-12-06,0.0002650899510780971,0.0015778620217115564,7.333687897750695e-05,0.5941063438586773,3.5362254699588545,0.1643589463204397
2023-12-07,9.783194960648838e-05,0.00036794931370320107,0.00013486248287396341,0.21925607386058144,0.8246296044059291,0.30224705349298314
2023-12-08,0.00012259921050498555,0.00036254275438724396,8.492980048055399e-05,0.27476322062324837,0.8125126939949718,0.19034042234699358
2023-12-10,0.0002752302108402009,0.00027523021119286117,3.4056052007209595e-05,0.6168321870245163,0.6168321878148808,0.07632472095595778
2023-12-11,0.00023611257028768613,0.0019961026163259794,6.414507309266476e-05,0.5291636869002477,4.473565378578969,0.14375873056162564
2023-12-12,0.00015396004890867114,0.001255705299107861,5.831932977031985e-05,0.34504756361166833,2.814223931095583,0.13070236591475234
2023-12-13,0.0004787523010690764,0.0023929781132464244,0.0001663238083819366,1.0729557195409607,5.363022898502225,0.3727566031551772
2023-12-14,0.00037176608717704303,0.001656359186525098,0.00013593355541115828,0.83318356627683,3.7121493908807235,0.3046474877097174
2023-12-15,0.00020838963302696292,0.0010771521405540398,6.130958505904264e-05,0.46703242605837797,2.4140595198026866,0.13740397655507341
2023-12-16,5.2108729649123005e-05,0.0006143131788781088,1.5990704490797287e-05,0.11678347945313203,1.3767679808426736,0.03583756736955034
2023-12-17,1.3898415504836536e-05,0.00031215679582946294,4.617740268316352e-06,0.031148433908664404,0.6995902029732008,0.010349048602337194
2023-12-18,0.00012359621912547478,0.0005913061013649322,4.6806773713771856e-05,0.2769976664930578,1.3252056690740177,0.1049010009086198
2023-12-19,9.871658841008657e-05,0.0004262933309311322,3.130119183524358e-05,0.22123868211526554,0.955387298616307,0.07015066608155617
2023-12-20,7.632490816705024e-05,0.0007170929762873188,2.557848677776172e-05,0.17105556793858465,1.6071129238063246,0.05732522564198068
2023-12-21,0.0001366047466006085,0.0008658980801157538,3.778279237778431e-05,0.3061517278439538,1.9406074822514217,0.08467690513747131
2023-12-22,-4.562000367139305e-05,0.00065605416659697,-8.769559191832215e-06,-0.10224127122814254,1.4703157954687995,-0.01965389758277477
2023-12-23,3.056057425542071e-06,0.00025865039448098864,3.1582645552211258e-06,0.006849083099253613,0.5796743315910677,0.007078144607933826
2023-12-24,0.00016015491897564905,0.0006776101087489141,4.981005319127384e-05,0.35893119666227585,1.5186258952226288,0.11163180070962338
2023-12-26,7.82439189127409e-05,0.0006859928945984603,-1.966420985061352e-06,0.17535635887128928,1.5374129757293393,-0.004407044390670249
2023-12-27,0.0002491485616182442,0.0013897554100504596,5.340229957293413e-05,0.558379298870728,3.1146503372345875,0.11968256368788133
2023-12-28,0.00011268610581513543,0.0011646917508351742,3.0159346317422548e-05,0.2525464660475908,2.6102489173842507,0.06759161899929154
2023-12-29,0.00011048546020862274,0.0004421986194675347,2.9687501608030373e-05,0.24761448914655487,0.9910334360196654,0.06653414422883727
2023-12-31,0.0004161722653354177,0.0017684114937978213,2.678044025242758e-05,0.9327044724564715,3.9632754193249875,0.060018983671728074
2024-01-02,6.374996351023312e-05,0.0005756242468456673,2.592549076066446e-05,0.14287323072095898,1.2900602808181674,0.058102913618263155
2024-01-03,-0.00024408985259796455,6.788395678956133e-05,2.148477065287646e-05,-0.5470419731499283,0.15213812975892538,0.048150593748694084
2024-01-05,0.0007661945785811883,0.003012359584094324,5.2822004234672634e-05,1.7171569797872301,6.751149681892995,0.11838203479053658
2024-01-07,1.5457631835060723e-05,1.5457631835060723e-05,4.0440596429160474e-05,0.034642871587146344,0.034642871587146344,0.090633442687213
2024-01-08,-1.5436481135218077e-06,0.0005026327750030901,4.347231761583872e-06,-0.0034595469696193995,1.1264754436981754,0.009742798462473695
2024-01-09,4.708332304651674e-05,0.00040821271338145805,2.089464803765782e-05,0.105520789445701,0.9148659225948548,0.046828040449596826
2024-01-10,9.246283976137392e-05,0.0004562652973293635,3.443637945411725e-05,0.20722309333120317,1.0225589711097032,0.07717709181359488
2024-01-13,0.00016290195437385335,0.0004491510599868991,1.7982691799339516e-05,0.36508771504496146,1.006614898089639,0.040301909726089755
2024-01-14,-0.00011392020318064087,0.00020180330943099202,-1.730830036746681e-05,-0.2553122633582933,0.4522714869312678,-0.03879049736854825
2024-01-15,7.089437626784848e-05,0.00042308786346488623,1.0661687486968643e-05,0.15888493137268864,0.9482033652043298,0.023894440911419776
2024-01-16,0.00018160385278264129,0.0012057770948690164,4.1299138305490574e-05,0.40700147466381653,2.702327336165696,0.0925575638133502
2024-01-17,0.00028039240061792585,0.0007585797128875278,4.37516096938813e-05,0.6284014286448645,1.700090923537883,0.09805392006544209
2024-01-18,8.833862305058132e-05,0.0004923799655452508,1.6272526953347476e-05,0.19798010504981034,1.1034973597817388,0.036469173781494696
2024-01-20,6.52378919170576e-05,0.00043366836850576557,1.710569971928395e-05,0.14620790146991364,0.9719158640766965,0.03833643892587323
2024-01-21,0.00020055631901325712,0.00048692160654286896,-3.414919804556403e-05,0.4494767943565612,1.0912643585035509,-0.07653347519981583
2024-01-22,-7.918545498124086e-05,0.00023548970188796764,-2.109372618163224e-06,-0.17746648243120794,0.5277677453862187,-0.00472742044319651
2024-01-23,8.917641984244135e-05,0.0006233842904106721,3.6948994298629047e-05,0.19985773332988743,1.397097702453878,0.08280823857237249
2024-01-25,-1.6426628675790962e-05,0.0005377734380062112,-4.0782174699653625e-06,-0.036814538856748916,1.2052309405876203,-0.009139897082812872
2024-01-26,0.00023738498835615822,0.0009191601212923581,2.6532854540013332e-05,0.532015366654404,2.0599757058343684,0.05946410695235088
2024-01-27,-9.931568154328935e-05,2.771417943442387e-06,1.5537021868517583e-05,-0.22258133969074295,0.006211163323945905,0.034820796560628184
2024-01-28,8.932808717718815e-05,0.0005724939304037633,2.3802348544396663e-05,0.20019764257715525,1.2830447721243943,0.05334463344027458
2024-01-29,4.156106497041395e-06,0.0005911878935657735,1.6964308215152204e-05,0.009314458075844323,1.3249407476649333,0.038019559356388365
2024-01-30,-0.0001683070132891658,-4.175345690241708e-05,-4.427653133290718e-06,-0.377201262833014,-0.09357575993685205,-0.009923034819674492
2024-01-31,8.09838382687664e-05,0.0007477960853589902,1.1883409768205945e-05,0.18149692913604584,1.675923196702301,0.026632503802014755
2024-02-01,-2.539245522487558e-05,0.0005857971248942595,7.045628817655307e-06,-0.05690830102722991,1.3128592264567698,0.01579031102468819
2024-02-02,-5.390067088079535e-06,0.00021195140989630564,1.0331687221445388e-07,-0.01207994885444945,0.4750149022891054,0.0002315486081634233
2024-02-05,-7.026866889814216e-06,0.0003809078821966707,6.992184676449356e-06,-0.015748262730107133,0.8536717001850685,0.015670534687624475
2024-02-07,4.6272468341005734e-05,0.00030773982886081897,3.7313555235393513e-06,0.103703542422445,0.6896911174514244,0.008362527431580218
2024-02-08,-8.874794013457618e-05,0.0008048404381674255,-3.6021361844989904e-05,-0.19889744603260542,1.8037681479989258,-0.08072927509889913
2024-02-09,2.6451118168105107e-05,0.0013152778342902336,-1.5152437847191224e-06,0.05928092348244876,2.947734918319557,-0.0033958886081232615
2024-02-10,-2.6566628036798446e-05,0.0004979606624225416,-7.721279105619853e-07,-0.05953979842467084,1.116004538588279,-0.0017304544667559934
2024-02-11,0.00010693457613290453,0.001082778107837147,2.2343701613853247e-05,0.239656425300259,2.426668156379222,0.05007558687188721
2024-02-12,-9.993277401907856e-05,0.000515442544309282,-2.06558670489092e-05,-0.2239643364928579,1.1551840581787474,-0.04629289643666285
2024-02-13,0.00018838592402750583,0.0009103909418601651,4.893972136309391e-05,0.42220111363424473,2.040322659349909,0.10968125653289792
2024-02-14,0.00018443948009192837,0.0009089556431526867,3.2186884110779466e-05,0.4133565408080253,2.037105939651644,0.07213563532487341
2024-02-15,-0.00010807434243150025,0.00037674461269854705,-9.376272915445181e-07,-0.2422108125403568,0.8443411887493487,-0.0021013634044449968
2024-02-16,2.3421973194249574e-05,0.00013870044511703756,-3.961987001575652e-05,0.05249215522429244,0.3108485025740487,-0.08879407168581273
2024-02-17,0.00014642486189900516,0.0008769207940477774,4.4319714171044114e-05,0.32816007924495544,1.9653110375801763,0.09932712741443551
2024-02-18,-1.0299691733860358e-05,0.0005936415095406699,-2.452216444417737e-06,-0.023083154129341144,1.3304396691070723,-0.005495784884406812
2024-02-19,0.00035486270630248905,0.0011708891123604563,4.493237603576653e-05,0.7953005542298234,2.6241381341666368,0.10070019455255817
2024-02-20,3.917083938414662e-05,0.0005075633419186266,1.917581655004912e-05,0.0877877266857802,1.13752558374093,0.04297588126114259
2024-02-21,-0.00019023328303109053,6.228019781927376e-05,-1.640102574892599e-05,-0.42634132226512855,0.1395792653426654,-0.036757158857205485
2024-02-22,4.4976510643699266e-05,0.0009267024845690473,7.803920806506972e-06,0.10079910682912661,2.0768792732919206,0.017489757115503102
2024-02-23,-0.00012792608336349113,0.0003745158371848049,-3.6420175241011915e-05,-0.28670154173008816,0.8393461685067255,-0.08162307574139385
2024-02-24,-5.165971734269152e-05,0.0007377857168837245,-1.4309781927583315e-05,-0.1157771755225731,1.6534884593939592,-0.032070367767003345
2024-02-25,5.488300070438611e-05,0.0002785519726744541,2.138046368353339e-05,0.12300103702863494,0.6242767535593529,0.047916826184350864
2024-02-26,7.567813567148662e-07,0.0005457064494699058,1.4076988864106419e-06,0.0016960605376015224,1.2230100092294796,0.00315486435927921
2024-02-27,4.56278268249437e-05,0.0006252568454048934,-2.445555409516973e-06,0.10225880408872258,1.4012943790791768,-0.005480856506038964
2024-02-28,-0.00010087020116830165,0.0010475076159755247,-1.4799100279732299e-05,-0.22606525134833924,2.347621693543547,-0.03316700359192205
2024-02-29,0.0001970945253336252,0.000819984675611277,1.4923067528422647e-05,0.4417183954514541,1.8377086557462137,0.033444832791324416
2024-03-01,-0.00010234699424634756,0.00027927640023467327,-3.605215882529036e-05,-0.22937496615520186,0.625900304385938,-0.0807982957512995
2024-03-02,-4.907326105411719e-05,0.0003304023045055288,-7.82653656436883e-06,-0.10998053901143474,0.7404811247425659,-0.017540442421235206
2024-03-03,-4.79366683599224e-05,0.0002382624777206554,-2.459096999229341e-05,-0.1074332642948401,0.5339819519436468,-0.055112052398228376
2024-03-04,3.3659230487991876e-05,0.0006171762993915751,-1.0312475787466299e-05,0.075435384408163,1.3831846633814286,-0.023111805111080096
2024-03-05,7.77580919356545e-05,0.0002678585882892616,3.8903856895557796e-05,0.17426754774159212,0.6003112751444787,0.08718937888147936
2024-03-06,3.6819052158026116e-05,0.00031493874823385754,1.5580748291420015e-05,0.08251701874396024,0.7058249756043098,0.034918794033315964
2024-03-07,0.00010583260924011521,0.0002201938959954501,1.7785508134421218e-05,0.2371867521984842,0.493487550010203,0.039859991555458114
2024-03-10,-1.0691203358184192e-05,0.00027242419199979064,3.7998628651980974e-05,-0.023960590406194502,0.6105434779003308,0.08516062660338716
2024-03-11,0.00016566305240036956,0.0005192594264912138,3.335166607450497e-05,0.3712757498870882,1.1637382636807838,0.07474608642287682
2024-03-12,0.00015496808948500075,0.0005930948293828774,3.10163155019521e-05,0.3473067337493094,1.3292144768714358,0.06951221548719995
2024-03-17,-6.757342929213454e-05,0.0002985371321988887,-7.033272621907609e-06,-0.15144219105806733,0.6690664938275395,-0.01576261893658824
2024-03-18,1.8533881801444462e-05,0.000470582181361719,1.4252652347908575e-05,0.04153720919930726,1.0546452557588166,0.031942331809515306
2024-03-19,9.367680300521824e-05,0.0008401982009659111,2.2721480625369793e-05,0.20994376705514486,1.8830101980947518,0.05092224630354751
2024-03-20,0.00011888526974403559,0.0011964172994885442,1.9764505781184454e-05,0.26643972228684537,2.6813506307487507,0.04429522213150154
2024-03-21,-7.84087197589009e-05,0.00034393103763982833,-3.152898676764496e-05,-0.17572570228766077,0.7708010450065013,-0.0706611886943075
2024-03-22,0.00020182867570478006,0.0007910599952006985,2.9110440303343137e-05,0.4523283365557678,1.7728841082440456,0.06524086328583747
2024-03-24,0.0001518736222222257,0.0006849161663980926,3.393579836505803e-05,0.3403715684433411,1.5349998663230853,0.0760552145058498
2024-03-26,2.8180996153033438e-05,0.0012125788333276375,1.712144815222164e-05,0.0631578395283709,2.717571052312235,0.03837173352635153
2024-03-27,-8.543746050574512e-05,0.0008194219666637432,-1.1344874475200152e-05,-0.1914781646124507,1.8364475405884482,-0.02542556543009482
2024-03-28,-2.0385325197501223e-05,0.0003950212711248841,-5.484832623373074e-06,-0.04568657156637987,0.8853019217815341,-0.012292332633872565
2024-03-29,0.0002937065726653459,0.0009232951666553613,9.190539459485657e-05,0.65824048532894,2.069242962749663,0.2059737750962628
2024-03-30,0.00032815848087692123,0.0011050661311456799,7.991528837224347e-05,0.735452379417312,2.4766189598171406,0.17910214853545345
2024-03-31,-5.572852320238061e-05,0.0003924046530479956,-2.1483487077566537e-05,-0.1248959797750153,0.8794376881785154,-0.04814771706388825
2024-04-01,5.468628694647845e-05,0.00107586189814956,1.842907907493299e-05,0.12256017199010019,2.411167893037886,0.04130233056878607
2024-04-02,0.00016478492984135047,0.0007795904816422537,8.191231623135389e-05,0.36930774551394263,1.747179207932537,0.18357778752189877
2024-04-03,0.00015871791525282918,0.0007073662967288109,1.8520517351579656e-05,0.3557106557688781,1.5853139759137744,0.041507257462492744
2024-04-04,0.0003847596487755593,0.001058930465541175,0.00010347423376529601,0.8623040868533448,2.3732220128476045,0.23190127900309318
2024-04-06,-0.00012946130338026735,0.00032995671923462857,2.5148274451646887e-08,-0.2901422000706862,0.7394825013126879,5.636105528730842e-05
2024-04-07,5.8879222883137134e-05,0.0006232570990264069,1.646241157229449e-05,0.1319571703645428,1.3968126474830318,0.036894733695247796
2024-04-08,3.805123904567451e-05,0.0005572802389751502,1.1038316051119981e-05,0.08527853438721343,1.2489486075791578,0.024738522017967546
2024-04-09,6.552489396533476e-05,0.0003448547695129451,9.69907242332418e-06,0.14685111611041,0.7728712666939369,0.021737076161532986
2024-04-10,9.827581939943326e-05,0.0007571039294136046,2.9343212059553755e-05,0.22025085264703986,1.6967834714053,0.0657625397072689
2024-04-11,2.2986721843620345e-05,2.2986722263532744e-05,-2.7164351040104936e-05,0.051516691659829736,0.05151669260091641,-0.06087938533353118
2024-04-12,2.4603918035036277e-05,0.0006552297430527499,2.6308849333082873e-06,0.05514107090422155,1.4684681386426703,0.0058962077682838685
2024-04-13,0.00010362602888260975,0.0005108433290456283,2.9884589650406322e-05,0.23224147463026085,1.1448765268906098,0.06697584809500813
2024-04-14,0.00020537298023992205,0.0006779620521489714,6.232129578310137e-05,0.4602716546647013,1.5194146531736672,0.13967137204429764
2024-04-15,0.00014453908062267494,0.0011880708598738946,2.6294038902981804e-05,0.32393376053750794,2.662645007606379,0.05892888528741767
2024-04-16,8.435687951736023e-05,0.0008926570116709657,1.7686361084634638e-05,0.1890564205303319,2.000578261706385,0.03963778814482892
2024-04-17,6.759451304003343e-07,0.0008006423170938013,1.6684602416410844e-07,0.0015148944289967094,1.7943595289547727,0.00037392696705539167
2024-04-18,0.00016378929444544154,0.0005221596291563233,5.362327745094596e-05,0.3670763772464013,1.170238052883694,0.12017780825918754
2024-04-20,6.953584456505331e-05,0.00042925157258329297,1.200153702679933e-05,0.15584025804696924,0.962017161895047,0.026897244707611317
2024-04-21,0.00010843940867429164,0.0017011028332996564,3.621640350157331e-05,0.24302898075038873,3.812426614849525,0.08116639270755102
2024-04-22,0.0003454115813964521,0.0020015177490195573,6.303076555236244e-05,0.7741191656466586,4.485701503215181,0.14126140021767708
2024-04-23,0.00042759262549556964,0.0012802639877949403,7.621064121562174e-05,0.958299212629396,2.8692636362466306,0.17079947856039068
2024-04-24,0.00017279323329092412,0.0008267314216173601,2.763103997830612e-05,0.3872555547899546,1.8528291255577467,0.06192530524738076
2024-04-25,0.0006510107151762379,0.001825745789500257,6.17041720104821e-05,1.4590126643172256,4.0917701761385015,0.13828830510129198
2024-04-26,0.00026890046843386746,0.0013890878700141226,2.8296310069370253e-05,0.602646284830562,3.113154279882151,0.06341627531196914
2024-04-28,-1.9556033076242585e-05,-1.9556033076242585e-05,1.2705447270077914e-05,-0.04382800352882107,-0.04382800352882107,0.02847481314933512
2024-04-29,-1.920843243995215e-05,0.0005738632733058361,-2.2490516334834394e-06,-0.043048978362798765,1.2861136749693745,-0.005040462068381411
2024-04-30,0.00043160461760964863,0.000992037772296341,3.929629682499317e-05,0.9672906887558641,2.2233054533819443,0.08806889562933345
2024-05-02,0.00018154446040850324,0.000959489728181658,3.5587566480706896e-05,0.40686836744451704,2.150360404314323,0.07975707461823626
2024-05-03,3.749042634791561e-05,0.0006711952359580927,2.5837324285436693e-05,0.08402166900963108,1.5042492030674794,0.05790531932230645
2024-05-04,0.00021513090375921691,0.0007898052830527085,6.961945874259397e-05,0.482140624959969,1.7700721101135777,0.1560276499609645
2024-05-05,0.0005211457643127877,0.0016540500263317352,0.00012839055646724352,1.1679658296896043,3.7069742165133683,0.28774249562656284
2024-05-06,0.00047438014423606243,0.0016710006688106112,8.028812486681527e-05,1.0631570602546514,3.7449631489049016,0.17993773104526303
2024-05-07,0.0005634077245192432,0.0024202607911845767,4.065482842184119e-05,1.2626812218063022,5.424167472163314,0.0911135687176094
2024-05-08,0.0002731416257881706,0.0016079049115530475,2.0185695877895682e-05,0.6121513546351586,3.6035560925271124,0.04523917231674591
2024-05-09,0.0005455562309124396,0.0017417734221352019,0.00012004060959195872,1.222673346909414,3.9035755050183076,0.2690290121870183
2024-05-10,0.00023413497422823413,0.0012775849939932835,4.975679276354293e-05,0.5247315974916069,2.8632596092880473,0.11151243610201425
2024-05-11,0.00031990977011238787,0.001054756573826027,6.730908433697232e-05,0.7169657812873781,2.3638676954302005,0.1508497543618055
2024-05-12,0.000550135249529372,0.0019510071580715875,5.4556762101656925e-05,1.2329356144827521,4.372499692312139,0.12226988738412842
2024-05-13,0.0002097991129292494,0.0007145645791218809,3.4715120453881775e-05,0.4701912819413873,1.6014464064990035,0.07780179220521714
2024-05-14,0.00027710907018670605,0.0010357997454335435,-1.4832525422339004e-06,0.6210429926489363,2.321382599478386,-0.003324191435027506
2024-05-15,0.00027615166015245845,0.001069624534319738,6.789867809806491e-05,0.6188972931506823,2.3971890250906807,0.1521711224194782
2024-05-16,0.00021896207407731759,0.0006864199136491368,6.780826385388981e-05,0.4907268523183803,1.5383699894747629,0.15196849053614517
2024-05-17,1.1191356329808701e-05,0.0006935439295564282,1.018168841015235e-05,0.025081508238550772,1.5543359777253891,0.02281869098041294
2024-05-18,9.506829050014766e-05,0.000686574378945875,2.4608059664695367e-05,0.21306229925440595,1.538716169374548,0.05515035291753202
2024-05-19,0.00018417926902554747,0.000667238563997872,5.726549811183761e-05,0.41277336877660575,1.4953817077038307,0.12834057109334487
2024-05-20,7.511670904633275e-05,0.0003828093485771256,1.1234162231932074e-05,0.16834781247918865,0.8579331715636251,0.025177442686094568
2024-05-21,0.0002681299591675403,0.0010402652349789199,4.6477870190050086e-05,0.6009194579883329,2.3313904313730065,0.10416387877643075
2024-05-24,0.0002677215580734073,0.0008640785514944028,4.7670835328068085e-05,0.6000041698762169,1.936529645681681,0.1068374925954998
2024-05-26,0.00034431768156277656,0.0014315070377288524,5.3692165353992536e-05,0.7716675720344167,3.208221997606018,0.12033219638310037
2024-05-27,0.0005335085127877208,0.0014423315366806758,8.187331707476252e-05,1.1956726034342007,3.2324813234318968,0.183490384562104
2024-05-28,0.00032149063196719175,0.0013954973996821603,7.407113220473123e-05,0.7205087298332719,3.1275189972976736,0.1660045179406334
2024-05-29,0.0003064379076869084,0.0007235779112902285,8.297809277172625e-05,0.6867733168125147,1.6216466358880957,0.18596635261535427
2024-05-30,0.00023431599003378737,0.0008741650171972507,8.384596700238819e-05,0.5251372810642225,1.9591349282916184,0.1879113889474023
2024-05-31,0.00042507572364962397,0.0012289550569292461,0.00011990796382318159,0.9526584580573548,2.7542726258369803,0.2687317331223234
2024-06-02,0.00014362667861316783,0.000418831343998688,3.480127951202826e-06,0.32188893077390107,0.9386638666026595,0.007799488757838214
2024-06-04,0.00029767317687728905,0.0011866298872033323,6.603146802877708e-05,0.6671302403585364,2.659415571705748,0.14798642457269376
2024-06-05,0.00019891070483987343,0.0009606583607733417,5.594276715601511e-05,0.44578872615188236,2.152979485247175,0.12537613261170327
2024-06-06,0.00016411368874136515,0.0008896316357016128,3.7530957623691155e-05,0.3678033935227105,1.9937979403526696,0.08411250567833543
2024-06-07,0.0004437874036857578,0.0014282858737789228,6.887465046464785e-05,0.9945941397703362,3.2010028860196327,0.15435842288884552
2024-06-08,0.00043009650603021495,0.002492123009010315,4.914898499472924e-05,0.9639107844896163,5.585221481643467,0.11015024772093744
2024-06-09,0.00028786464049747296,0.0011600673212392144,5.2758924642423655e-05,0.6451478390509116,2.599884876995265,0.11824066396236778
2024-06-10,0.0002911764282866705,0.0008828452606352648,7.411633595914857e-05,0.6525700522546716,1.978588655872724,0.16610582633484583
2024-06-11,0.0002716401397203521,0.0006588107229102489,3.064700901377653e-05,0.6087862991342672,1.4764936516503044,0.06868454425122526
2024-06-12,0.0003060641959228375,0.0013255709849375244,6.580136157058317e-05,0.6859357726924673,2.970803412892733,0.14747072148391246
2024-06-13,0.00010554452062133483,0.0009244698842733061,3.125639763571016e-05,0.23654110239050455,2.07187568113912,0.07005027556127183
2024-06-14,0.00019905377103268166,0.001048235739965449,4.122265389676755e-05,0.4461093589498945,2.349253528623566,0.0923861507807406
2024-06-15,6.888741820094286e-05,0.00025021491761508565,1.3326303658672621e-05,0.1543870373010431,0.5607691626130492,0.029866245444634145
2024-06-16,0.0001514556961353744,0.000628260728695299,1.3103960234208627e-05,0.3394349333937944,1.4080265321154695,0.029367940478896667
2024-06-17,0.0005341081200083635,0.00105377056823953,0.00011829609184380408,1.197016413156744,2.3616579090100225,0.26511928623574155
2024-06-19,0.00035622584638260967,0.001025239471346412,8.210471189533073e-05,0.7983555556203857,2.2977154412080116,0.18400897506422048
2024-06-20,0.0001925445902896336,0.0011588686885441546,3.090434336194001e-05,0.4315213085276124,2.5971985613307322,0.06926126912561185
2024-06-21,0.00028111335406852454,0.0009877564939765738,5.174717789812384e-05,0.6300171934706738,2.2137104664755984,0.11597318774638025
2024-06-22,0.00013947619163666946,0.0006680790409033611,4.058246180296486e-05,0.31258706688652177,1.4972653425205678,0.09095138426971469
2024-06-23,0.0002487474677140805,0.001080822950175481,6.0927166349889966e-05,0.5574803872674114,2.422286354785779,0.1365469188650559
2024-06-24,6.051638136811726e-05,0.0013429415839343421,-5.972184420562913e-06,0.13562628810315602,3.009733530834451,-0.013384561114144572
2024-06-26,0.0001193639479747299,0.0008862215451937106,3.0687720992323955e-05,0.2675125120035659,1.9861554160108845,0.06877578590194683
2024-06-27,0.00015496457435771528,0.0008952314426404877,4.2110509305461684e-05,0.3472988558217936,2.006347947673729,0.09437596792993545
2024-06-28,0.00010775639119865862,0.0010959817928462008,2.7463904295589796e-05,0.24149823613487378,2.456259595037263,0.061550729112061074
2024-06-29,-1.2285891321115914e-05,0.0005705776170259856,2.273837262165347e-05,-0.02753452533431893,1.2787500263977878,0.05096010380101868
2024-06-30,0.00030441677994739265,0.0013381814135909368,7.444713023074337e-05,0.6822436663790991,2.999065275069328,0.1668471859166305
2024-07-01,0.00024539836015480596,0.0012974060399517106,6.801301907520436e-05,0.5499745348609434,2.9076815464377765,0.15242737770039427
2024-07-02,0.00014815989690515998,0.0007559443285100036,2.0491673787945408e-05,0.3320485529489993,1.6941846318401947,0.045924914709853853
2024-07-03,0.000159454406768255,0.0006322543898355121,6.298531277072755e-05,0.35736124372867467,1.4169769257798581,0.14115953371611606
2024-07-04,0.0002794285230966763,0.0019785901492285676,1.7580836519794295e-05,0.6262412345381161,4.434317312943604,0.039401291766336985
2024-07-07,4.926133368609321e-05,0.0009726752914647259,7.041605272290197e-06,0.1104020379905878,2.1799112294661707,0.015781293655993175
2024-07-08,0.00012204760199045859,0.0008200856586342373,3.484459749376356e-05,0.2735269832009163,1.837934973848121,0.0780919696731482
2024-07-09,0.00031638040661837607,0.0008279401848317019,7.144550870522903e-05,0.7090559482927735,1.8555381452355688,0.16012010183472405
2024-07-10,0.0003523442080420383,0.0015517602633276632,2.691795543446007e-05,0.7896562218534141,3.4777275141567925,0.060327175821940186
2024-07-11,0.0003135988910047804,0.0010267852645400365,4.396254311566871e-05,0.7028221545753636,2.3011797956239026,0.09852665350368092
2024-07-12,0.00037196154630796726,0.0008929435567961763,9.006077739353822e-05,0.8336216195081009,2.0012204523137505,0.2018397112555282
2024-07-13,0.0005757057110266493,0.0013594696854283264,7.601394090315993e-05,1.290242854267375,3.046775485497694,0.17035864365511688
2024-07-14,0.00043503352101847395,0.0016184163574181603,9.036910200448975e-05,0.9749753756305529,3.62711381942771,0.20253071295736222
2024-07-15,0.0003153849217708344,0.001866953992909621,3.7349185910195175e-05,0.7068249174267055,4.184123941209397,0.08370512800263392
2024-07-16,0.00038764623754830525,0.0020285189207382326,6.453883943057522e-05,0.8687733652813844,4.54621517921249,0.14464121998983365
2024-07-17,0.00021319726520906314,0.0007954807518979185,4.897655987095637e-05,0.47780705092329184,1.78279168711602,0.10976381715479387
2024-07-18,0.00017953127222345322,0.0006581179696362509,6.531871901180759e-05,0.4023565107435922,1.4749410876502838,0.14638904711331258
2024-07-19,0.00037435311563044273,0.0009945301474401957,0.00010620111732286421,0.8389814850951668,2.2288912399355945,0.23801263408813714
2024-07-20,0.00018636544762538383,0.0014919370772756649,2.4145594523881457e-05,0.41767292294562897,3.3436547807363564,0.05411389916719693
2024-07-21,0.0008058760404983707,0.0021093238610779877,0.00012461930015556495,1.8060890881629235,4.727311171254932,0.2792905445436444
2024-07-22,0.00030859677882986975,0.0015219681549914826,6.258184350586389e-05,0.6916116708745627,3.410958930559161,0.14025529857316685
2024-07-23,0.0002013752128481616,0.0013111715015450642,4.6418397403316135e-05,0.45131205827465737,2.938532010687721,0.10403059134044196
2024-07-24,1.4017013704584439e-05,0.000746692473365503,-1.0054194832180688e-06,0.03141423026402942,1.6734498366830972,-0.002253295874814175
2024-07-25,0.00019691767669721992,0.0013115840308556214,3.2934030670741446e-05,0.4413220511299744,2.9394565507520762,0.07381010283773219
2024-07-26,0.000248512238573264,0.0020425172355610977,-1.8390508828914035e-06,0.5569532034784707,4.577587502477755,-0.004121588886192069
2024-07-27,0.00018957559661806332,0.000631688032237891,3.654327161738635e-05,0.4248673483605726,1.4157076334499494,0.08189895318530542
2024-07-28,0.00030851600012105133,0.0009000115835802283,9.626230015112143e-05,0.6914306336712942,2.017060960540829,0.2157382539836858
2024-07-29,0.0002554242171021182,0.0007992341566929277,6.940576637421931e-05,0.5724439841584122,1.791203630272355,0.1555487333095816
2024-07-30,0.0001742216292559452,0.0007364819729176795,4.408999078729417e-05,0.3904568044069616,1.6505665736044575,0.09881228285294434
2024-07-31,0.00036975709608178095,0.0014195976154477395,4.671579511099386e-05,0.8286811158836834,3.1815311958607015,0.10469710421300389
2024-08-01,8.872426652641492e-05,0.0005463695046117256,1.685353374283121e-05,0.19884438992567482,1.2244960152605688,0.037771297147746165
2024-08-02,3.390529362695688e-05,0.0005371977471909197,2.451466268270506e-06,0.0759868488120544,1.2039407311169297,0.005494103627134445
2024-08-03,0.00019312030170933194,0.0004971267078094508,6.589046545967309e-05,0.4328115641758693,1.1141355212071506,0.14767041666494635
2024-08-04,0.00011667978936734655,0.0006264923685472211,3.715236594002902e-05,0.26149690994062874,1.4040633717696047,0.08326402492649604
2024-08-05,0.00023144030367424167,0.0006257605375846219,1.1231877228205022e-05,0.5186924365795268,1.4024232288077756,0.025172321649991686
2024-08-06,0.00017017255212263804,0.0009115159101555067,3.3398280723794614e-05,0.38138221518965026,2.042843882045014,0.0748505568441323
2024-08-07,5.44679309809097e-05,0.0004319295603708917,1.7465369464215444e-05,0.12207080351786578,0.9680189342252239,0.03914251277472644
2024-08-08,-5.4762035567918465e-05,0.0005424841159249036,-2.2871663245376855e-05,-0.12272993601304047,1.2157882764050976,-0.05125882808237634
2024-08-09,0.0003152384436226011,0.0008844262252279789,9.447393815202207e-05,0.7064966379247924,1.9821318346696848,0.21173026648940427
2024-08-10,0.00038225983963721335,0.0010616968294196295,7.825625089285359e-05,0.8567016396029408,2.379421849253803,0.17538399668851884
2024-08-11,5.413286195144756e-05,0.0011277015303592117,-1.7770971582919852e-05,0.1213198635624867,2.5273482847645474,-0.039827412963060825
2024-08-12,-1.6693432355988757e-05,0.000605486913294797,-1.4475735614712745e-05,-0.037412485924624206,1.3569869957306344,-0.03244229487291347
2024-08-13,0.00032612657302901404,0.0018104795351971657,7.540467706278477e-05,0.7308985691439749,4.057556210307128,0.1689931919992601
2024-08-14,0.0002837677920651382,0.0009081964922468509,7.521807554551979e-05,0.6359661871867844,2.03540456859903,0.16857499000884169
2024-08-15,0.00012476244580117188,0.0006288446017417671,3.0763502423871736e-05,0.27961135540729637,1.4093350791935615,0.06894562345726014
2024-08-16,0.00070736649518101,0.0022235042086672318,9.489818897298219e-05,1.5853144206749206,4.983206457254567,0.21268107621679902
2024-08-17,6.645114751801635e-05,0.0005935169775777658,-2.1423926081246083e-07,0.14892698926000233,1.33016057429841,-0.0004801423193698466
2024-08-18,7.724501853491519e-05,0.0006002809348641259,2.49119365444604e-05,0.17311767328952518,1.3453196171707358,0.05583138658661743
2024-08-19,0.0003408949848153198,0.0011119988565034468,0.00010077647646513644,0.763996795218854,2.4921562372527,0.22585520022984054
2024-08-20,0.000588226021608334,0.0022953764797217797,0.00013496982989568288,1.3183027483275178,5.1442829975284665,0.3024876342707097
2024-08-21,0.0005851372832034165,0.0014747573156053734,7.538515260812789e-05,1.3113804222513368,3.3051523578689825,0.16894943476770583
2024-08-22,0.00025865778589152246,0.0014625316252931777,3.9383445520519564e-05,0.5796908968507856,3.277752752025805,0.08826420892831242
2024-08-23,0.00010955845710042961,0.0007511810962627173,2.8800295418529275e-05,0.24553693613062783,1.683509513889189,0.0645457820772369
2024-08-24,0.0003033480391279565,0.001008944040518811,9.129101499886846e-05,0.6798484578916197,2.2611949364087334,0.20459685826471405
2024-08-25,0.00043026624781177864,0.0010045508058892435,0.000103049337289496,0.9642912012833678,2.2513490386186783,0.23094902226635397
2024-08-26,0.00016212508700877052,0.0006662390216951432,4.394404340135669e-05,0.3633466387497061,1.4931415834720703,0.09848519286895055
2024-08-27,0.00023186022930665298,0.0012661724623448457,3.700082336312099e-05,0.5196335529106053,2.837682413984151,0.0829243952802586
2024-08-28,0.00017192487703432163,0.0010169710764119377,2.673346651283607e-05,0.3853094381654699,2.2791847279006143,0.05991370847524256
2024-08-29,-0.00017451667967305885,0.00033201823091613767,1.303223411681936e-05,-0.39111805664927585,0.7441026582177019,0.02920719149090971
2024-08-30,0.0001508429332770896,0.0005972516414080068,2.766578065624119e-05,0.3380616399139494,1.3385305161415546,0.06200316431773494
2024-08-31,0.0003942033935717371,0.0017160018192117852,7.922026375634634e-05,0.8834689355032986,3.8458174771264924,0.17754449411753562
2024-09-01,0.00039958710395991475,0.001656211452346362,6.338754391588032e-05,0.895534638039763,3.7118182964260495,0.14206099404707517
2024-09-02,7.51180406067252e-05,0.0007019727717612441,1.473644239840429e-05,0.1683507967057622,1.5732262774327124,0.03302657788118377
2024-09-03,0.00012632821169696648,0.0005845891699787546,4.3188032192575056e-05,0.2831204716446564,1.310152018297886,0.09679085834838959
2024-09-04,6.493092555865251e-05,0.0005993605068636667,2.303052004551722e-05,0.14551994381577407,1.3432567999575067,0.05161485000001092
2024-09-05,0.00015243618146713216,0.0006041714683535158,3.594132404785065e-05,0.34163234809506327,1.354038886300482,0.08054989838984049
2024-09-06,0.00020178621735252093,0.0010804511180491636,3.9497765064550366e-05,0.4522331810196023,2.421453023215883,0.08852041617441705
2024-09-07,9.104423900614412e-05,0.0005367353916333035,1.4534180870728207e-05,0.2040437962486199,1.202904522958978,0.032573279458432525
2024-09-08,-7.787493600897879e-05,0.0008327945281242031,-1.3785838018839082e-05,-0.17452941283652282,1.8664174567055578,-0.030896130875921208
2024-09-09,-2.8283463989054548e-05,0.000558001065824374,1.1454658750481375e-05,-0.0633874853190696,1.2505640886722957,0.025671608458641335
2024-09-10,-0.00031387966378524724,9.744761446619717e-05,-2.151955781035092e-06,-0.7034514084923069,0.2183947211609178,-0.004822855698666796
2024-09-11,0.00015427991813677928,0.0010686519480803856,3.418857520963416e-05,0.3457644385322429,2.3950093134403563,0.0766217253310716
2024-09-12,0.00022807067317325992,0.0010047473789525337,3.4544176136159714e-05,0.5111405891822515,2.251789588339471,0.07741868034755435
2024-09-13,-5.194269371246813e-05,0.0006552837474444796,-1.1995597926469561e-05,-0.11641136801369796,1.4685891705851954,-0.02688393429290726
2024-09-14,5.3024706496667944e-05,0.0007469479673413173,1.1162146600616875e-05,0.11883632096500736,1.6740224370069932,0.025016044853972512
2024-09-15,0.00042959137561101923,0.000897846287318671,0.00011381972746556657,0.9627787114506358,2.0122082068242397,0.25508708220945453
2024-09-16,0.0004320983895681331,0.0008751952397888685,0.00011199566895434443,0.9683973057806214,1.9614438116528228,0.25099909347702903
2024-09-17,0.0004697289541019011,0.001961561955339839,6.082219957992996e-05,1.0527330454854757,4.396154576209881,0.13631167258856003
2024-09-18,4.552446351242153e-05,0.0009573270841091422,6.318498994904352e-06,0.10202715140086352,2.145513594551204,0.01416070402242989
2024-09-19,0.0001423400531985271,0.0006470641799846763,3.4991306568771655e-05,0.319005410225879,1.4501678869726573,0.0784207667166026
2024-09-20,0.0001235491093916123,0.00041411761852232036,4.079724142266997e-05,0.27689208651301195,0.9280997007512983,0.09143273761441681
2024-09-21,1.966467160725642e-05,0.0004293563361101461,8.362000081764772e-06,0.04407147877260273,0.962251952673254,0.018740496483247118
2024-09-22,-1.6359510080250167e-05,0.0008888386105056987,-5.336240970635932e-06,-0.036664116016352666,1.9920206519348467,-0.01195931645134072
2024-09-23,6.428092113187999e-05,0.0005488477217107455,-9.822314546169517e-06,0.14406318639471283,1.2300500715120373,-0.022013280245147815
2024-09-24,-2.8255862760756805e-05,0.0008309495954718262,1.0095969373017485e-05,-0.06332562682627012,1.8622826858916834,0.02262658176033814
2024-09-25,-4.246104355254562e-05,0.0006288296346570651,-1.387331528384593e-05,-0.09516156775778763,1.4093015357116816,-0.03109218054839131
2024-09-26,0.0002583135799553803,0.0010402986526966043,4.474293460637166e-05,0.5789194797170006,2.3314653254909947,0.10027562789306985
2024-09-27,0.00015473401926537617,0.001028751959400692,3.8733346139769106e-05,0.34678214727659784,2.305587453810861,0.08680723870114354
2024-09-28,0.0001679628398042713,0.0007690863570846023,2.6713619375573948e-05,0.37642991842734264,1.7236378891801565,0.05986922806356756
2024-09-29,8.266260003576541e-05,0.000404287793546974,2.4592656626344112e-06,0.18525928607015565,0.9060695885078007,0.005511583239813111
2024-09-30,-9.402247385341683e-05,0.0006536350704844934,-6.5724072935347514e-06,-0.21071846727658514,1.4648942382163226,-0.014729750605905409
2024-10-01,0.0001830999910629627,0.0006795048846257437,7.253110262072858e-05,0.41035454497075885,1.5228723721789856,0.16255308063844587
2024-10-02,0.0002449625035807042,0.0013920819976685572,4.129063548079189e-05,0.5489977148998952,3.119864569074887,0.09253850770777675
2024-10-04,-5.1323612695237864e-05,0.000498300516236276,-3.6984864565680404e-06,-0.11502391459193234,1.1167662019629299,-0.008288862922137465
2024-10-05,-6.435716100279476e-05,0.0005544988850514495,-2.1556837040848728e-05,-0.1442340513814135,1.2427151762330562,-0.048312105334098125
2024-10-06,-4.756537145054465e-05,0.0006335557413242769,-1.4054845489661007e-05,-0.10660113222638815,1.419893449668903,-0.03149901696915377
2024-10-07,0.00020537929834461003,0.0010381469415434402,6.112378191430287e-05,0.4602858144850228,2.3266430180400812,0.13698756383723987
2024-10-08,0.0002800093699923042,0.0007825984092386764,6.291935374647277e-05,0.6275429995582527,1.7539204248652596,0.14101170964890747
2024-10-09,6.534349415633067e-05,0.0005973895313219125,1.1752144287239089e-05,0.1464445719284605,1.3388395481221043,0.026338318169345884
2024-10-10,-7.333402362938458e-05,0.0003960031424973722,-1.968306663598421e-05,-0.16435254705699526,0.8875024428079857,-0.04411270479123602
2024-10-11,8.39775473995488e-05,0.0005161960974494741,2.9033163797248973e-05,0.1882062803544988,1.1568728837988889,0.06506767504420453
2024-10-14,0.00024237219812941414,0.0017218338591926438,4.732202788236801e-05,0.5431924518377366,3.8588879535295937,0.10605576278856907
2024-10-15,-3.1896526643567596e-05,0.00034764179144989026,-1.137378112730745e-05,-0.07148490068723153,0.7791174009079216,-0.025490349573465094
2024-10-16,2.0153865213015127e-05,0.0005015805205787532,6.205481348441346e-06,0.045167835022148856,1.124117183695073,0.013907414524059324
2024-10-17,0.00014037452561169004,0.0008223991479229436,5.3045912069521875e-05,0.31460036807463915,1.843119850367505,0.11888384583460895
2024-10-18,0.00017353366350501335,0.0008808952717209817,5.578747633718694e-05,0.38891496996426067,1.974218438217478,0.1250281025930865
2024-10-19,0.00014647310641137856,0.0009032904268908654,3.504736246445302e-05,0.32826820243386107,2.024409340226463,0.0785463963872089
2024-10-20,9.515536868843426e-06,0.00040856378429431675,3.5679973392762113e-06,0.021325745453608446,0.915652725171208,0.00799641723691888
2024-10-21,1.561330954342177e-05,0.0003412151914971686,6.398464503423565e-06,0.0349917686832397,0.7647144264238794,0.014339918721847724
2024-10-22,3.33896076685531e-05,0.00038930475834422464,1.5151354034739003e-05,0.07483111922637778,0.8724903591631591,0.03395645709495532
2024-10-23,7.449047842865292e-05,0.0004795644304532729,2.0342238475900956e-05,0.1669443357303755,1.0747758233103526,0.04559000776026543
2024-10-24,0.0001549124805204066,0.0008216068376554781,2.7127391400094372e-05,0.34718210571830926,1.8413441642115749,0.06079655323632151
2024-10-25,0.00011609795617508576,0.0007997944485397337,2.7677636360007304e-05,0.2601929344817935,1.7924593283448242,0.062029734728230375
2024-10-26,-2.68595935933583e-05,0.00035391478935359896,-1.1243048257525797e-05,-0.06019637818175495,0.7931761301598184,-0.02519735760235394
2024-10-27,0.0001171380894810969,0.0005737750002320123,3.984587465912027e-05,0.26252402924056034,1.2859158417699745,0.08930058199228741
2024-10-28,4.079498701293454e-05,0.0005647958626291078,1.5865817442261255e-05,0.09142768514403825,1.2657922475312249,0.035557676760723814
2024-10-29,0.00013900293748790178,0.0007067770332615937,3.541459870524898e-05,0.3115264333510111,1.5839933480942208,0.07936942788826876
2024-10-30,0.00016816817292917012,0.0009343645334355153,3.139827412457771e-05,0.3768901007602096,2.094051074109005,0.07036824205429734
2024-10-31,-0.00026993619964735624,-5.369029135298101e-05,-1.3646458076188307e-05,-0.6049675138396724,-0.12032799646573339,-0.030583759517449426
2024-11-01,-0.000118747277628884,0.0005307548701527358,-2.8788084782229617e-05,-0.2661304612579734,1.189501277242804,-0.06451841620969391
2024-11-03,2.518231961666102e-06,0.0006707654669323471,-9.3381133802037e-06,0.005643735560887985,1.5032860262154297,-0.020928112802043524
2024-11-05,-0.00016599227322659533,0.0005872922528617976,-7.486107298921244e-06,-0.3720135831417841,1.3162100325012176,-0.016777489372977347
2024-11-06,-5.817604541375202e-06,0.0004460374409255986,9.063989914487806e-07,-0.013038124417903035,0.9996368107304053,0.0020313760996854345
2024-11-07,0.0002359765042978742,0.001081569547614405,8.460577632464095e-05,0.5288587426071808,2.423959591636024,0.18961423560996907
2024-11-08,0.00012647666619045717,0.0005357289883204064,5.31002704354358e-05,0.2834531804327431,1.2006490221742787,0.11900567108637695
2024-11-09,0.00025329367271189105,0.0014678891880506076,4.50695543353261e-05,0.5676691145982546,3.2897598537996195,0.1010076316986161
2024-11-10,0.0001906604898762461,0.0006667515268744184,4.567275382549635e-05,0.42729875688614893,1.4942901844546028,0.10235949223601114
2024-11-11,1.4972615043663717e-05,0.0002856689658159306,4.670949967269717e-05,0.033555876205106944,0.6402270027383729,0.10468299519146526
2024-11-12,0.0008330609882642011,0.0016802081456224176,0.00023833792058602004,1.8670146338483145,3.7655984855616813,0.5341510307213588
2024-11-13,0.0008387994277006166,0.0014509491913161016,0.00026237989772981554,1.879875337391237,3.251794780118081,0.5880327077971761
2024-11-17,0.00014975670127283006,0.0005371416947275719,4.528173397010348e-05,0.3356272310576031,1.2038151091386977,0.10148315808709742
2024-11-18,0.00012535830145634535,0.0006928909605160329,4.185453348490854e-05,0.2809467573088884,1.5528725761605071,0.09380228771970278
2024-11-19,5.708848734786127e-06,0.00019008479058595597,5.125561997939529e-06,0.01279438634196593,0.42600852842171527,0.011487153271682175
2024-11-21,5.057263040702197e-05,0.0002627341587012014,1.725027231231057e-05,0.1133408506366973,0.5888266597731976,0.03866044779273484
2024-11-22,-8.260123157808664e-06,0.00014575643704265687,1.058731787883146e-05,-0.018512175015122888,0.3266620388781505,0.023727767464143127
2024-11-24,-9.937993233972331e-07,0.00020555987146311815,-2.2433758443956723e-07,-0.002227253353631709,0.4606905059295673,-0.0005027741773667361
2024-11-25,0.00025248452172473425,0.00031502830300954353,6.169468021059596e-06,0.5658556858633882,0.7060256812898386,0.013826703255397714
2024-11-26,5.7429965180685634e-05,0.00022810764796610372,5.9146671576841905e-06,0.1287091664646936,0.5112234552392334,0.013255656300443924
2024-11-28,-1.2405124540418796e-05,0.00012707306858028176,-9.048859749968455e-06,-0.027801744863759584,0.2847898076486985,-0.020279852028641805
2024-11-30,-1.0313742324175663e-05,0.00017468488666947648,-8.741456042883583e-06,-0.023114643609826287,0.39149503375929723,-0.019590914210508542
2024-12-05,-6.517384548919326e-05,0.00011080919625215288,-1.9635096102224798e-05,-0.14606436381810547,0.24834003018051243,-0.04400519562950111
2024-12-08,6.000323628592822e-05,0.0003529048281820969,1.3445688541040287e-05,0.13447625300220803,0.7909126556803066,0.030133804873752442
2024-12-10,-6.127270721347933e-06,7.466549135508423e-05,-6.136867274554647e-06,-0.013732132777148921,0.16733656595044702,-0.013753640092368147
2024-12-12,2.635260724499138e-05,0.00017888910952019776,6.814615931706093e-06,0.059060145727112434,0.4009173278011912,0.01527257649534311
2024-12-13,-4.2787296698813774e-05,0.00013914648502714796,-3.9697076380914945e-07,-0.0958927499965465,0.31184814491859264,-0.0008896710273108753
2024-12-14,-7.031046765369537e-05,-7.031046765369537e-05,-9.796127058027054e-06,-0.15757630458207939,-0.15757630458207939,-0.021954590156097332
2024-12-17,-6.247319588881368e-05,0.00043187621582379784,-1.5893488495410374e-05,-0.1400118029662148,0.9678993810935046,-0.03561969174148896
2024-12-18,5.8819945966051416e-06,0.0002492421175428189,4.941308176075063e-06,0.013182432190181614,0.5585889717310886,0.011074212818810627
2024-12-19,5.3600995757051957e-05,0.00010205175866486069,1.3212325824885466e-05,0.120127871640917,0.22871329893175255,0.029610804022442063
2024-12-20,-2.081564475471524e-05,0.00012833602557809417,-6.970844660368004e-06,-0.04665098224203006,0.2876202837243457,-0.015622708510583751
2024-12-21,4.047507853725024e-05,0.0001490626892213576,-2.8521303463306177e-06,0.09071072226375837,0.3340718459484456,-0.0063920519256788644
2024-12-22,-9.317549795440232e-05,0.00017541176972185664,-1.8349739004823553e-05,-0.20882026724050878,0.393124087712139,-0.04112451757066031
2024-12-25,-2.1471353877340125e-05,0.00022835649539561841,-3.2614016796615167e-06,-0.048120524742200826,0.5117811596558902,-0.0073092903743734085
2024-12-27,4.495303062550745e-05,0.00032031260842084876,1.7726405508399492e-05,0.10074648458635602,0.7178686023623853,0.039727533705149524
2024-12-28,2.623016392430521e-05,0.0002670295979799085,9.128537814340556e-06,0.058785731878956624,0.598453383512672,0.020458422522609338
2024-12-29,1.3584407899916617e-05,0.00020140936077308236,1.1158213163469808e-05,0.030444695764898125,0.45138858889659356,0.02500722943131036
2024-12-30,-0.0001756910664226905,-0.0001756910664226905,9.238530684998485e-06,-0.3937500335132128,-0.3937500335132128,0.020704933044684355
2024-12-31,-1.1408830163033036e-05,0.00017567921946905042,-2.9738614395573113e-06,-0.02556889971988149,0.39372348271306234,-0.006664869565263868
2025-01-02,3.3035151681066366e-05,0.0006400605240777416,8.838633389710613e-06,0.0740367301900219,1.4344716435368308,0.019808703221349942
2025-01-03,4.657787014248266e-05,0.0001750890660987341,9.262355811042122e-06,0.10438799366982503,0.3924008604871779,0.020758328725917055
2025-01-04,2.4921250002408523e-05,0.00019097373261741814,1.1544353890133159e-05,0.055852259442897866,0.4280007808555267,0.02587262872087193
2025-01-05,2.3984037549880166e-05,0.00018917828166565548,5.538424586661092e-06,0.05375182575491394,0.4239769059549838,0.012412440262395507
2025-01-08,0.00014854587356855165,0.00038117858670707136,2.613686878755963e-05,0.33291358454815956,0.854278389598553,0.058576643483239266
2025-01-09,8.4969813000523e-05,0.00018819713743015032,9.918001119598055e-06,0.19043009640612213,0.4217780145515814,0.022227728209187184
2025-01-10,8.66501659620594e-05,0.0004006248948017911,2.1527048877438425e-05,0.19419601944586942,0.8978604829850342,0.04824534559167113
2025-01-11,5.750085103602587e-05,0.00029904447078203244,1.377992816378605e-05,0.1288680322993894,0.6702035156931521,0.030882886004269108
2025-01-13,5.288394630136921e-05,0.0002663799786894152,5.8287776202649304e-06,0.11852085625331361,0.5969974892397828,0.013063164963656749
2025-01-15,9.025471847661914e-06,0.00020597402772849354,7.3786997398862906e-06,0.0202274362313875,0.4616186922437133,0.01653677292204616
2025-01-18,-0.00014222484375607368,0.0002760217261156896,-1.0834648167737612e-05,-0.3187472085839245,0.6186060914841778,-0.02428207174112515
2025-01-19,-2.2182153944716006e-05,0.00021519185009388626,-7.505050246500513e-06,-0.04971353431320028,0.4822772148379132,-0.016819943359944627
2025-01-21,1.13263534874486e-06,0.00027729207651134186,5.237841047029684e-06,0.002538405711839543,0.6214531372733938,0.011738787462550576
2025-01-24,-0.00017774879839492383,-0.00017774879839492383,-1.0035303791197768e-06,-0.39836171952278354,-0.39836171952278354,-0.002249062109164288
2025-01-26,2.0463087512043077e-05,6.206285530654373e-05,1.4920923324023171e-05,0.04586084857761535,0.1390921681702605,0.03344002730763453
2025-01-29,-3.448921781451513e-05,-3.448921763568165e-05,-2.843504970592062e-07,-0.07729551050500058,-0.07729551010420793,-0.00063727211648424
2025-01-30,5.536054014105844e-06,0.0002377440808026343,5.42055654155771e-06,0.012407127453713312,0.5328201466908239,0.012148280293112063
2025-01-31,-6.480859923084713e-06,0.00017077028075232804,-2.2274005656582745e-06,-0.014524579216621305,0.38272181470808,-0.004991938777725042
2025-02-03,-5.865243510443576e-05,0.00027783302558236425,3.211661634363777e-05,-0.1314489049343062,0.6226654852839156,0.0719781547185438
2025-02-05,-1.0841550102437369e-05,0.0001152439278450435,7.817980577946618e-07,-0.024297540012077512,0.2582789288899192,0.0017521267172265064
2025-02-06,2.206291511856525e-05,0.0001815331043149141,1.1918256958159388e-05,0.04944630221797251,0.40684291673536976,0.026710601581778914
2025-02-07,-1.1657517086987434e-05,0.00018201844433818204,-1.0648060873609498e-05,-0.026126244419501888,0.4079306365285167,-0.02386390162688993
2025-02-08,-2.413764391537684e-05,0.00033689165605580075,-1.3682521816426718e-05,-0.0540960806609468,0.7550247349694579,-0.030664583768884743
2025-02-09,1.7531973736834866e-05,0.00038404725840644044,3.6973585831458863e-06,0.03929178294030746,0.8607075131775941,0.008286335188617404
2025-02-10,1.706524006457092e-05,0.00025688561093476013,3.048645121580722e-06,0.03824576277071312,0.5757191869464376,0.0068324710142306355
2025-02-11,1.526303923705111e-05,0.00022597348149527619,3.693167480687216e-06,0.0342067603861171,0.5064404680531382,0.008276942299342154
2025-02-12,2.2039820095339e-05,0.00016181440963756517,1.1010152615423643e-05,0.049394542806669,0.3626503641592292,0.0246754035340567
2025-02-13,-1.014998917500246e-05,0.0001257638385854243,-1.807078592809337e-06,-0.022747648239556762,0.2818556268457237,-0.004049934188274646
2025-02-15,1.251385151072849e-05,0.00020159798031343037,8.212278363324978e-06,0.028045418313269156,0.4518113135794445,0.018404947653965775
2025-02-16,1.9680794661647376e-05,0.00018309023476835527,9.57689087902595e-06,0.04410761295595102,0.41033267965109943,0.02146324899352901
2025-02-18,2.9663144286696483e-05,0.00022898463576754538,9.587740846867797e-07,0.06647955581812982,0.5131889164504344,0.0021487565398957765
2025-02-20,6.0520743112538345e-05,0.00021667946355088423,1.3067901471089002e-05,0.13563606342666532,0.4856111797370642,0.02928712738193112
2025-02-21,3.5532413728591464e-05,0.0002745112399697675,1.0214064489573555e-05,0.07963346902783276,0.6152208654582444,0.022891250630807776
2025-02-24,0.00014554562034584996,0.0005868927665930358,3.7708364591924785e-05,0.32618956703810165,1.3153147238499823,0.08451010130519224
2025-02-25,6.19444189399887e-05,0.0004654921064259783,1.5879860202468275e-05,0.1388267345073557,1.0432376343165812,0.03558914869276177
2025-02-27,7.725019285351451e-05,0.0004451818990207118,3.8926247934257536e-05,0.17312926971365405,0.9977194129902682,0.08723956055786128
2025-02-28,6.869581456608366e-05,0.00038970214514689246,2.1397466883229613e-05,0.1539576248147784,0.8733809625959581,0.04795493290535005
2025-03-01,0.00011191026335293274,0.0006603463903220183,1.4982541901681167e-05,0.25080768671342524,1.4799353126701915,0.033578123782952746
2025-03-02,0.0001808673914086227,0.0006714955847673331,1.9890100911107464e-05,0.40535095425543477,1.5049223298013086,0.044576699656928495
2025-03-03,-5.120408061399698e-05,0.00024764982427187684,-1.2087019500212502e-05,-0.11475602526805934,0.5550204036669169,-0.02708882375290125
2025-03-04,2.737262711043321e-05,0.00011686821185299796,1.3395587451851197e-05,0.06134616324854739,0.2619191929943464,0.03002152081771631
2025-03-05,1.5705450780035054e-05,0.0005625410702779292,1.7007956635150295e-05,0.03519827101567556,1.260738919653381,0.03811738201286709
2025-03-06,2.8936645044943128e-05,0.00018416449924770495,1.3019648590429828e-06,0.0648513620424743,0.41274026748899395,0.002917898543844181
2025-03-08,-1.1471179528885823e-06,0.00022746278250407017,2.286682854408067e-06,-0.0025708634001162466,0.5097782150089969,0.005124799279156639
2025-03-09,5.785843301622354e-06,0.00032395495084285903,-3.8236249005961336e-06,0.012966942715430939,0.7260316380814735,-0.008569316945971026
2025-03-10,-2.5267560356170984e-05,0.0001962450359943497,-1.4398477185393938e-06,-0.0566283928922326,0.43981456241873684,-0.0032269147144045624
2025-03-11,7.103428164494956e-05,0.0006537554620646489,1.642386192504222e-05,0.15919848030857872,1.465164053806188,0.03680833815330837
2025-03-13,3.604548022574656e-05,0.00023101051307742977,1.4758814914491314e-05,0.08078332800793189,0.5177292113834817,0.033076718045612206
2025-03-14,3.508447801888031e-05,0.00015184149658908384,1.1027714929513488e-05,0.07862957791201361,0.3402995700806253,0.024714763314279155
2025-03-17,9.648698236840368e-05,0.00016288076713684137,-6.053629965560147e-07,0.2162418005349479,0.36504023126873203,-0.0013567092797315125
2025-03-18,-9.550784684599421e-05,0.00017954697839344188,6.61919794637788e-06,-0.21404741095889995,0.4023917106264623,0.014834615477524786
2025-03-19,5.712045346762598e-05,0.00019613965303785617,8.848617265789539e-06,0.12801550428896996,0.43957838340579136,0.019831078585224225
2025-03-21,6.745272198803527e-06,0.0002461436651212522,2.5968520166233655e-06,0.015117166788348527,0.5516448750864943,0.005819934897055456
2025-03-22,-7.372481585064529e-06,0.00010103986938162106,-5.552035982477512e-06,-0.01652283710436737,0.22644550326462004,-0.012442945442129478
2025-03-23,1.1772768903156606e-05,0.00041777434828240524,4.492050535409006e-06,0.02638454102730943,0.9362949806531126,0.010067359057431896
2025-03-25,8.687509718579888e-05,0.00035186534646380744,2.4634156703045327e-05,0.19470012405795314,0.7885830212273621,0.05520884029503004
2025-03-26,1.3396088811528266e-05,0.00019069434908024888,2.1062694276594558e-05,0.030022644439956576,0.42737464044119977,0.04720465727798989
2025-03-27,4.42920919537475e-05,0.00019722020042486855,2.3042236655316922e-05,0.09926522188214122,0.4420000521821942,0.051641108680063524
2025-03-29,-3.129195384211206e-05,0.0001185827421621494,-7.559946582333636e-06,-0.07012996235324945,0.2657617125967011,-0.016942974282997028
2025-03-30,2.177621558469479e-06,0.00015868650307155572,1.1244753033675808e-06,0.004880376555763874,0.35564025635881713,0.0025201178261422537
2025-03-31,-6.591727884616677e-06,0.00024374517936820051,9.687266414327025e-07,-0.014773050948608667,0.5462695087410426,0.002171061712446901
2025-04-02,1.4310797143168542e-05,0.00016524259851214885,3.5627103655731537e-06,0.03207264301741218,0.3703334496555024,0.007984568335804274
2025-04-05,-3.411104325134735e-06,0.00021084195933788246,3.8040285066971794e-07,-0.007644796458275712,0.4725284571700953,0.0008525398487784384
2025-04-06,-1.2193134567143891e-05,0.00010385054419131815,-2.99159517736477e-06,-0.027326643535154533,0.23274464711437268,-0.0067046135317510545
2025-04-07,1.5693839581948564e-05,0.0003364016807097061,3.760854923533878e-06,0.03517224857908403,0.7539266267225578,0.008428640011877951
2025-04-08,3.748580913996899e-05,0.0010337614514769576,8.530970137753568e-06,0.0840113211540415,2.3168144769775836,0.01911918372422641
2025-04-09,0.00016650816134628732,0.0004659872588039662,1.3173118821426621e-05,0.37316976580123185,1.044347345068509,0.029522935246640274
2025-04-10,1.2599241156703931e-05,0.0002758631714350999,6.155308038500088e-06,0.028236789318347017,0.6182507466617742,0.013794968610484473
2025-04-11,7.368589710448192e-05,0.00023363180675977987,1.0408953935256638e-05,0.16514114829570967,0.5236039237196807,0.023328027112000414
2025-04-12,5.599121943619187e-05,0.000443176421499688,8.29284684649856e-06,0.1254847214394214,0.9932248370440258,0.018585513710030248
2025-04-14,4.838025817117614e-05,0.00011812417455898158,9.442144514383518e-06,0.10842741560033142,0.26473399381286156,0.021161262178410623
2025-04-15,-3.7516602823756764e-05,7.682913866236186e-05,2.710181997809386e-06,-0.08408033441846248,0.17218562411315227,0.006073924384390505
2025-04-16,-2.4117676101787552e-05,0.00018115690045504394,-1.270076859418794e-06,-0.05405132979552117,0.40599978745482174,-0.0028464327534864302
2025-04-18,1.3502878818431324e-05,0.00013808657256754038,-5.812840972702742e-06,0.030261976863927363,0.30947272210974314,-0.013027448545972752
2025-04-19,-3.492051849584402e-05,0.0005112192011439072,-6.169878666762426e-06,-0.07826212002696083,1.1457189126436678,-0.01382762357401461
2025-04-20,3.4984485068982367e-06,0.0004029618957630243,2.326970240396183e-06,0.007840547871234983,0.903098052689302,0.0052150893542639055
2025-04-21,-0.00014127198244772096,0.0001353487753360512,1.6003890416641548e-05,-0.31661170346270984,0.30333690784439116,0.035867119007256205
2025-04-22,3.0889021820729165e-05,0.00029751915612125947,1.5622217942568795e-05,0.06922693125352718,0.6667850567411607,0.03501173374198806
2025-04-24,-2.0150063652547055e-05,0.00021551354997891204,-7.374341456154612e-06,-0.04515931515490584,0.48299819253523874,-0.01652700535446091
2025-04-25,1.185087036577102e-05,0.00013695396806041787,5.767055685859656e-06,0.026559578120247725,0.3069343855186055,0.012924836850364368
2025-04-26,2.097895136479832e-05,0.00023444056551330433,9.533630081833137e-06,0.04701697685121776,0.525416473400142,0.021366295057900338
2025-04-27,1.0147863586049027e-05,0.00039721404257815753,2.1865021259977757e-06,0.022742884475873776,0.8902162515240378,0.004900279239679915
2025-04-28,0.00023754543246304994,0.0007640053837790004,5.243839495527093e-05,0.5323749459645644,1.7122506658563068,0.11752230885400546
2025-04-29,0.0003574561029752516,0.0012666972998394363,6.681286389621215e-05,0.8011127451829851,2.8388586535351528,0.14973764992099586
2025-04-30,0.0001573206095695926,0.0010137949201565468,3.340474585720065e-05,0.3525790841368925,2.272066485308845,0.07486504617786524
2025-05-01,9.44541228982237e-05,0.0005977083891697381,2.7337374427018364e-05,0.21168585753335406,1.3395541563877584,0.06126715669711221
2025-05-02,4.4162010849719406e-05,0.0004742273686045688,1.2360657950217409e-05,0.09897369061584865,1.0628146671481296,0.02770208856512975
2025-05-03,-2.093806419259081e-05,0.00017538428198789628,-9.524367787722136e-06,-0.046925342565224896,0.39306248357717377,-0.021345536867453465
2025-05-04,7.186488961545711e-05,0.000746026872735011,1.781646783083857e-05,0.1610599973616817,1.67195812583007,0.039929376879083864
2025-05-05,0.00015391868336025696,0.0005297219679882732,3.0134705404852314e-05,0.3449548572128399,1.1871863885569185,0.06753639501808477
2025-05-06,0.00012982241000776643,0.00042615625208436653,4.603297075898464e-05,0.29095149418890576,0.955080084358878,0.10316679241649843
2025-05-07,0.0002402800944506082,0.00096012296535767,8.303541654492834e-05,0.5385037336779805,2.1517795838113423,0.18609482378966616
2025-05-08,0.0003017937611600571,0.0007296831184425477,9.62503949437359e-05,0.676365087823862,1.635329320897516,0.2157115726281537
2025-05-10,7.301354424656471e-05,0.0005480410863618597,3.00678862654963e-05,0.16363430468818851,1.2282422806998818,0.06738664330391704
2025-05-11,4.987141772361878e-05,0.0004510907456279197,2.3681119257254363e-05,0.11176932783128823,1.0109620245640123,0.053072940423395616
2025-05-12,2.3840934174402183e-05,0.0001352655378628942,-7.277114900724801e-06,0.053431109624961455,0.3031503601814253,-0.01630910605975939
2025-05-13,2.6569026418513403e-05,0.0002234993620461101,1.192676412097022e-05,0.059545173557851314,0.5008955952496397,0.026729667409712412
2025-05-14,3.824687936975161e-05,0.0002826462703104785,2.2864931455668272e-05,0.08571699369951882,0.6334526887063289,0.05124374113187095
2025-05-15,-1.8056272975688638e-05,0.0016043558756268033,2.087119774213646e-05,-0.04046681617946459,3.59560217066101,0.04677548481978913
2025-05-16,1.0009393549957935e-05,0.00019027425392943405,4.275722593079726e-06,0.02243255235448823,0.4264331441939512,0.009582535689480629
2025-05-17,-7.002860136365706e-06,0.00020855217315067422,-4.675868376874616e-06,-0.015694459994616,0.46739670285663354,-0.010479322412832545
2025-05-18,-1.4824876184584824e-05,0.00021126063971754376,-6.424312483964151e-06,-0.03322477126108228,0.4734667827029732,-0.014397847923436256
2025-05-19,2.5266501642834885e-05,0.00025727287166920867,9.526484482516222e-06,0.0566260201568394,0.576587096341447,0.021350280697991234
2025-05-20,4.732711169105652e-05,0.0004797659443764941,1.3349400448571998e-05,0.10606715636641133,1.0752274462393798,0.029918008815317133
2025-05-24,-1.2933515695410069e-05,0.00014887195467997737,8.552042538187059e-07,-0.028985948700768278,0.3336443812310313,0.0019166410134457928
2025-05-25,-9.606276125226984e-05,0.00039891201231274817,-7.356576654917118e-06,-0.21529105738052456,0.8940216563947156,-0.0164871917701675
2025-05-27,2.237605383953398e-05,0.00025326637830923017,9.039111058463579e-06,0.05014809306247158,0.5676079437477313,0.02025800374867565
2025-05-28,2.991999640465853e-05,0.00023646216081793815,1.641210215653598e-05,0.06705519994230047,0.5299471717171221,0.03678198274812061
2025-05-29,8.741637240033823e-05,0.000304641049508968,1.6130180673222903e-05,0.19591320300501805,0.6827462881070238,0.036150154415793515
2025-05-30,0.00017135824690646615,0.0007780450998551203,3.380660413662026e-05,0.3840395350544266,1.7437157755403028,0.0757656708607865
2025-05-31,0.00011199687712419388,0.0012732437647404774,1.0178311300691591e-05,0.25100180116688714,2.853530263348121,0.02281112237154496
2025-06-02,0.00010324626837186753,0.0005541361442148276,2.3211980285213618e-05,0.23139037436161092,1.2419022196070608,0.0520215296162065
2025-06-03,7.983437441366878e-05,0.00044367781381825336,2.71582758374031e-05,0.17892080821719378,0.9943485324387785,0.06086576989299596
2025-06-04,7.902922467033204e-05,0.0005975759538409239,2.1033590540595665e-05,0.17711634686991465,1.3392573489505868,0.04713943144005598
2025-06-05,7.751153695049265e-05,0.0008063246816579291,1.5342351188034372e-05,0.1737149810365966,1.8070945602976678,0.03438451036506324
2025-06-06,6.668524107799378e-05,0.00041985997066402335,1.4870217972112382e-05,0.14945162804194576,0.940969173253676,0.03332638900819967
2025-06-07,1.1322605485587996e-05,0.000287456366011979,4.895434591916112e-06,0.02537565728402554,0.6442328346877467,0.010971403235672795
2025-06-08,9.282473805151909e-05,0.0002710890391327654,3.62216378126784e-05,0.208034161684162,0.6075512000523973,0.08117812358388421
2025-06-10,5.7582678377521975e-05,0.0004714574576802235,1.776049599837647e-05,0.12905141964578337,1.0566068812800329,0.03980393560676143
2025-06-11,0.0001365454174975852,0.0009101934357776933,3.114136681896236e-05,0.3060187624247131,2.0398800185931774,0.06979247424631749
2025-06-12,0.00011679458311436183,0.0004865193094703599,3.501157044826482e-05,0.26175417994675204,1.0903627504194973,0.0784661811101287
2025-06-13,0.0001749022930344515,0.0005575750308533444,2.937453662089905e-05,0.39198227403416097,1.249609280396973,0.06583274274792791
2025-06-15,0.00011169652486363635,0.0005257125217540765,-1.5446826520816893e-06,0.25032866669813864,1.1782006181291484,-0.0034618655257128783
2025-06-16,0.00010476877496000346,0.0011387502638775442,3.12228045708082e-05,0.23480254000161177,2.552110153889158,0.0699749884638668
2025-06-17,4.8886211965903575e-05,0.0005257348878046833,1.2658680359889334e-05,0.1095613339473848,1.1782507438034662,0.02837000148856598
2025-06-20,0.0009414186477432058,0.001350046894919366,0.0002493842625132196,2.109860402389686,3.025657598548537,0.5589075399315021
2025-06-21,0.0003576286549247227,0.00045154850711746826,2.403151311512616e-05,0.8014994599845423,1.011987936726314,0.053858225617965
2025-06-22,5.030044990739905e-05,0.0003711008268588659,1.1578630417809232e-05,0.11273085330996739,0.8316926181147474,0.02594944756087316
2025-06-23,0.00015853175641669326,0.0006232150923485597,2.5573396832706236e-05,0.3552934458932721,1.3967185042169745,0.05731381831161958
2025-06-24,0.00044741360669493395,0.0010487456645161468,0.00010331046781834289,1.0027210046443513,2.3503963460303625,0.23153425495107918
2025-06-25,0.00010274722984951698,0.0005242959915768083,3.527792319803094e-05,0.230271954177245,1.175025961522364,0.07906311757526704
2025-06-26,0.00023492171756293344,0.000671706467851545,6.592797114001927e-05,0.5264948073161683,1.5053949504254902,0.14775447252045418
2025-06-28,9.875535140530099e-05,0.0003078134041211893,-5.525210807691816e-07,0.22132555580199031,0.6898560106462034,-0.0012382826201658515
2025-06-30,-9.91584958773667e-05,0.000481594013282972,-1.35674086538337e-05,-0.2222290630355604,1.0793244228691328,-0.0304065979045394
2025-07-01,5.926180637320136e-05,0.00047142808128578764,1.399958583472235e-05,0.13281459735330023,1.056541044373643,0.031375171793488
2025-07-02,6.683346102492138e-05,0.0007234662446305907,1.5677903289835158e-05,0.14978381117600256,1.6213963741538484,0.03513653295801407
2025-07-03,1.1001457156898566e-06,0.00048226545639586327,5.287996339879393e-06,0.0024655915707183225,1.080829227601589,0.011851192997120704
2025-07-04,0.0002706788015904248,0.0006651221668408287,8.422848099084825e-05,0.6066317961843806,1.4906385442153232,0.18876866017263955
2025-07-05,0.00015849363896491467,0.0004999298676217392,5.513902754179883e-05,0.3552080189662185,1.1204178228204609,0.12357483157530245
2025-07-06,-1.1960453413732904e-05,0.00018415221334771786,-5.5857484413555925e-06,-0.0268051701681875,0.4127127329442379,-0.012518500119344087
2025-07-07,1.822782000023231e-05,0.0005317357911941577,6.219088181311788e-06,0.04085127879352064,1.1916996684347865,0.013937909477546915
2025-07-08,5.342803035146518e-05,0.0005347345483095622,1.630596705995107e-05,0.11974023022218619,1.1984203329439753,0.036544118076409345
2025-07-09,0.00020554005444231685,0.0005704336988428902,7.076313817702436e-05,0.4606460930133984,1.2784274841617433,0.15859080712543816
2025-07-10,0.00021207857927530848,0.0006361277844643224,6.285500459144512e-05,0.4752999079428576,1.4256577841522162,0.14086749354011724
2025-07-11,0.0001470907230054345,0.0006368236613012261,3.6189030607469896e-05,0.32965237386362956,1.427217348525243,0.08110504594593115
2025-07-12,0.0001757901383384251,0.0006949943255244137,4.3122280848940226e-05,0.39397206853716144,1.55758653264904,0.09664349972460239
2025-07-14,0.00010567868217515964,0.0006069681057816937,1.9090456435990253e-05,0.23684177855685903,1.360306570272643,0.042784576441519555
2025-07-15,-5.495331374994031e-05,0.0001668713402747744,-2.214717626664699e-06,-0.12315861911067873,0.37398370425681066,-0.00496351440899959
2025-07-16,2.6013222348685416e-05,0.00026736554130607525,1.0630094910450826e-05,0.058299533266756326,0.5992062828981106,0.02382363720855687
2025-07-17,2.9432270013288433e-05,0.0004963526308250193,8.334750087984902e-06,0.06596213194028137,1.112400698573492,0.018679425159687364
2025-07-18,6.866498512578428e-05,0.000706081924154284,1.5930667760215668e-05,0.15388853141465145,1.5824355043183738,0.03570301605080735
2025-07-19,-8.07673012104376e-06,0.000259484131968993,-1.942174312509744e-06,-0.018101163710777222,0.5815428623623087,-0.004352703960481212
2025-07-20,4.2608704110901084e-05,0.0005911545037462099,8.956304192640781e-06,0.09549249721814597,1.3248659160708183,0.020072421141336887
2025-07-21,0.00024345308440647058,0.0006490108864677965,5.598602608582583e-05,0.5456148801175615,1.4545307482073022,0.12547308236224858
2025-07-22,0.0001058920014770282,0.0004439434344680648,2.0649149745770425e-05,0.23731985911024175,0.9949438281581034,0.04627784195273339
2025-07-23,0.000181736736691464,0.0012760092619327741,2.8601408280031504e-05,0.4072992874360746,2.859728157380637,0.0641000461667926
2025-07-24,8.659309256474399e-05,0.00042251807604138156,1.8257491559754545e-05,0.19406810940147598,0.9469263861201423,0.0409177772091439
2025-07-25,9.32082135154857e-05,0.0005685116972072755,2.2316636637585753e-05,0.20889358772023078,1.2741199901960856,0.05001493020032531
2025-07-26,0.0002347039921337603,0.0006802415026514105,6.422071295700676e-05,0.526006851970577,1.5245232436672087,0.14392825084359573
2025-07-27,8.784797255322384e-05,0.0005718775890239442,2.4091665984173564e-05,0.19688048368765762,1.2816634586410127,0.053993037220430584
2025-07-28,3.2309392731832344e-05,0.00020461515202827043,8.66230927237534e-06,0.07241019552094606,0.4585732479681583,0.019413534425783995
2025-07-29,0.00013869308379977596,0.0009819745360272062,3.279005692134717e-05,0.31083200475786793,2.2007522314173733,0.07348743606927721
2025-07-30,2.5024574946906768e-05,0.0004215385097656117,9.109503088836365e-06,0.0560838261422601,0.9447310311612007,0.020415762847545618
2025-07-31,0.0001176474352090804,0.00037061257324615165,1.1717701441830474e-05,0.2636655494188305,0.8305983685306128,0.026261126586358367
2025-08-01,0.00013096839676881328,0.0006002506562347867,3.290658668325065e-05,0.2935198224184259,1.345251758220592,0.0737485967451672
2025-08-02,5.559386636834052e-05,0.0006257965341461617,1.1564300801458853e-05,0.12459419361140636,1.4025039025016703,0.02591733274118951
2025-08-03,0.000127116287870057,0.0012480005904985055,1.2732415358123177e-05,0.2848866685599783,2.7969565233957256,0.028535252679857757
2025-08-04,6.061160325013909e-05,0.0005397977037225889,1.1467816095471348e-05,0.13583969462404924,1.2097676236978803,0.02570109604236561
2025-08-05,0.000138469231003241,0.0005804485345202096,1.7731040407898473e-05,0.3103303170629136,1.3008722331399678,0.03973792121016166
2025-08-06,3.869115601259299e-05,0.0004283492324830853,9.00217869036925e-06,0.08671268429762277,0.9599948823794667,0.020175232771921046
2025-08-07,8.190810173991519e-05,0.000578342561133422,2.0063054199658163e-05,0.18356834221441093,1.2961524308841688,0.044964313919563896
2025-08-08,-2.7851138791138177e-05,0.0005100563911482683,-4.547769280594025e-06,-0.062418579701759326,1.1431128810219415,-0.0101922331232033
2025-08-09,0.0002531932731450524,0.0008626945086714183,4.554970610456356e-05,0.5674441041090342,1.9334277981089492,0.10208372383624263
2025-08-10,0.00017036058528538902,0.0008325408183219995,4.3022049696430696e-05,0.3818036257123496,1.865848854982349,0.09641886667715566
2025-08-11,0.000276411772053081,0.0009346618459708077,3.638508302225464e-05,0.6194802429367625,2.094717396097476,0.08154442881532599
2025-08-13,0.0001338120387719252,0.0004107598755927627,7.974327932703174e-06,0.2998928506937002,0.9205744951847201,0.01787166504637772
2025-08-14,0.00032905026283281335,0.0008290420291654899,2.4938825659285046e-05,0.7374509965477597,1.8580075436642378,0.05589164912630668
2025-08-15,0.00022159884481923317,0.0010613175017115501,4.3917352305745103e-05,0.49663625106662446,2.3785717189608406,0.09842537412002064
2025-08-16,9.817161939108293e-05,0.0003979997213058795,2.392873681590737e-05,0.22001732479832553,0.8919770754046719,0.0536278885149708
2025-08-17,7.664673806066233e-05,0.0004360809576539246,2.0532762955043923e-05,0.1717768370046534,0.9773228382460932,0.04601700169669669
2025-08-20,0.00014968569350842664,0.00016231669063262276,-1.1700530376432686e-06,0.33546809200641037,0.3637760512113025,-0.0026222643653142116
2025-08-21,-1.6198279014907725e-05,0.00018173147870780568,-5.9623887943089355e-06,-0.03630277301426045,0.40728750350599874,-0.013362607646365472
2025-08-22,7.12723454384122e-05,0.00028070545007171266,3.1255754112975405e-05,0.1597320169792975,0.6291030194282189,0.07004883333029484
2025-08-23,5.3854629745454876e-05,0.0004447368968096034,1.6739303032087525e-05,0.1206963034540262,0.9967220962848428,0.03751528899036296
2025-08-24,4.4953729008077823e-05,0.0005865528230469983,1.3152046888777241e-05,0.10074804976645362,1.3145528593717803,0.029475709884783114
2025-08-25,2.4709255858918803e-06,0.0002593033038748645,9.85830485100446e-07,0.0055377148768215876,0.5811375994791527,0.0022093939916828643
2025-08-26,1.4134473624369457e-05,0.0003673779814726198,3.1496863870549614e-06,0.03167747556325561,0.823349163177362,0.007058919646348227
2025-08-27,0.00027716693588991507,0.0006434424965995606,8.41247458664952e-05,0.6211726783696832,1.4420511512541052,0.18853617419869573
2025-08-28,0.00020535521384011267,0.0007296353482798051,6.809293226512545e-05,0.4602318374977685,1.6352222607972853,0.1526064751459859
2025-08-29,9.471139487425284e-05,0.0006748793515406625,2.4729155493971675e-05,0.21226244262243177,1.512505858705356,0.055421746835314624
2025-08-31,4.525942758490028e-05,0.00029392389065830115,8.265387564348908e-06,0.10143316613189927,0.6587275275488517,0.018523973339840558
2025-09-01,0.0001200817927476992,0.00045348354037026565,3.529848438560912e-05,0.26912130981650606,1.016324636500821,0.07910919828080788
2025-09-02,-3.5192209404902406e-05,0.00021207424825212662,-2.533385219348519e-06,-0.07887102010779704,0.4752902014702536,-0.005677696284342933
2025-09-03,5.5291062199127227e-05,0.0004473324741211636,1.4145301358051483e-05,0.12391556404757399,1.0025391743766459,0.03170174213859708
2025-09-04,0.00013091733294956175,0.0010502505754989451,1.2275555138830038e-05,0.29340538073991035,2.353769077279461,0.02751136039938894
2025-09-05,7.559220795464113e-05,0.00047931260127071434,1.9964887029129718e-05,0.16941347685754396,1.0742114363378614,0.04474430656533407
2025-09-06,5.035935964585557e-05,0.0004596487766886481,1.454731207294656e-05,0.11286287887030921,1.0301418558757636,0.03260270845228418
2025-09-07,9.768294975188737e-05,0.0005362670366915659,3.369941102275237e-05,0.21892214283644237,1.201854869281303,0.07552543501364148
2025-09-08,0.00020469407401675798,0.0007716919867349978,6.255871371045146e-05,0.45875012398265713,1.7294774960711403,0.1402034612321783
2025-09-09,0.00031828733784266107,0.0007410833718659503,2.7069461461143255e-05,0.7133296672060799,1.6608789988573744,0.06066672355364121
2025-09-10,0.00010426378998311365,0.0006396825774573743,1.7024751027932063e-05,0.23367079292065515,1.4336246084685944,0.03815502076624994
2025-09-12,-3.6982234901710425e-06,0.00014412619289461544,1.6737395007825704e-06,-0.008288273574996832,0.3230084172057674,0.0037511012821788577
2025-09-13,1.715806311187036e-05,0.00015141452878698333,6.780229361417788e-06,0.038453793143168255,0.3393426711909477,0.015195511033341476
2025-09-14,-4.3169789583453815e-05,-2.0691665834192468e-05,3.2670222483845564e-06,-0.09674997392495752,-0.04637312688430045,0.007321886911967048
2025-09-15,0.00016353522032052796,0.0009498892373156196,3.0588372165016204e-05,0.3665069590213513,2.128844264209901,0.06855313027762606
2025-09-16,6.883929002015273e-06,0.00039612691173467664,1.0937656920265237e-05,0.015427917482866529,0.8877798282341706,0.02451292980685244
2025-09-17,1.5116747268239975e-05,0.0003376113792756382,2.003101799622543e-06,0.033878898140216024,0.7566377426635966,0.004489251598224063
2025-09-19,-8.769123819178326e-06,0.0003161026156287961,2.6305035915316924e-06,-0.01965292184735151,0.7084333770164765,0.005895353124161252
2025-09-21,5.564127921944465e-05,0.00039404809184290343,1.0816538410590959e-05,0.12470045292265838,0.8831208810337231,0.024241485058895926
2025-09-22,4.8549996701505026e-05,0.0002805944778945328,1.4939888909628092e-05,0.108807825107578,0.6288543141333323,0.033482532029813
2025-09-23,0.00013906496112499502,0.000556639304984149,3.998364042594897e-05,0.3116654376252826,1.2475121783652257,0.08960933574061554
2025-09-24,7.156714191009895e-05,0.0005029074458498898,1.938780101997533e-05,0.16039270009181827,1.1270910222664805,0.043450970255917716
2025-09-25,-1.4334098057664314e-05,0.0003435213931327271,-3.3880989246106275e-06,-0.03212486386193438,0.7698829702194114,-0.007593237904891108
2025-09-26,0.0001056757319978293,0.0006838291695109464,2.5504005593867222e-05,0.23683516676693514,1.5325637432494574,0.05715830213669553
2025-09-27,3.3695805698119185e-05,0.0004996612655629829,6.596418354014603e-06,0.07551735494033981,1.1198158453164793,0.014783562994099829
2025-09-28,1.5424705438911308e-06,0.0002663374398754964,8.403537264353722e-06,0.003456907859441608,0.5969021533769687,0.018833587540006344
2025-09-29,-7.052965410119041e-05,8.941827413856129e-05,-1.6464428135937578e-05,-0.1580675342888829,0.20039976508563664,-0.036899253116856504
2025-09-30,1.8444850584447733e-05,1.8444850584447733e-05,6.239261357277012e-06,0.041337676887335036,0.041337676887335036,0.013983120590861375
2025-10-01,3.306913140483181e-05,0.0006329462572410469,1.932483765130947e-07,0.07411288384793882,1.4185275044157724,0.00043309859902232223
2025-10-02,-4.810913596977456e-05,0.0007097990601324603,-2.086860835050199e-06,-0.10781979007866026,1.5907661636158634,-0.004676968160472754
2025-10-03,-1.598144691045291e-05,0.00026333501156576946,6.873018312077358e-07,-0.035816819743361546,0.5901732611706243,0.0015403464990112173
2025-10-04,-7.188858337483972e-06,0.00019814842859633552,-2.9157826102910726e-06,-0.016111309863052203,0.44408035074867735,-0.006534706197053838
2025-10-05,0.00010721968917179232,0.0005420738512687287,3.09290995734333e-05,0.24029540638736238,1.2148688117709114,0.06931675150900005
2025-10-06,0.00024686625384575913,0.0006625332652599297,1.4868407712180732e-05,0.5532643048064231,1.4848364274372914,0.03332233194415385
2025-10-08,-2.6637559373528626e-05,0.0002282280471801996,-5.766263364945694e-06,-0.05969876618998368,0.5114932879379044,-0.012923061140348044
2025-10-09,0.00018475186087597568,0.0009410227194682946,5.4602015669347916e-05,0.4140566330021929,2.1089730677363687,0.12237130741735909
2025-10-10,0.0001368317099303451,0.0005440230964661466,3.7374006550949424e-05,0.306660386710393,1.2192373626451045,0.0837607547816603
2025-10-11,1.4776067316286402e-05,0.0004941241330895666,4.970651956988268e-06,0.03311538326589527,1.107406300873682,0.011139976633404259
2025-10-12,3.1433440285849156e-05,0.00045238018835453477,8.095889834257429e-06,0.07044705469663085,1.0138518591307657,0.01814410350204604
2025-10-14,5.2160075504606235e-06,0.00032240136775439935,6.4935853529594564e-06,0.011689855321714827,0.7225498253427721,0.014553098813785087
2025-10-15,6.964167177851177e-05,0.00046337238966107726,2.1291004262196017e-05,0.15607743270641167,1.0384870310889234,0.04771633420222061
2025-10-16,4.359210521017876e-05,0.0003198276899841675,6.508567591722325e-06,0.09769644659179212,0.7167818274080171,0.01458667625818849
2025-10-17,8.283115513062654e-06,0.0006085428108335601,8.196603872954886e-08,0.01856370433210037,1.3638357204996334,0.00018369818769872843
2025-10-18,0.00010982347596410798,0.000438724553016781,3.374217386782448e-05,0.2461308831569606,0.9832475319935587,0.07562127296387483
2025-10-19,1.603593274631459e-05,0.0003255023871692104,9.246374089032115e-06,0.03593893067440295,0.7294996750042759,0.020722511289634326
2025-10-20,4.079605130488869e-05,0.00046237415126715954,1.5613259585252312e-05,0.09143007038195129,1.0362498291123947,0.03499165671948822
2025-10-21,3.1640793912676284e-05,0.00019279778882605393,3.872694306524876e-06,0.07091176527739446,0.43208876442751076,0.008679288845068227
2025-10-22,2.1088383256614177e-05,0.0001364147321534165,-5.777562583206293e-06,0.04726223013556086,0.30572587696562936,-0.012948384383352784
2025-10-24,-4.241296450925323e-06,0.0002499327533954443,1.4233363317591427e-06,-0.009505381540991288,0.5601367902722,0.0031899102199220027
2025-10-25,-1.2083697795078548e-05,0.0001926224439892767,-3.516265004173168e-06,-0.027081379313440287,0.43169579034656747,-0.007880477314102696
2025-10-26,-1.6452892912139336e-05,8.694296880939159e-05,-1.0611639652482813e-05,-0.036873400950041074,0.19485223454716796,-0.02378227620716186
2025-10-27,4.86608433078797e-06,0.000467219153865572,-2.1020323849174483e-07,0.010905624897945458,1.0471082066858266,-0.00047109698794577397
2025-10-29,9.84882767991635e-06,0.0001384925130420785,1.273304957914567e-06,0.02207270015484453,0.31038249560425424,0.0028536674064302318
2025-10-30,3.178660856307302e-07,0.0001520525452230505,-2.631621720407947e-07,0.000712385577811311,0.34077256172663967,-0.0005897859018692271
2025-10-31,-6.302646359418443e-06,0.00022133013848499598,-2.6364651224820994e-06,-0.014125175888410646,0.49603403986564876,-0.005908713809250757
2025-11-01,2.424950727704389e-06,0.0001787476389485757,-7.623182291599141e-06,0.005434678323394691,0.40060027102960044,-0.017084694992817416
2025-11-02,-2.9500609102660534e-05,0.0004917363287103266,-6.467681716007973e-06,-0.06611529009042766,1.1020548730891486,-0.01449504487783127
2025-11-03,-3.4967447201120344e-06,0.00022289420616579468,-3.6615484183288695e-06,-0.007836729429479087,0.4995393501484708,-0.008206079237737746
2025-11-04,-7.209132793974623e-06,0.00012529261540209633,-1.8784967949906365e-06,-0.016156747961216227,0.2807995450084082,-0.004209993092093265
2025-11-09,1.2083724406242719e-06,0.00015926216162890941,4.868834031299008e-06,0.002708143895305087,0.35693039353463035,0.010911787389245772
2025-11-10,3.333173209585736e-05,0.00026666208384877734,8.423664563200689e-06,0.07470141138663074,0.5976297292176874,0.018878695835817225
2025-11-12,8.244849881832316e-05,0.0003162707387135619,6.917255715603104e-06,0.18477945312668495,0.7088101660678993,0.015502607647023896
2025-11-14,3.6610709428867265e-05,0.00016169898904366443,2.7852914050801525e-06,0.08205009143650588,0.36239168929520854,0.006242255832495384
2025-11-15,2.369296097158257e-05,0.0002517232871629712,6.883633350230148e-06,0.053099479481462285,0.564149645025293,0.015427254882868297
2025-11-16,-0.00010147632040951075,-5.5042091094454306e-05,4.759451459667298e-06,-0.22742365548577503,-0.12335758245633627,0.010666644638833364
2025-11-19,1.6920182317141385e-05,4.11780454867478e-05,-5.43947419603757e-07,0.037920666600061416,0.09228617664262484,-0.00121906775944496
2025-11-20,3.8505231533809904e-05,4.1444444965413e-05,-1.9128465929016273e-06,0.08629599965199806,0.09288321783423534,-0.004286976141681482
2025-11-21,9.812491944338647e-06,0.00015072004212247672,6.288768626873934e-06,0.02199126632105456,0.3377862224027887,0.014094073808118519
2025-11-23,0.0001795757034757118,0.00023128417019976436,-2.1298861882259757e-05,0.4024560878445915,0.518342518043202,-0.04773394430742646
2025-11-24,1.004271887060739e-05,0.00031160348445214797,9.937533008031055e-07,0.02250723939686175,0.6983501491799314,0.00222715021009488
2025-11-25,-8.495145833672894e-05,8.916838949509701e-05,3.3669026502527402e-06,-0.1903889608513601,0.19983973611693667,0.007545733874613929
2025-11-26,4.614207846547012e-06,0.0001524369947480238,-3.212751672961821e-07,0.010341131915288836,0.34163417077953356,-0.0007200258411858385
2025-11-27,-1.4808228692150435e-05,0.0003543792317393518,-4.7843190412633815e-06,-0.03318746173341295,0.7942170152126483,-0.010722376619327428
2025-11-30,2.8272037766363703e-06,0.0002467449192036407,1.585893580254068e-06,0.006336187744008601,0.5529923756732393,0.003554225397386405
2025-12-01,-1.94462296704432e-05,0.00023624127310854727,-6.388580882430545e-06,-0.04358191762591378,0.5294521292272207,-0.014317768044659217
2025-12-02,9.069722656530023e-05,0.0006452375014164553,3.212822147797365e-05,0.2032660893168226,1.446074026299489,0.07200416356536066
2025-12-03,0.0002947501650081802,0.0006324198976646019,4.828954834410571e-05,0.6605793323080832,1.4173478536510227,0.10822412127139251
2025-12-05,6.827800570727547e-06,0.0004002170422294719,4.026476681199948e-07,0.015302125249086043,0.896946424192581,0.0009023938214071264
2025-12-06,6.859970654020439e-05,0.00040901822710239286,8.944354478186277e-06,0.15374223231257908,0.9166711996705278,0.020045640038787175
2025-12-07,-1.3073061889654753e-05,0.0002030117138648797,-4.964725012115076e-07,-0.02929869265399975,0.4549797025282752,-0.0011126693460901704
2025-12-08,-4.7064048667490084e-05,1.9797710226420996e-05,-5.469921166197739e-06,-0.10547759267114541,0.04436963827394342,-0.012258913821624064
2025-12-09,0.0002088800649544056,0.00032791230597892435,-2.1688563380639693e-05,0.4681315575725661,0.7349006645446663,-0.04860732382052065
2025-12-10,-9.482393259056963e-05,0.00017978506687742126,-5.085827514226699e-06,-0.21251465652535512,0.40292530263233267,-0.011398102333509167
2025-12-11,-1.7277009048521702e-05,0.00021602887799092798,-8.166267577509425e-07,-0.038720368829094416,0.48415311990936827,-0.0018301830581335249
2025-12-12,-3.0071099449705392e-05,0.00021864845472451076,-9.839249729034932e-06,-0.06739384453170724,0.4900239843058373,-0.022051234530226636
2025-12-13,1.2687765871624904e-05,0.000302145853968408,4.549095059267855e-06,0.028435186483192154,0.6771541806212976,0.010195204392078154
2025-12-15,1.987596393189425e-05,0.00022530897872478074,4.130893899937747e-06,0.0445450165659648,0.5049512176690424,0.009257952863845483
2025-12-16,2.223016494069428e-05,0.00014905758216168495,-1.0308941219513467e-05,0.04982113415683699,0.33406040026166023,-0.023103883614112607
2025-12-17,-3.9735769284350975e-05,0.00016044307915613566,-1.4329088696453839e-05,-0.0890538193316232,0.35957700685077343,-0.032113637132057525
2025-12-18,-8.278308235187133e-05,9.5403726484845e-05,-6.369726997660462e-06,-0.18552930501289644,0.21381406161151037,-0.014275513660806744
2025-12-19,-1.75297260548741e-05,0.00023831390634019236,-4.801472165090101e-06,-0.03928674554788109,0.5340972111943221,-0.01076081934279168
2025-12-20,-4.8641385352001825e-05,0.0004910265561193169,-3.4874941947036603e-07,-0.1090126407816389,1.100464166246807,-0.0007815997614460109
2025-12-21,2.9393105019798345e-07,0.0001842005668060567,1.0733810500784448e-06,0.0006587435731512107,0.412821100297394,0.0024056079403833065
2025-12-22,-1.750993011862828e-05,0.00016276940756836716,-5.7401555286532625e-06,-0.039242379885363776,0.36479065777184605,-0.012864549563041259
2025-12-23,-1.4498471977287837e-05,0.00012493796743986066,-5.442812745716734e-06,-0.03249325047189864,0.28000472572784374,-0.012198159785063058
2025-12-24,-3.8001352259988944e-05,0.0002712864690369751,-1.0718762525471362e-05,-0.08516673061747422,0.6079936700822167,-0.024022354633960144
2025-12-25,-6.224170309510353e-06,0.0005554246512328544,-1.1393247693460024e-05,-0.013949299289159127,1.2447899571105117,-0.025533977068197933
2025-12-26,-0.000157697788423426,0.0003341501275214611,-5.202111112842947e-06,-0.3534243985251612,0.7488805582947226,-0.01165871132054797
2025-12-27,7.640474784845257e-07,0.00011860784484042319,3.351235743035669e-07,0.001712345006405595,0.26581797146411446,0.000751062198550439
2025-12-28,-7.844211181461695e-06,0.00021756871520363708,9.648093846091244e-06,-0.017580053889332876,0.48760412607863124,0.021622825523167393
2025-12-30,-1.7152235637244134e-05,0.000303096933500668,-5.088783178534686e-07,-0.03844073289840969,0.679285692515022,-0.0011404726420573012
2026-01-01,-2.278943706287046e-05,3.223460992049405e-05,5.382375155667182e-06,-0.05107454687345213,0.07224259602331524,0.012062710080123504
2026-01-05,5.3105245698513354e-05,0.00046309378286754567,1.210961742643517e-05,0.11901682139722321,1.0378626314736,0.02713946909525518
2026-01-06,2.943705477657037e-06,0.000411108980750549,8.49334098183004e-06,0.006597285531251069,0.9213568922090929,0.019034851141428395
2026-01-07,8.203327901151951e-05,0.0001590128983374538,3.3875287808032295e-06,0.18384888325666696,0.3563717571089846,0.007591960127097158
2026-01-08,-7.75366641435107e-05,6.93215255723605e-05,-1.6091745816433935e-06,-0.17377129484522902,0.15535993703649575,-0.0036064016136500916
2026-01-09,-4.314181890663372e-05,0.00013117651727817195,-9.549893171395097e-06,-0.09668728744260216,0.2939862516979751,-0.021402743081072123
2026-01-16,6.189376227482487e-05,0.0002583096211310704,6.153078474402956e-06,0.13871320532222375,0.5789106073978983,0.013789971822908184
2026-01-23,-2.399917376588405e-05,0.00016971028747335792,-5.222815864038547e-06,-0.053785748285411036,0.3803462107709161,-0.01170511377368999
2026-01-24,1.1527009380623454e-06,0.00024372486334543,2.3662814283905586e-07,0.0025833757073384254,0.5462239774866104,0.00053031916232375
2026-01-25,2.2780866924535982e-05,0.0002090806633814826,8.60299792680974e-06,0.05105533990792382,0.46858112873740976,0.01928060880366965
2026-01-26,-6.961476133032601e-05,0.00046088144879560377,-6.250607766471454e-06,-0.15601712235546014,1.0329044589682674,-0.014008549595827499
2026-01-28,-1.6690879096540442e-06,0.00016889245415270635,-3.4978715867291376e-07,-0.0037406763687211613,0.37851332362433787,-0.0007839254906598006
2026-01-29,4.7943378759382485e-05,0.00011064343370493448,6.017734975747845e-06,0.10744830330659005,0.24796853144781392,0.013486646740897282
2026-01-30,2.3347856802938462e-05,0.0002744408349117964,4.561160429426098e-06,0.05232604927390554,0.6150630771625726,0.010222244696408301
2026-01-31,-5.1092278962156026e-05,0.00016774626778725377,-1.569616311102505e-05,-0.11450546099603598,0.3759445480514038,-0.03517745595627379
2026-02-01,-8.401634147255005e-05,9.22976027831161e-05,-1.0190295652528806e-05,-0.18829322369120557,0.20685277247738068,-0.022837981101664937
2026-02-02,-5.2602521314473925e-05,0.00027810557032609387,-8.843687593910101e-06,-0.11789014064393324,0.6232762989363253,-0.019820030451091625
2026-02-03,-3.627338625702522e-05,0.00012560433248894049,-1.2914594854571387e-05,-0.08129409960993207,0.28149814975758897,-0.028943544258322663
2026-02-04,-3.104494185237485e-05,9.288003725168475e-05,-7.962031084968705e-08,-0.0695763714324499,0.2081580954866133,-0.00017844105966077615
2026-02-05,4.671650889951018e-05,0.00016833194478669796,7.72986897647282e-06,0.10469870392013725,0.37725713805870814,0.01732379585662206
2026-02-10,-9.878548357104795e-05,0.00023967168794647513,-1.4556916654580544e-05,-0.2213930865052541,0.5371402034412428,-0.032624233760413186
2026-02-13,1.7874472666142942e-05,0.00025789208792228167,2.624994064382431e-06,0.040059374415726254,0.5779748528470215,0.0058830054473906854
2026-02-14,3.4735859752776076e-06,0.00017083952303183968,1.319150067790341e-06,0.00778482720849341,0.38287699704280753,0.002956413174428323
2026-02-17,1.6139509379692443e-06,0.00015003710078672245,-4.39686197324843e-06,0.003617106144629772,0.336255648428163,-0.009854027211345718
2026-02-20,-2.615816878953433e-05,0.00019235203056372735,3.4784978401592532e-06,-0.05862437998266486,0.43108975329789756,0.007795835434472911
2026-02-21,-6.316151084330784e-05,0.0002331057420309047,-1.4793994039715438e-05,-0.14155442002647936,0.5224249337525622,-0.03315555974210826
2026-02-22,-0.00021584396175613915,-7.145868761606568e-05,-1.7918778846969998e-05,-0.4837386948897713,-0.16014963775074562,-0.04015867121288681
2026-02-24,2.3819636005093507e-05,0.0002321923434448293,-4.97422262967067e-06,0.05338337723281532,0.5203778705113792,-0.011147979046486423
2026-02-25,-1.923849532319932e-06,0.00014840185855298808,1.265747987718751e-06,-0.004311635379358816,0.33259082529602924,0.002836731102675879
2026-02-26,-0.00015879978731861736,-9.242164772783143e-05,-1.4601908439852862e-06,-0.3558941433491193,-0.20713077580522943,-0.003272506709997624
2026-03-01,3.716712164087888e-05,0.00024741334369840793,1.2143988260161194e-05,0.0832970946654557,0.554490415229687,0.02721649928926026
2026-03-03,-3.376147685596157e-05,0.00032999272902203353,3.89956891187977e-06,-0.07566453385573828,0.7395632046477305,0.008739518866859348
2026-03-06,5.212689929171571e-05,0.00020062150175061954,9.657495024288942e-07,0.11682420034762867,0.449622878648401,0.0021643894973685162
2026-03-07,-4.206682297202746e-05,0.00012231921087217242,1.4786477834758518e-06,-0.09427806030375935,0.2741356994461692,0.0033138714799369052
2026-03-08,-7.224861709674858e-05,0.00013483816001582288,-1.0061897957976799e-05,-0.1619199882063781,0.30219254231946147,-0.0225502226085197
2026-03-09,5.1246063684927615e-05,0.0002762482338011748,1.0494284937055693e-06,0.11485011562747553,0.6191137291835029,0.002351926668668237
2026-03-10,-9.477078139309793e-05,9.335058092233098e-05,7.231849582679939e-06,-0.21239553671914144,0.2092126544340821,0.016207659692223146
2026-03-11,-1.1572120687952693e-05,0.00011717514184600565,-4.966232723702213e-06,-0.025934858279805177,0.26260706914817555,-0.011130072468725216
2026-03-12,-8.974892022897295e-06,0.00011668289906696827,-4.3995000305649645e-06,-0.020114079257116273,0.261503879243936,-0.00985993949350067
2026-03-13,-8.759981286575358e-06,0.00016418268616386785,-5.071806224677831e-06,-0.019632432060408364,0.36795802709615244,-0.011366678520436721
2026-03-14,1.3597888025619377e-05,0.0002633645039012986,5.012358019407944e-06,0.030474906748616866,0.5902393579183953,0.011233446175196114
2026-03-15,-1.3880633307791953e-05,0.000526259468381329,-3.301600336384241e-06,-0.031108581337757936,1.1794264075628156,-0.0073993815938875425
2026-03-16,6.469814560974289e-06,0.00017943769314281646,2.8072433851653456e-06,0.014499824903327529,0.40214678598702314,0.006291453512663314
2026-03-17,1.0746521174718748e-05,0.00011880335095367162,6.253770011381273e-06,0.024084565930720923,0.2662561299898212,0.014015636661007141
2026-03-18,-1.1666470085076428e-05,0.00021385098808655254,-4.319873739601891e-06,-0.026146309431169037,0.47927214195017726,-0.009681485031508778
2026-03-19,-5.6590058336971964e-05,0.0002770846729627954,-8.393700443117611e-06,-0.12682680924190473,0.6209883148105689,-0.018811541748093037
2026-03-20,-1.3090124232066966e-05,0.0005454611032039276,-3.7612154868238604e-06,-0.02933693192269688,1.2224601514454825,-0.008429448088295296
2026-03-21,3.791285302783061e-05,0.000618806863212529,-1.5786951923888687e-07,0.08496839056332257,1.3868390014887593,-0.0003538092730422313
2026-03-22,2.1690776207448726e-05,0.0004512197354261929,7.169330132229646e-06,0.04861228309732372,1.0112511100504122,0.01606754422584647
2026-03-23,-2.98348151202771e-05,0.00017164237395152443,-1.1842538257178992e-05,-0.06686429590680902,0.384676306381459,-0.0265409046150767
2026-03-24,1.487975464811384e-05,0.00030875170030972743,5.997007842611316e-06,0.03334776212962033,0.6919588731491456,0.013440194126468352
2026-03-25,-9.802374877611534e-05,5.7148357669244085e-05,-7.005566928347492e-06,-0.2196859245695909,0.1280780417904264,-0.01570052632146598
2026-03-27,1.2882485711155149e-05,0.00018976135842064753,1.2563266837598963e-05,0.028871582851555364,0.4252836684244342,0.028156165473084915
2026-03-28,7.179558243812304e-06,0.00021362815127657026,6.918216755941975e-06,0.016090466958119946,0.47877273123348546,0.015504761482579359
2026-03-29,0.00031684813872399925,0.00125853049825984,7.363612744505043e-05,0.710104206101291,2.8205556261750404,0.16502960702347477
2026-03-30,4.2374374872760795e-05,0.00027257031421687016,1.253996219640136e-05,0.09496733024608786,0.6108709597071386,0.02810393627646491
2026-04-01,0.0004228344151447723,0.0004228344159843154,7.492250643549321e-06,0.9476353495017065,0.9476353513832484,0.016791257529790563
2026-04-02,-1.2255856562121464e-06,0.0003700755399692239,-6.348615723586215e-07,-0.002746721293419852,0.8293947964020262,-0.0014228200128915246
2026-04-03,0.0002149347682957273,0.0006836776904983944,7.31448808801835e-05,0.48170105596596924,1.5322242560604766,0.16392864978462324
2026-04-04,0.0001265854577926267,0.0005498502875696996,3.551721323815358e-05,0.2836969987319453,1.2322969719868322,0.0795994024486879
2026-04-06,4.821512118654266e-05,0.00038249396535214504,1.222342337579697e-05,0.10805731884722009,0.8572263504489599,0.027394525298667382
2026-04-07,0.0002010308542480411,0.0004267801680854555,2.2359935916510264e-05,0.45054029899799736,0.9564783737047187,0.05011197037928698
2026-04-08,-2.187307419740156e-05,0.00012220881123553375,-9.717159273544232e-06,-0.04902084023750651,0.27388827730051646,-0.021777611505903658
2026-04-10,4.5241990986806385e-05,0.00027900591477271084,1.1782528051344353e-05,0.10139408810008113,0.6252941058928609,0.0264064127422704
2026-04-11,-9.710619837954683e-05,0.00046855859521889234,-1.3418027396658466e-05,-0.21762955649832139,1.0501100956748206,-0.030071812100021123
2026-04-12,5.950225611967386e-05,0.000461496777128956,1.6132857910019034e-05,0.13335348130260707,1.0342835020625598,0.03615615450503916
2026-04-13,0.00022351814913907104,0.0006479978934745307,5.6940496835947316e-05,0.5009376999430291,1.4522604789604445,0.12761219448388333
2026-04-14,0.0001686804341504456,0.0006330066822734264,5.183789271467365e-05,0.37803815499627114,1.4186629259770898,0.11617649325749087
2026-04-15,3.2841481151827046e-05,0.00023754504087816056,9.251918041900651e-06,0.07360268548341718,0.5323740683640895,0.020734936119605644
2026-04-16,0.0002284452542623673,0.0012744079180521464,4.9517671372144104e-05,0.5119800815901044,2.856139305542568,0.11097652919568077
2026-04-17,0.00011844632600658964,0.0002949892058610911,1.2353877874848651e-05,0.26545598352966837,0.6611150587155843,0.027686893399217056
2026-04-18,0.0001719218418043474,0.0005459519497936294,4.3310137892150196e-05,0.3853026357598132,1.2235602122799927,0.09706451553699241
2026-04-19,0.00025160118649474093,0.0008318588776837617,8.295416818637075e-05,0.5638759991126887,1.8643205237209626,0.18591273403088482
2026-04-20,0.00022610647455436527,0.0006384343892440709,5.8379426377476306e-05,0.5067385254475157,1.4308272314543495,0.13083705142588103
2026-04-21,0.00021594247650799425,0.0008759147565630127,4.010476234414073e-05,0.48395948122589133,1.963056356671196,0.089880788127571
2026-04-22,6.709477343533775e-05,0.0003635581947615948,1.3817675470974271e-05,0.1503694514846072,0.8147884481899482,0.030967483381773988
2026-04-23,0.00015487379456792568,0.0008353476888652873,1.8183767771775737e-05,0.34709540469590666,1.8721394729004386,0.04075255114171519
2026-04-24,-0.00011683228776779486,0.00026654524846626447,-1.0053252214726599e-06,-0.26183868173079344,0.5973678836001687,-0.002253084620103452
2026-04-25,9.288669109770586e-05,0.0005611039578529019,1.6417461162796124e-05,0.2081730077536235,1.257518135142031,0.03679399308500053
2026-04-26,6.93719099260804e-05,0.0006340589629683946,1.966448463899376e-05,0.1554728559308351,1.4210212448566177,0.04407105974868086
2026-04-27,0.0001602155268812618,0.0007928893356748352,3.1896976356180963e-05,0.3590670280699399,1.776983934647657,0.07148590856065497
2026-04-28,0.00021223830520038798,0.0008762958133091698,4.309420373120196e-05,0.4756578776998495,1.963910361997846,0.09658057469218327
2026-04-29,0.0002034618436391949,0.0006314102778350018,5.146287749011953e-05,0.45598851087198167,1.4150851441699142,0.11533602788698138
2026-04-30,0.00012245062475693924,0.0004347843393803416,1.965180952652682e-05,0.2744302176740144,0.9744169222022526,0.04404265292037558
2026-05-01,7.027309669982943e-05,0.0004660655758012615,1.8137862797850478e-05,0.15749255066882273,1.044522865206997,0.0406496712094026
2026-05-02,7.685994763646583e-05,0.0008985955174051765,1.1672208257877483e-05,0.1722546716454654,2.0138873438326113,0.026159169537142122
2026-05-03,8.113526079007126e-05,0.0005229693993048177,1.177931506192307e-05,0.18183628971966823,1.1720528692519923,0.02639921195102889
2026-05-04,-4.157145252853245e-05,0.00012025296166492487,-3.2144094920003094e-06,-0.09316786083432049,0.2695049250353464,-0.007203973832996494
2026-05-05,0.00014104808857226563,0.000533871159506757,6.945352235106674e-06,0.31610992370373314,1.1964853491285685,0.015565576161709322
2026-05-06,0.00014012849067030527,0.0004174171731094992,3.4597361213835285e-05,0.3140489668657547,0.9354944975143541,0.07753787608438695
2026-05-07,0.0001300451886507696,0.00065415740741413,3.0158957938329895e-05,0.29145077454467233,1.4660648736261777,0.06759074858348804
2026-05-08,-6.307845404091657e-05,-2.772139493529114e-05,1.4253945060580756e-05,-0.14136827727380016,-0.06212780425922774,0.03194522897252056
2026-05-09,2.9705948800545147e-05,0.00019333736145615363,-4.113283101375329e-06,0.06657548715434176,0.4332980276274587,-0.009218484422647319
2026-05-10,0.0002140905790981429,0.0005698577622119756,6.592965580354333e-05,0.47980910134580296,1.277136723781369,0.14775824810411115
2026-05-11,0.00020211017676762658,0.0004967445945969825,6.799354275877653e-05,0.45295922266276634,1.1132791481810274,0.15238372835383204
2026-05-12,0.00023305896117013707,0.0006451718164907467,5.5791866237130123e-05,0.5223200908264527,1.445926816528237,0.12503794101734417
2026-05-13,0.00027690628435704664,0.001408657151486092,5.349145871421625e-05,0.6205885191867951,3.157011975053055,0.11988238269736576
2026-05-14,4.3500052530870496e-05,0.00030525260824641693,1.678864379086481e-08,0.09749014272956041,0.6841168829714573,3.762586903189667e-05
2026-05-15,7.737384319640586e-05,0.0007348824824176042,1.6632076507257485e-05,0.17340638867962502,1.6469818754702137,0.037274978264240116
2026-05-18,8.18308744399395e-05,0.0007490711373087104,1.6124393145535455e-05,0.18339526425107042,1.6787807793794165,0.03613718369811678
2026-05-19,8.387351503432717e-05,0.0005265930776977408,1.6733831153697032e-05,0.18797312821918236,1.1801740760822919,0.037503025690108105
2026-05-20,2.8040855686103255e-05,0.00034115863410331157,-6.374128536487587e-07,0.06284376372091031,0.7645876728206368,-0.0014285378169549155
2026-05-21,0.00014842582370937611,0.0007524034615997753,1.4009176919134732e-05,0.33264453480626827,1.6862490179643366,0.0313966668523188
2026-05-22,3.2105203031000105e-05,0.0003232036454913316,1.5081486670433614e-05,0.0719525757729259,0.7243478500928978,0.0337998738514423
2026-05-23,5.41143698169306e-05,0.0006874309276821028,2.8072409186372313e-06,0.12127841991521403,1.5406358235747448,0.006291447984803831
2026-05-26,3.451756512427943e-05,0.00021618675198625733,1.556253871687621e-05,0.07735904107827886,0.4845069392140006,0.03487798364532712
2026-05-27,1.2379259288159589e-05,0.0002661712980916936,4.209269203574641e-06,0.02774377695365886,0.596529804718199,0.009433603675591307
2026-05-28,1.760253203069603e-05,0.00024252076581987944,6.7635822842697525e-06,0.03944991466059441,0.5435254143172228,0.015158202436391157
2026-05-29,-2.6293502288664506e-05,0.0004937325235356593,4.686762782678819e-06,-0.05892768265424046,1.1065286451219427,0.010503738410400634
2026-05-30,3.712213972791246e-05,0.0006391275077088292,1.1020743543809835e-05,0.08319628345121102,1.4323806139016426,0.02469913939320941
2026-05-31,2.1520277024312602e-05,0.0005693641051501599,7.583409736179295e-06,0.04823016885303819,1.276030364257281,0.01699555873023823
2026-06-01,0.00020286224625170273,0.000792351503918683,5.968626859507915e-05,0.4546447231870036,1.7757785730073565,0.13376588086186164
2026-06-02,1.604805269043729e-05,0.0004641198334946601,4.780130239818447e-06,0.03596609328717353,1.0401621648365575,0.010712988886969112
2026-06-03,-9.415225570250557e-06,0.0005497463572992534,1.4118478321784237e-06,-0.021100932786767036,1.2320640486612218,0.0031641627690866744
2026-06-04,-4.638460995283228e-05,6.739538429066338e-05,1.1480281555777113e-05,-0.10395486859579008,0.15104316550302024,0.025729033008729876
2026-06-05,8.358524329946133e-05,0.00030244016305667744,2.4487650520560882e-05,0.18732706802058777,0.6778137714344726,0.05488049796415502
2026-06-06,7.796923316881614e-05,0.0005156925244382223,3.201317678258421e-05,0.1747407469162923,1.155744301144722,0.0717463311462886
2026-06-07,0.0001392152078897435,0.0007036337582454605,2.910074727282613e-05,0.31200216316209867,1.576948797291814,0.06521913975049429
2026-06-08,0.00016793545472475335,0.0007059480982102291,3.6212287459653484e-05,0.37636854435638095,1.582135580303855,0.08115716804020241
2026-06-09,-6.54845297335217e-06,0.0005627507925964825,-5.632695282049769e-07,-0.014676065381228216,1.2612089388276067,-0.001262371503136584
2026-06-10,0.0002412078404662226,0.0012066254217570954,6.479430236455014e-05,0.5405829516608748,2.7042285639709145,0.14521375074431153
2026-06-11,0.00030649181645729683,0.001707095856332334,9.870942034761986e-05,0.6868941344532709,3.8258578784192108,0.22122261741206828
2026-06-12,0.00032929575798201825,0.0010102210035499012,8.34519709959885e-05,0.7380011880014002,2.2640568021058614,0.18702838479765962
2026-06-14,0.0002090562542211882,0.0010770676515295286,2.8159208529881357e-05,0.468526424147816,2.413870167225403,0.0631090101967436
2026-06-15,0.00022178687581459068,0.000232875914519779,5.318750588687307e-05,0.4970576567318699,0.5219098558260027,0.11920117881836559
2026-06-16,9.979457829647616e-05,0.00036609158352194466,1.610187105512285e-05,0.22365461914914755,0.8204661524102063,0.03608670831518858
2026-06-17,0.00021421574041589246,0.0007962604022406029,6.9790177333442e-05,0.4800896066330774,1.7845390004815274,0.15641025593084357
2026-06-18,0.00014137485700359547,0.0005744201207858011,4.2132117992256816e-05,0.316842260773608,1.2873616536990984,0.09442439623834636
2026-06-19,6.671760564837793e-05,0.000688613418450619,1.46149998869253e-05,0.1495241618988622,1.5432859627606048,0.032754406996582636
2026-06-20,0.00021282674347839958,0.0013586435321005235,4.507745176720835e-05,0.4769766561466153,3.044923951967088,0.101025331028079
2026-06-21,0.00042618646178458063,0.001308568629887937,0.0001359357948242146,0.9551477888285129,2.93269858487335,0.30465250657028853
2026-06-22,0.000583145686789988,0.0026779859728909517,0.00020691476338178809,1.3069169559493816,6.001768263144557,0.4637270219530944
2026-06-23,0.00041815477692039554,0.0014670354811270883,0.00013548629311249048,0.9371475782951445,3.287846568527974,0.30364510580905807
2026-06-24,0.00010052028812483005,0.0004579755886850784,2.2568468392191828e-05,0.22528104373096286,1.0263919905815635,0.05057932293716072
2026-06-25,0.00028650193704372,0.0003700514212939257,4.3237958114223904e-05,0.6420938162055331,0.8293407428328815,0.09690274982769291
2026-06-26,0.0003407295151720751,0.0019006865339361773,0.00010057794236898774,0.7636259529278961,4.259723625531064,0.2254102555402569
2026-06-27,0.00033404674964429126,0.0016213767282420456,9.404105956823152e-05,0.7486488729653034,3.6337484544996603,0.2107601206513421
2026-06-28,0.0004752704308196012,0.002220791610091787,0.00014576740333766664,1.0651523260313494,4.977127116957209,0.3266866159902116
2026-06-29,0.00031145377563042865,0.00138840619363125,7.831840611250451e-05,0.6980146292541352,3.111626540856676,0.1755232958590395
2026-06-30,0.0006581816601533246,0.001930658295367178,0.00010317828932293094,1.4750838276526235,4.3268948386621515,0.23123802311608668
2026-07-01,0.0003157092481551687,0.0020963800056722215,7.12872743511069e-05,0.7075517815029563,4.698302049712299,0.15976547491198326
2026-07-02,0.0003742752279314902,0.0029389199937665707,0.00010453874525022384,0.8388069270786592,6.58656054402995,0.23428700891753917
2026-07-03,0.0007473301492453155,0.004375607702510394,0.00018535815292255618,1.6748789639811388,9.80639320248117,0.41541542442238677
2026-07-04,3.982373778822046e-05,0.0005059882725613751,1.3185497322351146e-05,0.08925096994407028,1.133995617050926,0.029550677323987272
2026-07-05,-4.112388881764695e-06,0.0006595873025900707,-5.109110393862095e-07,-0.009216480342366946,1.4782340831997371,-0.0011450282759204035
2026-07-06,0.00018334789460637123,0.0006089329757334882,4.7998032465882e-05,0.4109101339970689,1.3647101385651073,0.10757079046091146
2026-07-07,0.00037883093653909224,0.001489436344452797,0.00011883629388613591,0.8490169534245866,3.3380502633703864,0.2663299600429135
2026-07-08,0.0002562585583815267,0.001092785486784416,7.558995318707574e-05,0.5743138681167587,2.449096193706894,0.1694084235852148
2026-07-09,0.0003112027249223603,0.0017753217737497239,6.946873343473602e-05,0.6974519869597479,3.978762393239194,0.15568985193725865
2026-07-10,0.0005017240840170605,0.0019671388552737227,7.156558325397002e-05,1.1244389308948353,4.408653245496704,0.16038920690963493
2026-07-11,0.0004297288937982859,0.0016586979544447199,5.9646568870569226e-05,0.9630869103360286,3.7173909206037843,0.13367690782427621
2026-07-12,0.0006955766851384126,0.00261634333521956,0.0001223600310241287,1.5588916878979535,5.863617865727318,0.274227183529726
2026-07-13,0.0003756498202261834,0.0015053678471960133,8.793112866806646e-05,0.8418875945999109,3.3737551507433454,0.19706684901443716
2026-07-14,0.0003087114165954858,0.0016105317128463938,7.698948993401736e-05,0.691868591302973,3.6094431482456955,0.172544995365623
2026-07-15,8.412897326050771e-05,0.0008250164873355855,1.846463262081006e-05,0.18854564842278687,1.8489857005921477,0.04138201139812847
2026-07-16,0.0002928711860728196,0.0011597186748837092,5.439935219046265e-05,0.6563682586670996,2.599103508215625,0.12191710816165538
2026-07-17,0.0001887128377122207,0.0007221471721372302,5.4648681405983094e-05,0.42293377623874345,1.6184401348353534,0.12247589233301902
2026-07-18,0.00032095564514802625,0.001033618988870653,9.650643420199405e-05,0.719309744123499,2.316495196907464,0.21628539501179897
2026-07-19,0.0006786998774099283,0.00196598724713094,0.0001933496988402803,1.521068230257261,4.406072318907507,0.4333256775558942
2026-07-20,0.0003423588194461729,0.0013305166042687166,7.995635554793151e-05,0.7672774682017904,2.9818872876568343,0.17919418623624672
2026-07-21,0.00020430091055983517,0.0012588204985270954,2.823384227928789e-05,0.4578689857011746,2.821205560274,0.06327627562422605
2026-07-22,0.00013168124135602035,0.000811861446356218,2.7546446211498032e-05,0.295117414065045,1.819503280501238,0.06173571792689882
2026-07-23,0.00020907952230056077,0.0009120079795156049,5.810244037601842e-05,0.4685785714039018,2.0439466832913977,0.13021628424871368
2026-07-24,0.0005030375942660887,0.0027326707197183027,0.0001391822426437019,1.1273827043894449,6.124324983496674,0.31192828310093257
2026-07-25,0.0004006452630558154,0.0009590111552370648,8.478864916011992e-05,0.8979061312975407,2.149287850559548,0.19002408106520277
2026-07-26,0.0005140785864637631,0.0011296282570643936,7.901673993667555e-05,1.1521272240532627,2.5316663683198657,0.1770883667090804
2026-07-27,0.0002576963518169879,0.0009637303883210673,4.0409233035007726e-05,0.5775361788746425,2.15986435978576,0.09056315261640757
2026-07-28,0.00017967302136958415,0.0006724357900235291,4.033203110571448e-05,0.4026741918424435,1.5070294708112324,0.09039013151257201
2026-07-29,0.0002481414554699392,0.0009802666272072588,6.464472879919256e-05,0.5561222229264543,2.196924551565548,0.1448785339483104
2026-07-30,0.0001966963268720717,0.0007906588371812991,5.964284296864527e-05,0.4408259729693435,1.7719850529488685,0.13366855751917936
2026-07-31,0.00011978554990853205,0.00011978554990853205,1.90467450753834e-05,0.2684573851775066,0.2684573851775066,0.04268661272569551
2026-08-01,0.0003012145810438661,0.0010613771164121018,6.986471229713018e-05,0.6750670583064605,2.3787053244469822,0.1565772999647133
2026-08-02,9.686325505613405e-05,0.0004743326436525577,2.3386986803385922e-05,0.21708508406905483,1.0630506043219297,0.052413745474408364
2026-08-03,0.00014117046793814142,0.0008402669092208888,4.297099892267195e-05,0.31638419421956565,1.883164183600395,0.09630445423554625
2026-08-04,0.0003608377793397519,0.0013156956225567197,0.00012469898726177558,0.808691589167285,2.9486712444929926,0.27946913530172834
2026-08-05,5.9739280408838475e-05,0.0005274224463389495,1.7425216834513066e-05,0.13388468828826836,1.1820328156125366,0.03905252470866896
2026-08-06,0.00021534458146041662,0.0007555656639866324,4.815136277942709e-05,0.4826195087400127,1.6933359878436414,0.10791442669311303
2026-08-07,9.951814634368766e-05,0.0004954948492427043,2.2083600520457012e-05,0.2230350936781556,1.110478281380287,0.049492661306422235
2026-08-08,5.029128878672852e-05,0.0004885112694761829,1.5027416267768795e-05,0.11271032186437663,1.0948270315865474,0.03367869396851004
2026-08-09,0.0005344872079850652,0.002076238163837844,0.0001287615225346633,1.197866006175729,4.653161160885184,0.28857388622856067
2026-08-10,0.0008467653149528861,0.003390441054293711,0.00018673015600388182,1.8977280856066607,7.598486968830351,0.41849028912809977
2026-08-11,0.00032645630116374995,0.0013452341195574573,6.312161719718134e-05,0.7316375393531382,3.0148714470461955,0.14146501238146297
2026-08-12,6.922624365602964e-05,0.0006953793315966235,1.2942300069728504e-05,0.15514639596971083,1.5584493890077729,0.029005635801272037
2026-08-13,0.00034238855959539986,0.0014378669643652828,8.497793274218019e-05,0.7673441203372304,3.222475547187254,0.19044829396513713
2026-08-14,0.00030707875494100025,0.001084784485688315,0.00011588615598855892,0.6882095516360227,2.431164750100367,0.25971825849375885
2026-08-15,0.00020645578082387835,0.0009321530940424639,5.961171553291644e-05,0.462698373193435,2.0890949067132683,0.13359879626659568
2026-08-16,0.000321804796577265,0.0017598125740774077,7.776192406290572e-05,0.7212128198491375,3.9440039503935824,0.17427613611358117
2026-08-17,0.00041754122226979204,0.0018084021903386636,0.00011999326006255588,0.9357725102899445,4.052900568877496,0.2689228947891971
2026-08-18,7.694223052704545e-05,0.00040333207170373047,1.7725148071261155e-05,0.1724390799456879,0.9039276724988156,0.03972471559990694
2026-08-19,0.0002103292501807053,0.001045777355966715,6.140076119408772e-05,0.4713793990424877,2.3437439213248035,0.13760831595012968
2026-08-20,0.0001772087850097141,0.0012783501057051889,5.435189421823867e-05,0.39715146852452077,2.864974339401184,0.1218107477272056
2026-08-21,0.0003840066427821371,0.003466321899242638,9.518017229069704e-05,0.8606164874711866,7.768547324487638,0.2133130431292957
2026-08-22,0.0003453328968714546,0.0018347089148286683,6.653829795749008e-05,0.7739428218234605,4.11185788446827,0.1491223064674289
2026-08-23,0.0005629908223312846,0.0021747725253031293,0.00012383788516609666,1.2617468814677586,4.873991445083108,0.27753927633999753
2026-08-24,0.0007090181001165152,0.0060257180358424655,0.0001680723000187407,1.589015915076128,13.504537976028342,0.37667523518700075
2026-08-25,0.0006550693888655874,0.00602748024795557,0.0001823749418336986,1.4681087608561112,13.508487357705626,0.4087296008905937
2026-08-26,0.0004874135471336498,0.0033229251010078176,0.00013805859692497734,1.0923668711585794,7.447173590123671,0.309410024498413
2026-08-27,0.00046786172004246616,0.0020596895906465503,0.00011918647548252792,1.0485482938731732,4.616073326077516,0.2671147695276675
2026-08-28,0.001059056019698022,0.0033832606268058532,0.00023053752110054637,2.3735033985462217,7.582394553765938,0.5166691654144895
2026-08-29,0.0013765153848148922,0.019411799985191543,0.00037137885575235185,3.0849774546778956,43.50475553681203,0.8323157225693834
2026-08-30,0.0011534822868629277,0.006423545127993157,0.00033244530067499847,2.5851268272028505,14.396128163601864,0.7450597856077729
2026-08-31,0.002287111760686282,0.015984471505259747,0.0007475284473586439,5.125760522462061,35.823598314012884,1.6753233797978246
2026-09-01,0.00028451571349717535,0.0028933165831324537,0.00012462126655245323,0.6376423913041945,6.484356460287299,0.27929495153403056
2026-09-02,0.0006640218923251752,0.002430472846729609,0.00012158603609723127,1.4881726639845665,5.447054220448064,0.27249254479930984
